word,neg_docs_with_word,pos_docs_with_word,neg_docs_without_word,pos_docs_without_word,neg_rate,pos_rate,doc_freq_total,odds_ratio_neg_vs_pos,log2_odds_neg_vs_pos,chi_square_df1,p_value,n_negative_docs,n_positive_docs,favours,p_value_fdr_bh,significant_5pct
bad,249,225,1208,8108,0.17089910775566233,0.027001080043201727,474,7.423656527534546,2.892129962420531,557.3724350614559,3.134766121117013e-123,1457,8333,negative,8.357286478897958e-120,True
refund,55,6,1402,8327,0.03774879890185312,0.0007200288011520461,61,50.69806663924311,5.663858826274572,274.614940628952,1.1197832758427028e-61,1457,8333,negative,1.492671106698323e-58,True
needs,105,87,1352,8246,0.0720658888126287,0.010440417616704669,192,7.351514127277528,2.878041419873593,244.95265836786504,3.272275210958003e-55,1457,8333,negative,2.9079619041380122e-52,True
boring,91,63,1366,8270,0.06245710363761153,0.007560302412096484,154,8.721064504697615,3.124504243020121,241.39050979062318,1.9566623985178608e-54,1457,8333,negative,1.3041154886121542e-51,True
waste,63,26,1394,8307,0.043239533287577216,0.0031201248049922,89,14.275117205734118,3.8354306857600484,221.58795861257482,4.0739421564772007e-50,1457,8333,negative,2.1722259578336435e-47,True
unplayable,34,0,1423,8333,0.023335621139327384,0.0,34,403.94204425711274,8.658004506363842,195.13341595323985,2.4093147323839627e-44,1457,8333,negative,1.070538846089274e-41,True
awful,41,7,1416,8326,0.028140013726835965,0.0008400336013440538,48,32.5261560183551,5.023528427843046,189.44315790417747,4.206089963136917e-43,1457,8333,negative,1.6019194059604314e-40,True
tried,81,68,1376,8265,0.055593685655456415,0.008160326413056522,149,7.144304421719107,2.8367935555917474,186.16714529863958,2.1827514801577155e-42,1457,8333,negative,7.274019307625587e-40,True
poorly,38,7,1419,8326,0.02608098833218943,0.0008400336013440538,45,30.11109545614653,4.91222328984473,172.687468892728,1.9152378934871747e-39,1457,8333,negative,5.673360248929786e-37,True
positive,67,56,1390,8277,0.04598490048043926,0.00672026881075243,123,7.111865280522381,2.830227995573318,154.1167531657669,2.183804498544612e-35,1457,8333,negative,5.822022793119935e-33,True
price,162,305,1295,8028,0.11118737131091283,0.03660146405856234,467,3.296394228795257,1.72088879043281,151.8744136348606,6.749535864546697e-35,1457,8333,negative,1.6358420558983173e-32,True
trash,44,20,1413,8313,0.030199039121482498,0.0024000960038401535,64,12.767158152656872,3.674365525539868,147.56588131750186,5.902395560424929e-34,1457,8333,negative,1.3113155470077385e-31,True
terrible,39,14,1418,8319,0.026767330130404943,0.0016800672026881075,53,15.977064164428183,3.9979304277752106,144.9603232370717,2.1909642254204595e-33,1457,8333,negative,4.49316201920842e-31,True
felt,121,193,1336,8140,0.08304735758407687,0.023160926437057482,314,3.824524312896406,1.9352803192818457,143.26687585748675,5.13901811070938e-33,1457,8333,negative,9.786158773679434e-31,True
happening,48,28,1409,8305,0.032944406314344546,0.003360134405376215,76,10.027613375403746,3.3259063727035163,140.91385783149804,1.6802683193506463e-32,1457,8333,negative,2.986396892925882e-30,True
unless,49,31,1408,8302,0.033630748112560054,0.003720148805952238,80,9.262893655864902,3.211462950594833,136.89407081993488,1.2719247749563307e-31,1457,8333,negative,2.119344656270986e-29,True
sadly,38,15,1419,8318,0.02608098833218943,0.0018000720028801152,53,14.555886329807178,3.8635307848932507,135.7915453028191,2.216169089488084e-31,1457,8333,negative,3.4754745838677835e-29,True
either,89,116,1368,8217,0.06108442004118051,0.013920556822272891,205,4.6130909912014815,2.2057337492126923,134.5601273587374,4.120518149808299e-31,1457,8333,negative,5.951826641464813e-29,True
sorry,46,27,1411,8306,0.031571722717913524,0.0032401296051842074,73,9.950787363539755,3.3148106845037755,134.50256129153288,4.241736916272748e-31,1457,8333,negative,5.951826641464813e-29,True
idea,98,141,1359,8192,0.06726149622512011,0.016920676827073083,239,4.194855726681889,2.0686211930298564,131.9585212000494,1.5277825243082844e-30,1457,8333,negative,2.036534104902943e-28,True
dudes,24,1,1433,8332,0.016472203157172273,0.00012000480019200768,25,94.94070456923613,6.568954851151139,130.19180924060265,3.720334651469721e-30,1457,8333,negative,4.7230534194372745e-28,True
generally,45,27,1412,8306,0.03088538091969801,0.0032401296051842074,72,9.72989863234111,3.282424774854221,129.83007826590924,4.4640197400991615e-30,1457,8333,negative,5.409580285047438e-28,True
repetitive,75,87,1382,8246,0.05147563486616335,0.010440417616704669,162,5.146872642727978,2.363696084083595,128.32344293788194,9.536403849734165e-30,1457,8333,negative,1.1053935940604905e-27,True
pay,51,38,1406,8295,0.035003431708991076,0.004560182407296292,89,7.8894972784059165,2.9799333741224348,127.59073007791953,1.3794816692822642e-29,1457,8333,negative,1.5323742209610484e-27,True
toilet,22,0,1435,8333,0.015099519560741249,0.0,22,261.2382445141066,8.029222308450432,126.10768455483624,2.9124295289214834e-29,1457,8333,negative,3.10581484964187e-27,True
reason,69,75,1388,8258,0.04735758407687028,0.009000360014400577,144,5.475113694086,2.452888923470156,125.90072025518005,3.232573229678782e-29,1457,8333,negative,3.314630857816782e-27,True
point,153,313,1304,8020,0.10501029512697323,0.03756150246009841,466,3.0104276510643135,1.5899684458704628,124.45255133559752,6.706375062972491e-29,1457,8333,negative,6.621924414031356e-27,True
currency,30,8,1427,8325,0.02059025394646534,0.0009600384015360614,38,20.927392603275987,4.387320668657185,123.59943137331575,1.0308868046645484e-28,1457,8333,negative,9.815515075841737e-27,True
sure,137,264,1320,8069,0.09402882635552505,0.03168126725069003,401,3.1767661186939415,1.6675588792169946,122.7209828826611,1.6050489550115032e-28,1457,8333,negative,1.4755381082967818e-26,True
streamed,21,0,1436,8333,0.014413177762525738,0.0,21,249.4538809606683,7.962629304497512,120.36319488067285,5.267704075375951e-28,1457,8333,negative,4.530225504823318e-26,True
shit,21,0,1436,8333,0.014413177762525738,0.0,21,249.4538809606683,7.962629304497512,120.36319488067285,5.267704075375951e-28,1457,8333,negative,4.530225504823318e-26,True
refunded,23,2,1434,8331,0.015785861358956762,0.00024000960038401536,25,54.59470198675497,5.7706890499099295,117.66855310100173,2.0492393520687702e-27,1457,8333,negative,1.7072725351922942e-25,True
mana,25,4,1432,8329,0.017158544955387784,0.0004800192007680307,29,32.94973821989529,5.042195098197802,116.80639878294119,3.1650302099757057e-27,1457,8333,negative,2.5569607696349185e-25,True
until,103,169,1354,8164,0.07069320521619767,0.0202808112324493,272,3.6806221150736484,1.8799496376072171,116.68194619250728,3.370001356194844e-27,1457,8333,negative,2.642477534004545e-25,True
cannot,65,72,1392,8261,0.04461221688400824,0.008640345613824553,137,5.36002723952207,2.4222403324411728,116.30190091634199,4.081808380768807e-27,1457,8333,negative,3.1091717551798973e-25,True
yusano,20,0,1437,8333,0.013726835964310227,0.0,20,237.68591304347825,7.892912591226922,114.61988115117153,9.532557376159004e-27,1457,8333,negative,6.353449491209977e-25,True
atri,20,0,1437,8333,0.013726835964310227,0.0,20,237.68591304347825,7.892912591226922,114.61988115117153,9.532557376159004e-27,1457,8333,negative,6.353449491209977e-25,True
templates,20,0,1437,8333,0.013726835964310227,0.0,20,237.68591304347825,7.892912591226922,114.61988115117153,9.532557376159004e-27,1457,8333,negative,6.353449491209977e-25,True
poc,20,0,1437,8333,0.013726835964310227,0.0,20,237.68591304347825,7.892912591226922,114.61988115117153,9.532557376159004e-27,1457,8333,negative,6.353449491209977e-25,True
ginka,20,0,1437,8333,0.013726835964310227,0.0,20,237.68591304347825,7.892912591226922,114.61988115117153,9.532557376159004e-27,1457,8333,negative,6.353449491209977e-25,True
current,59,60,1398,8273,0.04049416609471517,0.007200288011520461,119,5.8181965919801915,2.5405720447165225,114.4864398575391,1.0196110965280566e-26,1457,8333,negative,6.629958983765363e-25,True
proper,39,23,1418,8310,0.026767330130404943,0.002760110404416177,62,9.84752398023084,3.299761025027233,113.58267921229047,1.608332045675694e-26,1457,8333,negative,1.0209079128027143e-24,True
bug,42,28,1415,8305,0.028826355525051476,0.003360134405376215,70,8.749837327334586,3.129256195318765,113.29437079548138,1.860045867664597e-26,1457,8333,negative,1.1532284379520502e-24,True
half,70,86,1387,8247,0.04804392587508579,0.01032041281651266,156,4.844649273551008,2.2763922260895315,112.54770552732185,2.7106374026326083e-26,1457,8333,negative,1.642399844413303e-24,True
response,26,6,1431,8327,0.017844886753603295,0.0007200288011520461,32,23.716784438055832,4.567836514984467,111.63150731306924,4.302946297034708e-26,1457,8333,negative,2.549256628421007e-24,True
eng,20,1,1437,8332,0.013726835964310227,0.00012000480019200768,21,79.21913043478261,6.307776960175438,107.27245333396213,3.8798992124806263e-25,1457,8333,negative,2.06876226009467e-23,True
afaik,20,1,1437,8332,0.013726835964310227,0.00012000480019200768,21,79.21913043478261,6.307776960175438,107.27245333396213,3.8798992124806263e-25,1457,8333,negative,2.06876226009467e-23,True
attitude,20,1,1437,8332,0.013726835964310227,0.00012000480019200768,21,79.21913043478261,6.307776960175438,107.27245333396213,3.8798992124806263e-25,1457,8333,negative,2.06876226009467e-23,True
holders,20,1,1437,8332,0.013726835964310227,0.00012000480019200768,21,79.21913043478261,6.307776960175438,107.27245333396213,3.8798992124806263e-25,1457,8333,negative,2.06876226009467e-23,True
mmmm,20,1,1437,8332,0.013726835964310227,0.00012000480019200768,21,79.21913043478261,6.307776960175438,107.27245333396213,3.8798992124806263e-25,1457,8333,negative,2.06876226009467e-23,True
level,162,371,1295,7962,0.11118737131091283,0.04452178087123485,533,2.688478546454156,1.4267899592281512,107.06551551236808,4.306934215376914e-25,1457,8333,negative,2.2514287486656572e-23,True
somewhere,40,27,1417,8306,0.027453671928620454,0.0032401296051842074,67,8.63012987012987,3.109382269900471,106.97571440367743,4.506581750496145e-25,1457,8333,negative,2.3104897974659083e-23,True
funding,21,2,1436,8331,0.014413177762525738,0.00024000960038401536,23,49.87880264531848,5.64035492817053,106.2890392887117,6.372797824800236e-25,1457,8333,negative,3.2056375473429113e-23,True
why,99,169,1358,8164,0.06794783802333562,0.0202808112324493,268,3.5279573709941667,1.8188331286315802,105.83194601997131,8.0261202823467935e-25,1457,8333,negative,3.962525309766028e-23,True
least,100,176,1357,8157,0.06863417982155114,0.02112084483379335,276,3.421673735777002,1.774702202195251,102.18859451455133,5.047970844774153e-24,1457,8333,negative,2.446889140394162e-22,True
worse,32,16,1425,8317,0.02196293754289636,0.0019200768030721229,48,11.492777653773796,3.522655615502277,102.11127069840387,5.248905968914965e-24,1457,8333,negative,2.498854163058446e-22,True
minutes,74,104,1383,8229,0.05078929306794784,0.0124804992199688,178,4.240667954342274,2.0842915238733295,101.95459829374644,5.680897688008269e-24,1457,8333,negative,2.6570654800403586e-22,True
crashed,19,1,1438,8332,0.013040494166094716,0.00012000480019200768,20,75.30239833159541,6.234623909399415,101.54931352741788,6.970631569390756e-24,1457,8333,negative,3.2040868558613374e-22,True
review,116,227,1341,8106,0.07961564859299931,0.027241089643585743,343,3.0944768239587472,1.629695516941517,100.62278827175514,1.1128004484852482e-23,1457,8333,negative,4.98025264270256e-22,True
supporter,20,2,1437,8331,0.013726835964310227,0.00024000960038401536,22,47.52577391304348,5.57063821489994,100.60853522270888,1.120837053871544e-23,1457,8333,negative,4.98025264270256e-22,True
oven,21,3,1436,8330,0.014413177762525738,0.00036001440057602306,24,35.623439908507784,5.154754929107044,100.1529747559812,1.4106943982095727e-23,1457,8333,negative,6.065985912301163e-22,True
lacked,21,3,1436,8330,0.014413177762525738,0.00036001440057602306,24,35.623439908507784,5.154754929107044,100.1529747559812,1.4106943982095727e-23,1457,8333,negative,6.065985912301163e-22,True
locked,36,23,1421,8310,0.024708304735758406,0.002760110404416177,59,9.080406522926786,3.182756887326979,99.73135849670699,1.7453572391579295e-23,1457,8333,negative,7.385908570785778e-22,True
off,160,378,1297,7955,0.10981468771448182,0.0453618144725789,538,2.599975565244615,1.3784980647667802,99.19968444596363,2.2828341519764713e-23,1457,8333,negative,9.509431014326988e-22,True
unfortunately,44,38,1413,8295,0.030199039121482498,0.004560182407296292,82,6.783378277187969,2.7620039473891387,98.15158469954868,3.8755047508700865e-23,1457,8333,negative,1.5895531793568693e-21,True
zone,29,13,1428,8320,0.01990391214824983,0.0015600624024961,42,12.7279197293198,3.669924737108509,97.69217603454204,4.887497466979417e-23,1457,8333,negative,1.9742527646919885e-21,True
negative,54,61,1403,8272,0.03706245710363761,0.007320292811712469,115,5.223309322512534,2.3849641421250634,94.50177110586479,2.4487320810807085e-22,1457,8333,negative,9.743760788300252e-21,True
left,80,127,1377,8206,0.05490734385724091,0.015240609624384975,207,3.7614220134514786,1.911278178900975,94.28110949764009,2.737503828804348e-22,1457,8333,negative,1.0732625305282929e-20,True
walls,29,14,1428,8319,0.01990391214824983,0.0016800672026881075,43,11.84870795263901,3.566657843297936,94.18553889986495,2.872919200832369e-22,1457,8333,negative,1.1100293607853761e-20,True
because,189,497,1268,7836,0.12971859986273165,0.05964238569542782,686,2.353140158815362,1.2345872535863431,93.4605910373665,4.143694173918788e-22,1457,8333,negative,1.5781555239524984e-20,True
use,122,257,1335,8076,0.08373369938229239,0.030841233649345975,379,2.876988728268021,1.524559568764484,93.23012547961366,4.655409258152021e-22,1457,8333,negative,1.748073391863843e-20,True
start,102,193,1355,8140,0.07000686341798215,0.023160926437057482,295,3.181225498185686,1.6695826395868771,93.1259036626576,4.907126757354762e-22,1457,8333,negative,1.816999990987194e-20,True
member,25,9,1432,8324,0.017158544955387784,0.001080043201728069,34,15.598401763571232,3.9633263107766687,92.6369123726086,6.2824669531382e-22,1457,8333,negative,2.2633860671711408e-20,True
failed,25,9,1432,8324,0.017158544955387784,0.001080043201728069,34,15.598401763571232,3.9633263107766687,92.6369123726086,6.2824669531382e-22,1457,8333,negative,2.2633860671711408e-20,True
mobs,31,18,1426,8315,0.02127659574468085,0.002160086403456138,49,9.925569102225253,3.311149824413749,91.00414814575583,1.4337123749404681e-21,1457,8333,negative,5.096369588788384e-20,True
stuck,55,66,1402,8267,0.03774879890185312,0.007920316812672508,121,4.919745888786136,2.298583800431238,90.39387455596888,1.9516942359732126e-21,1457,8333,negative,6.846337938295506e-20,True
bar,26,11,1431,8322,0.017844886753603295,0.0013200528021120844,37,13.397090312685082,3.7438477935344587,89.94517798683367,2.448515302551976e-21,1457,8333,negative,8.477586748835803e-20,True
should,105,207,1352,8126,0.0720658888126287,0.02484099363974559,312,3.054925506090907,1.6111372005665714,89.6425768430525,2.853173249344522e-21,1457,8333,negative,9.751999849682688e-20,True
hub,28,14,1429,8319,0.019217570350034317,0.0016800672026881075,42,11.439049100843073,3.51589522440611,89.29236758831239,3.405705532974298e-21,1457,8333,negative,1.1493178418872758e-19,True
okay,48,51,1409,8282,0.032944406314344546,0.0061202448097923915,99,5.5338944816209015,2.4682951354018643,89.14400620533425,3.670935722658254e-21,1457,8333,negative,1.2233393295758634e-19,True
connects,20,4,1437,8329,0.013726835964310227,0.0004800192007680307,24,26.39686956521739,4.722294943769557,88.9894907931439,3.96915508904634e-21,1457,8333,negative,1.3063910453577214e-19,True
worst,40,35,1417,8298,0.027453671928620454,0.004200168006720269,75,6.67887323943662,2.7396047330899638,88.20970374830276,5.887039657210693e-21,1457,8333,negative,1.9140058202589886e-19,True
tutorial,35,26,1422,8307,0.024021962937542895,0.0031201248049922,61,7.82349040023875,2.9678124003269324,87.50130845714166,8.422406317172868e-21,1457,8333,negative,2.7053174989858874e-19,True
fixed,50,57,1407,8276,0.03431708991077557,0.006840273610944437,107,5.164423507606765,2.368607313439685,86.6129311623003,1.3198134949240677e-20,1457,8333,negative,4.188836639842339e-19,True
ability,60,81,1397,8252,0.04118050789293068,0.009720388815552622,141,4.383605693778329,2.132118033422863,86.46949658125268,1.4190935202670303e-20,1457,8333,negative,4.450945088272827e-19,True
bag,26,12,1431,8321,0.017844886753603295,0.0014400576023040922,38,12.323842123646525,3.623380200643156,86.31966768252313,1.5307852967145748e-20,1457,8333,negative,4.745434419815182e-19,True
need,135,313,1322,8020,0.09265614275909403,0.03756150246009841,448,2.6212443809299844,1.390251863670219,86.20738122075933,1.6202179090581787e-20,1457,8333,negative,4.964943615573683e-19,True
remove,22,7,1435,8326,0.015099519560741249,0.0008400336013440538,29,17.401253918495296,4.121119363996713,85.38057092627643,2.461271588843558e-20,1457,8333,negative,7.45653415438287e-19,True
numerous,21,6,1436,8327,0.014413177762525738,0.0007200288011520461,27,19.174944442956974,4.261150492590196,84.54798024703295,3.75003086469507e-20,1457,8333,negative,1.123323852278321e-18,True
skeleton,20,5,1437,8328,0.013726835964310227,0.0006000240009600384,25,21.594845849802372,4.432615113098451,83.89766954916942,5.210591746293336e-20,1457,8333,negative,1.5099388690889168e-18,True
snes,20,5,1437,8328,0.013726835964310227,0.0006000240009600384,25,21.594845849802372,4.432615113098451,83.89766954916942,5.210591746293336e-20,1457,8333,negative,1.5099388690889168e-18,True
supports,20,5,1437,8328,0.013726835964310227,0.0006000240009600384,25,21.594845849802372,4.432615113098451,83.89766954916942,5.210591746293336e-20,1457,8333,negative,1.5099388690889168e-18,True
hair,24,10,1433,8323,0.016472203157172273,0.0012000480019200767,34,13.548308336239971,3.760040820468212,83.57830742408991,6.124140159943186e-20,1457,8333,negative,1.75558684585038e-18,True
refunding,18,3,1439,8330,0.012354152367879203,0.00036001440057602306,21,30.58884533320101,4.934933744002985,83.35128534846022,6.869412586278285e-20,1457,8333,negative,1.9277741005282008e-18,True
lastly,18,3,1439,8330,0.012354152367879203,0.00036001440057602306,21,30.58884533320101,4.934933744002985,83.35128534846022,6.869412586278285e-20,1457,8333,negative,1.9277741005282008e-18,True
crashes,28,16,1429,8317,0.019217570350034317,0.0019200768030721229,44,10.050081083659258,3.3291352359454187,82.93367230551804,8.48533589291858e-20,1457,8333,negative,2.3564484885959308e-18,True
marketing,23,9,1434,8324,0.015785861358956762,0.001080043201728069,32,14.354955880464493,3.8434769913584135,82.32110971503646,1.1568002045672636e-19,1457,8333,negative,3.179411696264252e-18,True
comments,21,7,1436,8326,0.014413177762525738,0.0008400336013440538,28,16.616289592760182,4.054526360043795,80.11387054032112,3.53442583483877e-19,1457,8333,negative,9.615080893551184e-18,True
clunky,28,17,1429,8316,0.019217570350034317,0.0020400816032641305,45,9.474651476540249,3.244072874965539,79.97764531338967,3.7866978326532167e-19,1457,8333,negative,1.0197309517023714e-17,True
bother,26,14,1431,8319,0.017844886753603295,0.0016800672026881075,40,10.621448444481915,3.4089086144363128,79.63807250964871,4.496763646499414e-19,1457,8333,negative,1.198837188156744e-17,True
looks,79,140,1378,8193,0.05422100205902539,0.016800672026881076,219,3.3632061772234247,1.7498372242228555,79.40674998810256,5.055310058224579e-19,1457,8333,negative,1.3344016450719532e-17,True
again,123,284,1334,8049,0.08442004118050789,0.03408136325453018,407,2.618394098485442,1.3886822558548537,78.86986733558095,6.633893038769256e-19,1457,8333,negative,1.7339175334665527e-17,True
effort,39,38,1418,8295,0.026767330130404943,0.004560182407296292,77,5.999977111362377,2.5849569971566604,78.37635723646551,8.516539916297076e-19,1457,8333,negative,2.2043781958104857e-17,True
issue,58,83,1399,8250,0.03980782429649966,0.009960398415936638,141,4.1302539615303155,2.0462304929705915,77.83160227889468,1.1221043950373599e-18,1457,8333,negative,2.876471458816925e-17,True
great,103,1320,1354,7013,0.07069320521619767,0.15840633625345013,1423,0.40584269775995957,-1.301007439240673,76.80653699254357,1.885524544436189e-18,1457,8333,positive,4.787436605206552e-17,True
gave,33,27,1424,8306,0.022649279341111873,0.0032401296051842074,60,7.1034238488783945,2.8285145709793587,76.69950404985708,1.990533503761474e-18,1457,8333,negative,5.006379548139707e-17,True
instead,87,168,1370,8165,0.05971173644474949,0.02016080643225729,255,3.093940027086218,1.6294452318664985,76.47089053441651,2.2348304096194084e-18,1457,8333,negative,5.568278385089105e-17,True
seems,82,153,1375,8180,0.05628002745367193,0.018360734429377176,235,3.196427239369279,1.6764602539869808,76.11417335645213,2.67728747910228e-18,1457,8333,negative,6.608933721561738e-17,True
elsewhere,21,8,1436,8325,0.014413177762525738,0.0009600384015360614,29,14.65967117790381,3.8737808385140773,75.99737590149559,2.840419454684905e-18,1457,8333,negative,6.947301161642161e-17,True
eachother,20,7,1437,8326,0.013726835964310227,0.0008400336013440538,27,15.832417391304348,3.984809646773204,74.88363332602295,4.992919900212625e-18,1457,8333,negative,1.1992004012582756e-16,True
await,20,7,1437,8326,0.013726835964310227,0.0008400336013440538,27,15.832417391304348,3.984809646773204,74.88363332602295,4.992919900212625e-18,1457,8333,negative,1.1992004012582756e-16,True
mixed,46,56,1411,8277,0.031571722717913524,0.00672026881075243,102,4.826394440107963,2.2709458255275123,74.28701826576089,6.754623909847076e-18,1457,8333,negative,1.607841727111813e-16,True
kept,41,45,1416,8288,0.028140013726835965,0.005400216008640346,86,5.336985993180839,2.416025225005251,73.64912313431464,9.331328905753529e-18,1457,8333,negative,2.182221303749027e-16,True
missing,41,45,1416,8288,0.028140013726835965,0.005400216008640346,86,5.336985993180839,2.416025225005251,73.64912313431464,9.331328905753529e-18,1457,8333,negative,2.182221303749027e-16,True
guns,22,10,1435,8323,0.015099519560741249,0.0012000480019200767,32,12.424988804299149,3.6351726467160206,73.5409797957585,9.856834727060282e-18,1457,8333,negative,2.2653725329605786e-16,True
user,22,10,1435,8323,0.015099519560741249,0.0012000480019200767,32,12.424988804299149,3.6351726467160206,73.5409797957585,9.856834727060282e-18,1457,8333,negative,2.2653725329605786e-16,True
money,93,193,1364,8140,0.06382978723404255,0.023160926437057482,286,2.8827579742132308,1.527449718532639,72.32612192285472,1.8241671100904913e-17,1457,8333,negative,4.156606423505342e-16,True
sprite,21,9,1436,8324,0.014413177762525738,0.001080043201728069,30,13.114972429332992,3.7131428696190145,72.16673833419351,1.9776113753390458e-17,1457,8333,negative,4.468060954791437e-16,True
fix,47,60,1410,8273,0.03225806451612903,0.007200288011520461,107,4.605262772418198,2.203283477630147,72.03357655718351,2.1156668922081474e-17,1457,8333,negative,4.739804987081446e-16,True
map,77,143,1380,8190,0.05284831846259437,0.0171606864274571,220,3.2042309065921932,1.6799781164707424,71.90257959879374,2.2608819207435435e-17,1457,8333,negative,5.02292600058524e-16,True
unfinished,23,12,1434,8321,0.015785861358956762,0.0014400576023040922,35,10.905834785639597,3.4470282999882826,71.64701124871829,2.5735159153957603e-17,1457,8333,negative,5.67024250450008e-16,True
fantasy,36,36,1421,8297,0.024708304735758406,0.004320172806912276,72,5.837143862117482,2.5452626252881347,70.61372218807796,4.3448438870773415e-17,1457,8333,negative,9.494552297498517e-16,True
idk,25,16,1432,8317,0.017158544955387784,0.0019200768030721229,41,8.973346025702046,3.1656460447390034,69.05296351572832,9.585439271688702e-17,1457,8333,negative,2.0776244795383803e-15,True
certainly,38,42,1419,8291,0.02608098833218943,0.005040201608064322,80,5.29138677661977,2.403645876130643,67.74205341963896,1.8634633518770793e-16,1457,8333,negative,4.006446206535721e-15,True
totally,44,56,1413,8277,0.030199039121482498,0.00672026881075243,100,4.612272304672704,2.205477691004396,67.61928009511252,1.9831875571879232e-16,1457,8333,negative,4.229742421970403e-15,True
empty,27,20,1430,8313,0.018531228551818806,0.0024000960038401535,47,7.796054594589987,2.962744193606122,67.54337917239938,2.0610219130341482e-16,1457,8333,negative,4.360860650911936e-15,True
horrible,20,9,1437,8324,0.013726835964310227,0.001080043201728069,29,12.496274599542334,3.6434261563484243,67.1602213404351,2.50314141253778e-16,1457,8333,negative,5.254625988839151e-15,True
pull,36,38,1421,8295,0.024708304735758406,0.004560182407296292,74,5.532581734129395,2.467952859456406,67.11097641460958,2.5664549178604954e-16,1457,8333,negative,5.345444383606313e-15,True
almost,100,225,1357,8108,0.06863417982155114,0.027001080043201727,325,2.6620744570077544,1.4125509233360578,66.97568140807503,2.7487712110988555e-16,1457,8333,negative,5.680793836270968e-15,True
years,79,156,1378,8177,0.05422100205902539,0.0187207488299532,235,3.013467896414703,1.591424695311687,66.71261641325118,3.141182521801352e-16,1457,8333,negative,6.44184046394031e-15,True
next,111,264,1346,8069,0.07618393960192175,0.03168126725069003,375,2.526326392657011,1.3370410423906984,66.67518278439427,3.201402305001867e-16,1457,8333,negative,6.504961459975579e-15,True
looked,34,34,1423,8299,0.023335621139327384,0.004080163206528261,68,5.830347734457323,2.543581931421715,66.6632985199868,3.2207611129661533e-16,1457,8333,negative,6.504961459975579e-15,True
random,50,73,1407,8260,0.03431708991077557,0.00876035041401656,123,4.032384818936456,2.011633324819873,65.29165658487763,6.459424451061302e-16,1457,8333,negative,1.2947989162804085e-14,True
thought,81,165,1376,8168,0.055593685655456415,0.019800792031681266,246,2.9223061247109716,1.5471073148523884,64.85921783819609,8.044488108814033e-16,1457,8333,negative,1.6004929326938963e-14,True
meh,24,16,1433,8317,0.016472203157172273,0.0019200768030721229,40,8.615435837270507,3.1069237812864596,64.54044156085445,9.457120402898671e-16,1457,8333,negative,1.8676061477131747e-14,True
generate,30,27,1427,8306,0.02059025394646534,0.0032401296051842074,57,6.4537048240726,2.690127594158118,64.49517558676834,9.676900100715021e-16,1457,8333,negative,1.8969570344489886e-14,True
gas,20,10,1437,8323,0.013726835964310227,0.0012000480019200767,30,11.304795031055901,3.4988629294925113,63.70184420746993,1.4474901295599453e-15,1457,8333,negative,2.816794660880886e-14,True
currently,34,36,1423,8297,0.023335621139327384,0.004320172806912276,70,5.509548623641324,2.4619341291215484,63.1673211172557,1.8987246660620933e-15,1457,8333,negative,3.6681159128416964e-14,True
items,66,121,1391,8212,0.045298558682223745,0.01452058082323293,187,3.230260443699179,1.6916504886608557,62.70111383360431,2.405795698727851e-15,1457,8333,negative,4.6142815343945694e-14,True
effect,28,24,1429,8309,0.019217570350034317,0.0028801152046081845,52,6.761911900122064,2.7574312197088133,62.65263313262866,2.465750797962641e-15,1457,8333,negative,4.695494019548858e-14,True
know,120,305,1337,8028,0.08236101578586136,0.03660146405856234,425,2.367644278568916,1.2434523427511777,62.533168754562666,2.6199481385537046e-15,1457,8333,negative,4.953745913038423e-14,True
poor,19,9,1438,8324,0.013040494166094716,0.001080043201728069,28,11.878436968333242,3.5702731055724017,62.2073785701996,3.091275021627424e-15,1457,8333,negative,5.80376000539346e-14,True
chat,39,48,1418,8285,0.026767330130404943,0.005760230409216369,87,4.757126920044042,2.2500905168865484,62.13703633996477,3.203690953431893e-15,1457,8333,negative,5.972755301992605e-14,True
better,166,486,1291,7847,0.11393273850377487,0.05832233289331573,652,2.0795449255329435,1.056267852641628,61.69599908233932,4.007938580519485e-15,1457,8333,negative,7.42025295532288e-14,True
before,120,307,1337,8026,0.08236101578586136,0.036841473658946355,427,2.351658992477775,1.2336788741500062,61.60223892466137,4.2034040059432636e-15,1457,8333,negative,7.728465572306718e-14,True
potential,53,85,1404,8248,0.0363761153054221,0.010200408016320653,138,3.6748608795038504,1.8776896343710487,61.14262453107398,5.3086269970336836e-15,1457,8333,negative,9.693698338419042e-14,True
read,56,94,1401,8239,0.038435140700068635,0.011280451218048722,150,3.514992440072711,1.8135215864012706,60.61289318288572,6.9477459069147446e-15,1457,8333,negative,1.2600469787642659e-13,True
state,43,59,1414,8274,0.029512697323266987,0.007080283211328453,102,4.276722778188688,2.096505693186982,60.52870059317204,7.251347478773884e-15,1457,8333,negative,1.3062224580007552e-13,True
except,46,67,1411,8266,0.031571722717913524,0.008040321612864514,113,4.034502302515055,2.012390713161169,60.189400021224095,8.615492632438654e-15,1457,8333,negative,1.541537138126272e-13,True
buggy,24,18,1433,8315,0.016472203157172273,0.002160086403456138,42,7.682189688816825,2.9415175873702366,59.46844126633758,1.2427108819507262e-14,1457,8333,negative,2.2087114741870907e-13,True
chronicle,21,13,1436,8320,0.014413177762525738,0.0015600624024961,34,9.224620025525002,3.2054894858526137,59.19836711772891,1.4255208007575742e-14,1457,8333,negative,2.516846658820989e-13,True
trailer,25,20,1432,8313,0.017158544955387784,0.0024000960038401535,45,7.218975865151322,2.851794180731874,59.03787307907229,1.546662192267553e-14,1457,8333,negative,2.712764081964011e-13,True
damage,48,74,1409,8259,0.032944406314344546,0.008880355214208569,122,3.814820810844914,1.9316152926097931,58.35588170790031,2.1874171049965007e-14,1457,8333,negative,3.811538563346844e-13,True
spawn,22,15,1435,8318,0.015099519560741249,0.0018000720028801152,37,8.41187177672161,3.0724268590452337,58.26005358258365,2.2966033197253167e-14,1457,8333,negative,3.975808084667334e-13,True
slow,54,91,1403,8242,0.03706245710363761,0.0109204368174727,145,3.498017251952087,1.8065374045381093,58.08335390231879,2.512433010718096e-14,1457,8333,negative,4.3213847784351256e-13,True
spend,55,94,1402,8239,0.03774879890185312,0.011280451218048722,149,3.4503183091418386,1.7867294638725275,57.96808263425582,2.6640537055892094e-14,1457,8333,negative,4.552799473782584e-13,True
charge,18,9,1439,8324,0.012354152367879203,0.001080043201728069,27,11.26145774300287,3.4933216845149557,57.31404276538112,3.7149329216367014e-14,1457,8333,negative,6.308287368842959e-13,True
higher,49,78,1408,8255,0.033630748112560054,0.0093603744149766,127,3.6959158340286113,1.8859319030710375,57.05331080072426,4.241567287469345e-14,1457,8333,negative,7.156973663540047e-13,True
let,63,119,1394,8214,0.043239533287577216,0.014280571222848914,182,3.130173679923069,1.6462427083438795,57.00398629783043,4.3492941366055164e-14,1457,8333,negative,7.286289145931927e-13,True
screen,56,98,1401,8235,0.038435140700068635,0.011760470418816752,154,3.3706145156295557,1.7530116412082193,56.993356307432315,4.3728667042352156e-14,1457,8333,negative,7.286289145931927e-13,True
impact,29,29,1428,8304,0.01990391214824983,0.0034801392055682227,58,5.813440672033602,2.539392272282353,56.80144658654299,4.8211160780846227e-14,1457,8333,negative,7.983289108182363e-13,True
anything,88,202,1369,8131,0.060398078242964996,0.02424096963878555,290,2.594937325057807,1.3756996939125443,56.40393580733071,5.901213006555684e-14,1457,8333,negative,9.711502392270032e-13,True
starting,36,45,1421,8288,0.024708304735758406,0.005400216008640346,81,4.677464990162845,2.2257268552389147,56.345946320900886,6.07784490382523e-14,1457,8333,negative,9.940818719998812e-13,True
tedious,32,36,1425,8297,0.02196293754289636,0.004320172806912276,68,5.182872628205436,2.3737519391761466,55.9644682645046,7.379267922885312e-14,1457,8333,negative,1.1995809928300146e-12,True
appear,19,11,1438,8322,0.013040494166094716,0.0013200528021120844,30,9.810264315183389,3.294292007093574,55.764843277552565,8.167923583978122e-14,1457,8333,negative,1.319738440902162e-12,True
access,65,127,1392,8206,0.04461221688400824,0.015240609624384975,192,3.0275678529939802,1.5981592935549342,55.64383779757872,8.686479280769325e-14,1457,8333,negative,1.395069503766929e-12,True
give,136,383,1321,7950,0.09334248455730954,0.04596183847353894,519,2.141384020469805,1.0985435415183928,55.45639615317572,9.555527423633252e-14,1457,8333,negative,1.5254512641560629e-12,True
maker,20,13,1437,8320,0.013726835964310227,0.0015600624024961,33,8.789449275362319,3.1357727725820235,54.646736536574856,1.4426368355547426e-13,1457,8333,negative,2.2757809488691972e-12,True
reasons,20,13,1437,8320,0.013726835964310227,0.0015600624024961,33,8.789449275362319,3.1357727725820235,54.646736536574856,1.4426368355547426e-13,1457,8333,negative,2.2757809488691972e-12,True
chore,16,7,1441,8326,0.01098146877144818,0.0008400336013440538,23,12.70780437044745,3.667642880737767,54.419361152572165,1.6195927956952068e-13,1457,8333,negative,2.5399025843078947e-12,True
cash,21,15,1436,8318,0.014413177762525738,0.0018000720028801152,36,8.032415256616103,3.005833855092315,53.85207573628991,2.1616659675798566e-13,1457,8333,negative,3.370176297992922e-12,True
remember,43,65,1414,8268,0.029512697323266987,0.0078003120124804995,108,3.882144851982871,1.956853949411336,53.58828599223835,2.472291374504979e-13,1457,8333,negative,3.832051630482718e-12,True
stuff,73,156,1384,8177,0.050102951269732326,0.0187207488299532,229,2.773962526696181,1.4719482985069563,53.465257657589035,2.6320667944690833e-13,1457,8333,negative,4.05612143008935e-12,True
introduces,22,17,1435,8316,0.015099519560741249,0.0020400816032641305,39,7.448723690103001,2.8969932465543886,53.30633630830768,2.85384536154834e-13,1457,8333,negative,4.37261593901602e-12,True
dungeon,37,50,1420,8283,0.02539464653397392,0.006000240009600384,87,4.3302455905569435,2.1144488499476037,52.962847992599094,3.3991730381836445e-13,1457,8333,negative,5.16620364425336e-12,True
tired,23,19,1434,8314,0.015785861358956762,0.002280091203648146,42,6.985039011180524,2.8042681730548553,52.95628655157983,3.4105470419677095e-13,1457,8333,negative,5.16620364425336e-12,True
warning,24,21,1433,8312,0.016472203157172273,0.002520100804032161,45,6.607871448155028,2.7241856203358634,52.76289001014436,3.763452927585398e-13,1457,8333,negative,5.668568081888514e-12,True
many,126,352,1331,7981,0.08647906657515443,0.0422416896675867,478,2.1511700929203186,1.105121603101654,52.257844938515746,4.867111438731408e-13,1457,8333,negative,7.289729829021311e-12,True
useless,20,14,1437,8319,0.013726835964310227,0.0016800672026881075,34,8.182296851574213,3.0325058787714503,52.00367852867359,5.539675790704227e-13,1457,8333,negative,8.204875365565261e-12,True
strings,20,14,1437,8319,0.013726835964310227,0.0016800672026881075,34,8.182296851574213,3.0325058787714503,52.00367852867359,5.539675790704227e-13,1457,8333,negative,8.204875365565261e-12,True
place,61,120,1396,8213,0.041866849691146193,0.014400576023040922,181,3.0017560201630333,1.5858067208609583,51.55684619257535,6.955372301539978e-13,1457,8333,negative,1.0232775118156446e-11,True
content,110,292,1347,8041,0.07549759780370624,0.03504140165606624,402,2.2544712430426714,1.1727891077645998,51.54832807785273,6.985615421997274e-13,1457,8333,negative,1.0232775118156446e-11,True
colour,21,16,1436,8317,0.014413177762525738,0.0019200768030721229,37,7.544695123880644,2.915462603581349,51.40959426625862,7.49712487108934e-13,1457,8333,negative,1.0922040932417585e-11,True
open,49,84,1408,8249,0.033630748112560054,0.010080403216128644,133,3.4309885248690852,1.7786243007302662,51.32681274487874,7.820022503037641e-13,1457,8333,negative,1.1330532604944757e-11,True
started,64,130,1393,8203,0.04392587508579272,0.015600624024960999,194,2.909654430050852,1.5408478192310073,51.227031720827554,8.227779768962673e-13,1457,8333,negative,1.1856897764353777e-11,True
disappointing,16,8,1441,8325,0.01098146877144818,0.0009600384015360614,24,11.211421925690152,3.48689735920805,50.93016583779697,9.571128440853912e-13,1457,8333,negative,1.3718617431890608e-11,True
change,66,137,1391,8196,0.045298558682223745,0.016440657626305054,203,2.848814555907621,1.5103617122268722,50.862106179421396,9.908822731287753e-13,1457,8333,negative,1.4126695936691523e-11,True
anymore,24,22,1433,8311,0.016472203157172273,0.0026401056042241688,46,6.313428671084758,2.6584237109697604,50.7369790120835,1.0561089059944426e-12,1457,8333,negative,1.4976523103091402e-11,True
lost,48,82,1409,8251,0.032944406314344546,0.00984039361574463,130,3.4415621271243833,1.7830635537373742,50.524029012904066,1.1771466444243844e-12,1457,8333,negative,1.6604618804420153e-11,True
chance,34,45,1423,8288,0.023335621139327384,0.005400216008640346,79,4.414953855417501,2.1423983590723283,49.83964751869685,1.6683835175477316e-12,1457,8333,negative,2.3410055040959224e-11,True
bothered,15,7,1442,8326,0.01029512697323267,0.0008400336013440538,22,11.929358752166378,3.5764445897282506,49.44779585688983,2.0372129946961673e-12,1457,8333,negative,2.8435653632774776e-11,True
menus,21,17,1436,8316,0.014413177762525738,0.0020400816032641305,38,7.112714434886381,2.83040024260147,49.10470568744086,2.426573820959415e-12,1457,8333,negative,3.3693988576446876e-11,True
loot,24,23,1433,8310,0.016472203157172273,0.002760110404416177,47,6.044044853765149,2.595514366999174,48.80457660571549,2.827791933019564e-12,1457,8333,negative,3.906162328202154e-11,True
moment,53,99,1404,8234,0.0363761153054221,0.01188047521900876,152,3.152435370158017,1.6564667933581547,48.68449843883797,3.006332656077578e-12,1457,8333,negative,4.1313829180942383e-11,True
broke,14,6,1443,8327,0.009608785175017159,0.0007200288011520461,20,12.869228104766727,3.6858536183122115,48.06191512396648,4.129704263506685e-12,1457,8333,negative,5.6460469571840114e-11,True
paid,32,42,1425,8291,0.02196293754289636,0.005040201608064322,74,4.447954278168651,2.1531419582506355,47.344066183099606,5.95581381088325e-12,1457,8333,negative,8.101122255007522e-11,True
vns,20,16,1437,8317,0.013726835964310227,0.0019200768030721229,36,7.188774703557312,2.845745890310759,47.186719143371704,6.4536245768445234e-12,1457,8333,negative,8.73368686389213e-11,True
zero,21,18,1436,8315,0.014413177762525738,0.002160086403456138,39,6.727434360918524,2.7500564096651265,46.92682864159096,7.368705901454148e-12,1457,8333,negative,9.87184418757626e-11,True
laid,21,18,1436,8315,0.014413177762525738,0.002160086403456138,39,6.727434360918524,2.7500564096651265,46.92682864159096,7.368705901454148e-12,1457,8333,negative,9.87184418757626e-11,True
stupid,23,22,1434,8311,0.015785861358956762,0.0026401056042241688,45,6.051516207737888,2.597296655004049,46.84037744580535,7.701029232502619e-12,1457,8333,negative,1.0265471966925992e-10,True
garbage,18,13,1439,8320,0.012354152367879203,0.0015600624024961,31,7.920921616301957,2.985668300748555,45.77714258522163,1.3250063088889818e-11,1457,8333,negative,1.757446178854739e-10,True
youtube,33,46,1424,8287,0.022649279341111873,0.005520220808832354,79,4.191340481663063,2.0674117229132025,45.45896743157167,1.558702576698785e-11,1457,8333,negative,2.057178747266812e-10,True
drops,20,17,1437,8316,0.013726835964310227,0.0020400816032641305,37,6.777172670807453,2.7606835293308793,44.987463663828585,1.9829988462851688e-11,1457,8333,negative,2.6042733616730344e-10,True
turn,67,150,1390,8183,0.04598490048043926,0.018000720028801154,217,2.6395832661355354,1.4003101768045507,44.80856315167325,2.172704290794953e-11,1457,8333,negative,2.839426293754581e-10,True
room,52,101,1405,8232,0.03568977350720659,0.012120484819392775,153,3.029661796636367,1.5991567535833133,44.78197955661204,2.202403265404965e-11,1457,8333,negative,2.864198588082749e-10,True
came,49,92,1408,8241,0.033630748112560054,0.011040441617664707,141,3.1312149209912787,1.6467225358821684,44.584762022711125,2.4358006703897223e-11,1457,8333,negative,3.152351741387864e-10,True
else,67,151,1390,8182,0.04598490048043926,0.01812072482899316,218,2.6218398538883014,1.3905795661633187,44.225916357320365,2.925819516663718e-11,1457,8333,negative,3.768229387162064e-10,True
shows,40,66,1417,8267,0.027453671928620454,0.007920316812672508,106,3.552094522019334,1.828669972632321,44.181114856869875,2.993554381735808e-11,1457,8333,negative,3.8369307604363775e-10,True
whatever,41,69,1416,8264,0.028140013726835965,0.00828033121324853,110,3.483880879764949,1.800695296407975,44.02711070694029,3.23858979772861e-11,1457,8333,negative,4.131138947724629e-10,True
switch,33,48,1424,8285,0.022649279341111873,0.005760230409216369,81,4.01753192474842,2.006309488117726,43.11163496601343,5.1703866618327623e-11,1457,8333,negative,6.563928971641021e-10,True
full,95,255,1362,8078,0.06520247083047358,0.03060122404896196,350,2.2161884414441912,1.1480805582727023,43.07121099782644,5.27832549766511e-11,1457,8333,negative,6.669201789940845e-10,True
high,69,161,1388,8172,0.04735758407687028,0.019320772830913237,230,2.532919124475596,1.340801012865365,42.49277881850636,7.094366097281049e-11,1457,8333,negative,8.921500007241168e-10,True
enemy,59,127,1398,8206,0.04049416609471517,0.015240609624384975,186,2.738434036467644,1.4533511290766299,42.43494338698282,7.30727797844022e-11,1457,8333,negative,9.146104737334097e-10,True
whenever,25,29,1432,8304,0.017158544955387784,0.0034801392055682227,54,5.011145620729435,2.3251404621841116,42.29999002348423,7.82929593727003e-11,1457,8333,negative,9.725462047721315e-10,True
party,30,41,1427,8292,0.02059025394646534,0.004920196807872315,71,4.26934357394552,2.094014267641141,42.29654122811822,7.843114554613963e-11,1457,8333,negative,9.725462047721315e-10,True
amazing,20,436,1437,7897,0.013726835964310227,0.05232209288371535,456,0.258018825638727,-1.9544517630962208,41.59861379530209,1.1207270791766415e-10,1457,8333,positive,1.3832677745763547e-09,True
tasks,23,25,1434,8308,0.015785861358956762,0.003000120004800192,48,5.337645828634695,2.4162035808219544,41.55335480672917,1.1469748900351273e-10,1457,8333,negative,1.4091405791860136e-09,True
grind,32,47,1425,8286,0.02196293754289636,0.005640225609024361,79,3.977348668057376,1.991807039293827,41.27976463044849,1.31927572793068e-10,1457,8333,negative,1.6133894911299049e-09,True
forced,21,21,1436,8312,0.014413177762525738,0.002520100804032161,42,5.786634180299338,2.532724442630753,41.06456936094747,1.4728217178912583e-10,1457,8333,negative,1.7847921363173158e-09,True
feedback,21,21,1436,8312,0.014413177762525738,0.002520100804032161,42,5.786634180299338,2.532724442630753,41.06456936094747,1.4728217178912583e-10,1457,8333,negative,1.7847921363173158e-09,True
send,19,17,1438,8316,0.013040494166094716,0.0020400816032641305,36,6.44209742291077,2.6875304785548573,40.96154415123511,1.5525423676189985e-10,1457,8333,negative,1.872885951163914e-09,True
actually,103,292,1354,8041,0.07069320521619767,0.03504140165606624,395,2.1007411193457703,1.0708983853103469,40.71109232621783,1.7648253961752436e-10,1457,8333,negative,2.1193804081996395e-09,True
skip,23,26,1434,8307,0.015785861358956762,0.0031201248049922,49,5.135607042096056,2.3605348169251674,39.948907137467955,2.606933872454568e-10,1457,8333,negative,3.1166303605219185e-09,True
concept,46,89,1411,8244,0.031571722717913524,0.010680427217088683,135,3.03468317907373,1.6015459069792388,39.800481206922335,2.8127579533997844e-10,1457,8333,negative,3.3476842427517077e-09,True
wasting,13,7,1444,8326,0.008922443376801648,0.0008400336013440538,20,10.37570093457944,3.3751368964730735,39.737523386339554,2.9049040931917417e-10,1457,8333,negative,3.441988583310748e-09,True
hour,43,80,1414,8253,0.029512697323266987,0.009600384015360614,123,3.153033466602557,1.6567404830073902,39.636037386372784,3.0598454779970703e-10,1457,8333,negative,3.6095345328938895e-09,True
polish,31,46,1426,8287,0.02127659574468085,0.005520220808832354,77,3.9355856314236286,1.9765783306974778,39.455915498028425,3.3554970529496074e-10,1457,8333,negative,3.940861296547865e-09,True
probably,81,211,1376,8122,0.055593685655456415,0.02532101284051362,292,2.273844394123239,1.1851335297324124,39.27626150058161,3.678868757115492e-10,1457,8333,negative,4.30169478353943e-09,True
shallow,17,14,1440,8319,0.011667810569663692,0.0016800672026881075,31,6.970340758117991,2.801229186657563,39.19325769455026,3.838635210958417e-10,1457,8333,negative,4.449988402443037e-09,True
development,52,109,1405,8224,0.03568977350720659,0.013080523220928838,161,2.8055876376076374,1.4883029787025615,39.193034135856976,3.839074765798569e-10,1457,8333,negative,4.449988402443037e-09,True
gpu,20,20,1437,8313,0.013726835964310227,0.0024000960038401535,40,5.783304347826087,2.5318940263036294,39.10109129480009,4.024189933626811e-10,1457,8333,negative,4.642879086361781e-09,True
cheap,32,49,1425,8284,0.02196293754289636,0.005880235209408376,81,3.815726539332292,1.931957781803111,39.09328388097646,4.0403148838557135e-10,1457,8333,negative,4.642879086361781e-09,True
novels,26,34,1431,8299,0.017844886753603295,0.004080163206528261,60,4.453355404030433,2.154892751949658,38.57576270305325,5.266893280460281e-10,1457,8333,negative,6.026410938071721e-09,True
ugly,14,9,1443,8324,0.009608785175017159,0.001080043201728069,23,8.802089220279656,3.1378459953410305,38.487929889809855,5.509336263454461e-10,1457,8333,negative,6.276876272807518e-09,True
tree,23,27,1434,8306,0.015785861358956762,0.0032401296051842074,50,4.948261985487499,2.30692188575441,38.41551494166752,5.71760302449154e-10,1457,8333,negative,6.486438154593381e-09,True
kind,81,213,1376,8120,0.055593685655456415,0.025561022440897637,294,2.25198910109559,1.171199845254114,38.40106604905154,5.760092251011885e-10,1457,8333,negative,6.50695166999902e-09,True
understand,70,173,1387,8160,0.04804392587508579,0.020760830433217328,243,2.3898652543032948,1.256929278277751,38.137982380869836,6.591446068177873e-10,1457,8333,negative,7.414681526481945e-09,True
sounds,37,64,1420,8269,0.02539464653397392,0.007680307212288491,101,3.384617273642592,1.7589927056953532,38.11476220163174,6.670355499410092e-10,1457,8333,negative,7.471919227490466e-09,True
limited,38,67,1419,8266,0.02608098833218943,0.008040321612864514,105,3.3215686274509806,1.7318647224733408,38.04169578617026,6.924881762176983e-10,1457,8333,negative,7.72457522090537e-09,True
impossible,25,32,1432,8301,0.017158544955387784,0.0038401536061442457,57,4.546935159081756,2.1848944308829386,38.00367457380813,7.0611517922575e-10,1457,8333,negative,7.84376278256604e-09,True
early,86,233,1371,8100,0.059025394646533974,0.02796111844473779,319,2.1879895174089232,1.1296058262390667,37.96466602333202,7.20375130339981e-10,1457,8333,negative,7.9689630601095e-09,True
bored,33,53,1424,8280,0.022649279341111873,0.006360254410176407,86,3.6398637987423035,1.8638844667549095,37.790667442434184,7.875764513370285e-10,1457,8333,negative,8.676358757291396e-09,True
increase,20,21,1437,8312,0.013726835964310227,0.002520100804032161,41,5.513650151668352,2.4630077293601627,37.34718867937783,9.886328980207318e-10,1457,8333,negative,1.0846482741248028e-08,True
leave,43,83,1414,8250,0.029512697323266987,0.009960398415936638,126,3.0386459318901964,1.6034285794125773,37.31743756257931,1.003830194066247e-09,1457,8333,negative,1.096807908762547e-08,True
running,37,65,1420,8268,0.02539464653397392,0.0078003120124804995,102,3.3325406869422927,1.7366224892652,37.23531339070498,1.047005393878102e-09,1457,8333,negative,1.1346814553166747e-08,True
mouse,37,65,1420,8268,0.02539464653397392,0.0078003120124804995,102,3.3325406869422927,1.7366224892652,37.23531339070498,1.047005393878102e-09,1457,8333,negative,1.1346814553166747e-08,True
scene,38,68,1419,8265,0.02608098833218943,0.008160326413056522,106,3.272682629588397,1.7104737029267407,37.18699392969961,1.0732722068928173e-09,1457,8333,negative,1.158438746387146e-08,True
menu,39,71,1418,8262,0.026767330130404943,0.008520340813632545,110,3.2179047600267197,1.686121627406771,37.167043716752104,1.084308803213694e-09,1457,8333,negative,1.1656319634547211e-08,True
account,19,19,1438,8314,0.013040494166094716,0.002280091203648146,38,5.779979144942649,2.5310642872688436,37.13841859291283,1.1003432107635282e-09,1457,8333,negative,1.1734059999582264e-08,True
cpu,19,19,1438,8314,0.013040494166094716,0.002280091203648146,38,5.779979144942649,2.5310642872688436,37.13841859291283,1.1003432107635282e-09,1457,8333,negative,1.1734059999582264e-08,True
information,17,15,1440,8318,0.011667810569663692,0.0018000720028801152,32,6.519857576334382,2.704840449707837,37.06534979986613,1.1423575692833e-09,1457,8333,negative,1.2133566851431384e-08,True
scares,18,17,1439,8316,0.012354152367879203,0.0020400816032641305,35,6.107487718950032,2.610579057497411,37.034673552242666,1.1604715878931977e-09,1457,8333,negative,1.227705259255264e-08,True
stand,23,28,1434,8305,0.015785861358956762,0.003360134405376215,51,4.774063950395333,2.2552178919957835,36.94900056261893,1.2125983507937574e-09,1457,8333,negative,1.267759687535748e-08,True
playable,23,28,1434,8305,0.015785861358956762,0.003360134405376215,51,4.774063950395333,2.2552178919957835,36.94900056261893,1.2125983507937574e-09,1457,8333,negative,1.267759687535748e-08,True
restart,23,28,1434,8305,0.015785861358956762,0.003360134405376215,51,4.774063950395333,2.2552178919957835,36.94900056261893,1.2125983507937574e-09,1457,8333,negative,1.267759687535748e-08,True
fun,251,2044,1206,6289,0.17227179135209333,0.24528981159246369,2295,0.6412681492003908,-0.641000342369044,36.842526585089466,1.2806605860361378e-09,1457,8333,positive,1.3336879384266967e-08,True
suggestions,13,8,1444,8325,0.008922443376801648,0.0009600384015360614,21,9.153930731170973,3.1943913749433563,36.73353684756928,1.354294788386542e-09,1457,8333,negative,1.3940347126789656e-08,True
week,13,8,1444,8325,0.008922443376801648,0.0009600384015360614,21,9.153930731170973,3.1943913749433563,36.73353684756928,1.354294788386542e-09,1457,8333,negative,1.3940347126789656e-08,True
costs,13,8,1444,8325,0.008922443376801648,0.0009600384015360614,21,9.153930731170973,3.1943913749433563,36.73353684756928,1.354294788386542e-09,1457,8333,negative,1.3940347126789656e-08,True
required,27,38,1430,8295,0.018531228551818806,0.004560182407296292,65,4.1421580865831125,2.050382615455393,36.70274217151788,1.3758576908166703e-09,1457,8333,negative,1.4107833091220165e-08,True
build,72,184,1385,8149,0.04941660947151681,0.022080883235329415,256,2.3113518937426836,1.2087369208656018,36.390644336163554,1.6147646652587492e-09,1457,8333,negative,1.6494109569271362e-08,True
surprise,26,36,1431,8297,0.017844886753603295,0.004320172806912276,62,4.208321570916607,2.0732449496494914,36.048280248325554,1.9248859501865233e-09,1457,8333,negative,1.958681657708882e-08,True
available,42,82,1415,8251,0.028826355525051476,0.00984039361574463,124,3.003018528627854,1.586413376352623,35.74706252172346,2.2467047099489206e-09,1457,8333,negative,2.2774580824044952e-08,True
wrong,36,64,1421,8269,0.024708304735758406,0.007680307212288491,100,3.2920432886976583,1.7189833065915032,35.56698117269479,2.4642940544449928e-09,1457,8333,negative,2.4885636171024057e-08,True
nature,25,34,1432,8299,0.017158544955387784,0.004080163206528261,59,4.2823127703164126,2.09839017071304,35.41132368680693,2.6693048697283823e-09,1457,8333,negative,2.6854214274324027e-08,True
event,15,12,1442,8321,0.01029512697323267,0.0014400576023040922,27,7.153317157712305,2.83861240793334,35.357415127863945,2.7442179733733163e-09,1457,8333,negative,2.75040793872679e-08,True
shots,18,18,1439,8315,0.012354152367879203,0.002160086403456138,36,5.776658562000694,2.5302352245610673,35.176550759880136,3.0112772126745836e-09,1457,8333,negative,2.99554666007106e-08,True
tldr,18,18,1439,8315,0.012354152367879203,0.002160086403456138,36,5.776658562000694,2.5302352245610673,35.176550759880136,3.0112772126745836e-09,1457,8333,negative,2.99554666007106e-08,True
dollar,16,14,1441,8319,0.01098146877144818,0.0016800672026881075,30,6.567476407477843,2.7153391127360136,35.12119966863776,3.0980960457461206e-09,1457,8333,negative,3.070455040133516e-08,True
working,28,42,1429,8291,0.019217570350034317,0.005040201608064322,70,3.889599407443985,1.9596215786937772,35.11321460086176,3.110825927051051e-09,1457,8333,negative,3.071652563525223e-08,True
enough,138,456,1319,7877,0.09471516815374056,0.0547221888875555,594,1.811290080920326,0.8570176146435999,34.803725429369734,3.6467497677597414e-09,1457,8333,negative,3.587540546438181e-08,True
due,39,74,1418,8259,0.026767330130404943,0.008880355214208569,113,3.0872033743935012,1.6263005258958312,34.777490189843135,3.6962244364890437e-09,1457,8333,negative,3.6228435101763936e-08,True
immediately,37,68,1420,8265,0.02539464653397392,0.008160326413056522,105,3.1854338325407165,1.671489870262571,34.71706578276306,3.812745390720634e-09,1457,8333,negative,3.72336234859385e-08,True
trying,76,203,1381,8130,0.05216197666437886,0.02436097443897756,279,2.2123986586527304,1.1456113724803247,34.62056454346587,4.006512723148889e-09,1457,8333,negative,3.898307635005452e-08,True
min,21,25,1436,8308,0.014413177762525738,0.003000120004800192,46,4.876579103621957,2.2858694590825555,34.54240315194391,4.1706608894035335e-09,1457,8333,negative,4.0432661567817526e-08,True
gold,20,23,1437,8310,0.013726835964310227,0.002760110404416177,43,5.043189639222942,2.334336476023473,34.10814925048547,5.213248020266932e-09,1457,8333,negative,5.035695370301319e-08,True
server,13,9,1444,8324,0.008922443376801648,0.001080043201728069,22,8.189375307427447,3.0337534060482936,34.018353696361956,5.459465843588881e-09,1457,8333,negative,5.2544895086671324e-08,True
seen,57,135,1400,8198,0.03912148249828414,0.016200648025921038,192,2.484161560644525,1.312759004138538,33.88617120642833,5.843255636591989e-09,1457,8333,negative,5.603640117681382e-08,True
twice,26,38,1431,8295,0.017844886753603295,0.004560182407296292,64,3.9887457983860357,1.9959351838177626,33.70025392990813,6.42922947249186e-09,1457,8333,negative,6.143485940381111e-08,True
page,22,28,1435,8305,0.015099519560741249,0.003360134405376215,50,4.567728097673651,2.1914767742093035,33.636079267024655,6.644871909058621e-09,1457,8333,negative,6.326867324839387e-08,True
simply,49,108,1408,8225,0.033630748112560054,0.01296051842073683,157,2.664286450435064,1.4137492019307585,33.579406656802526,6.84132116230571e-09,1457,8333,negative,6.490733885660862e-08,True
scream,14,11,1443,8322,0.009608785175017159,0.0013200528021120844,25,7.269544133371485,2.861864896862203,33.45088434687184,7.308653721599333e-09,1457,8333,negative,6.90952866020703e-08,True
randomly,18,19,1439,8314,0.012354152367879203,0.002280091203648146,37,5.479760600635904,2.4541128662113976,33.42818860065348,7.394441179721396e-09,1457,8333,negative,6.965929394041427e-08,True
upgrades,48,105,1409,8228,0.032944406314344546,0.012600504020160807,153,2.683767394239159,1.4242596366201463,33.36405729811169,7.642340830035695e-09,1457,8333,negative,7.174112905941958e-08,True
overwhelmingly,17,17,1440,8316,0.011667810569663692,0.0020400816032641305,34,5.773342589378688,2.5294068372169916,33.215487300702726,8.249090687866017e-09,1457,8333,negative,7.716517815386246e-08,True
thousands,16,15,1441,8318,0.01098146877144818,0.0018000720028801152,31,6.143029774092847,2.6189503757862878,33.12028953591073,8.663000792351873e-09,1457,8333,negative,8.075370668674859e-08,True
through,132,437,1325,7896,0.09059711736444749,0.052442097683907354,569,1.8042334429056421,0.8513860154966039,32.98045939592346,9.308980808958518e-09,1457,8333,negative,8.647297155638819e-08,True
tag,20,24,1437,8309,0.013726835964310227,0.0028801152046081845,44,4.836763087843833,2.2740418740741535,32.61080062987755,1.1258735259412871e-08,1457,8333,negative,1.0422148681109276e-07,True
ground,22,29,1435,8304,0.015099519560741249,0.0034801392055682227,51,4.412358535678232,2.1415500249793764,32.309111880947086,1.3149526034983486e-08,1457,8333,negative,1.213032401704705e-07,True
encounter,27,42,1430,8291,0.018531228551818806,0.005040201608064322,69,3.7504985916072124,1.9070824003616103,32.25325950183636,1.3532987408578724e-08,1457,8333,negative,1.2441015321127888e-07,True
ruined,12,8,1445,8325,0.008236101578586136,0.0009600384015360614,20,8.469998168759028,3.082361657642178,32.20416096306709,1.387931993226742e-08,1457,8333,negative,1.2585805081437055e-07,True
ignoring,12,8,1445,8325,0.008236101578586136,0.0009600384015360614,20,8.469998168759028,3.082361657642178,32.20416096306709,1.387931993226742e-08,1457,8333,negative,1.2585805081437055e-07,True
joke,12,8,1445,8325,0.008236101578586136,0.0009600384015360614,20,8.469998168759028,3.082361657642178,32.20416096306709,1.387931993226742e-08,1457,8333,negative,1.2585805081437055e-07,True
hardware,12,8,1445,8325,0.008236101578586136,0.0009600384015360614,20,8.469998168759028,3.082361657642178,32.20416096306709,1.387931993226742e-08,1457,8333,negative,1.2585805081437055e-07,True
hate,29,48,1428,8285,0.01990391214824983,0.005760230409216369,77,3.527920210443512,1.818817932409274,31.792484049339215,1.7155532647756788e-08,1457,8333,negative,1.5503949165735455e-07,True
default,21,27,1436,8306,0.014413177762525738,0.0032401296051842074,48,4.520830300920799,2.1765877640150113,31.732011577160574,1.7698089595859143e-08,1457,8333,negative,1.594023880491908e-07,True
means,30,51,1427,8282,0.02059025394646534,0.0061202448097923915,81,3.4361960790981585,1.7808123630978396,31.64621076079078,1.8497516763322014e-08,1457,8333,negative,1.66041682461335e-07,True
positives,13,10,1444,8323,0.008922443376801648,0.0012000480019200767,23,7.408544726301735,2.8891901791923806,31.554308542363025,1.939395893651507e-08,1457,8333,negative,1.723476484158306e-07,True
function,13,10,1444,8323,0.008922443376801648,0.0012000480019200767,23,7.408544726301735,2.8891901791923806,31.554308542363025,1.939395893651507e-08,1457,8333,negative,1.723476484158306e-07,True
spots,13,10,1444,8323,0.008922443376801648,0.0012000480019200767,23,7.408544726301735,2.8891901791923806,31.554308542363025,1.939395893651507e-08,1457,8333,negative,1.723476484158306e-07,True
going,100,307,1357,8026,0.06863417982155114,0.036841473658946355,407,1.932445762026681,0.9504279225831211,31.46027338288546,2.0356271508307606e-08,1457,8333,negative,1.8029840478786738e-07,True
recommend,202,761,1255,7572,0.1386410432395333,0.09132365294611784,963,1.6039014678160677,0.6815855156959297,31.307311863753476,2.202485703094238e-08,1457,8333,negative,1.944313537897099e-07,True
taken,16,16,1441,8317,0.01098146877144818,0.0019200768030721229,32,5.770031217481789,2.5285791242753217,31.255227720787122,2.2623744280226592e-08,1457,8333,negative,1.9905908333691119e-07,True
actions,14,12,1443,8321,0.009608785175017159,0.0014400576023040922,26,6.68717700034638,2.7413973039708996,31.24289950048842,2.276787107765031e-08,1457,8333,negative,1.9966823780597278e-07,True
weak,15,14,1442,8319,0.01029512697323267,0.0016800672026881075,29,6.165170620928704,2.624140821726497,31.165055490938144,2.369941196058366e-08,1457,8333,negative,2.071561714325116e-07,True
sports,25,38,1432,8295,0.017158544955387784,0.004560182407296292,63,3.8355476983749237,1.9394326025811448,30.785936141041912,2.8811842898679487e-08,1457,8333,negative,2.510208273460115e-07,True
mobile,19,23,1438,8310,0.013040494166094716,0.002760110404416177,42,4.7938455394582125,2.2611834252474505,30.682975155492638,3.038191276156695e-08,1457,8333,negative,2.6383771798807e-07,True
unique,19,361,1438,7972,0.013040494166094716,0.043321732869314775,380,0.29895854516504483,-1.7419826466885333,30.48019062488069,3.3729310617738756e-08,1457,8333,positive,2.9195565619120625e-07,True
happened,18,21,1439,8312,0.012354152367879203,0.002520100804032161,39,4.9688199229383585,2.312903257526694,30.226984562338217,3.8432488513243375e-08,1457,8333,negative,3.30519401213893e-07,True
window,18,21,1439,8312,0.012354152367879203,0.002520100804032161,39,4.9688199229383585,2.312903257526694,30.226984562338217,3.8432488513243375e-08,1457,8333,negative,3.30519401213893e-07,True
grindy,17,19,1440,8314,0.011667810569663692,0.002280091203648146,36,5.1799588817985205,2.3729406459309783,29.831738969306777,4.712143006890776e-08,1457,8333,negative,4.0394126226272694e-07,True
highly,11,283,1446,8050,0.0075497597803706245,0.033961358454338175,294,0.225761142110952,-2.147130903320595,29.699214845164185,5.0455252433782267e-08,1457,8333,positive,4.3113366342456264e-07,True
seem,42,91,1415,8242,0.028826355525051476,0.0109204368174727,133,2.704686405197723,1.4354613305056618,29.671736936825063,5.117554046766372e-08,1457,8333,negative,4.3207279871265976e-07,True
excuse,12,9,1445,8324,0.008236101578586136,0.001080043201728069,21,7.577509148173096,2.921723688747116,29.670302255310613,5.121343000495141e-08,1457,8333,negative,4.3207279871265976e-07,True
progressing,12,9,1445,8324,0.008236101578586136,0.001080043201728069,21,7.577509148173096,2.921723688747116,29.670302255310613,5.121343000495141e-08,1457,8333,negative,4.3207279871265976e-07,True
ore,12,9,1445,8324,0.008236101578586136,0.001080043201728069,21,7.577509148173096,2.921723688747116,29.670302255310613,5.121343000495141e-08,1457,8333,negative,4.3207279871265976e-07,True
pass,26,42,1431,8291,0.017844886753603295,0.005040201608064322,68,3.6115921185099955,1.8526349687239798,29.479282168781587,5.651763753566735e-08,1457,8333,negative,4.753186803472844e-07,True
top,70,193,1387,8140,0.04804392587508579,0.023160926437057482,263,2.1375989943431803,1.095991234193106,29.372246968298647,5.972689643959584e-08,1457,8333,negative,5.007292638615173e-07,True
speaking,23,34,1434,8299,0.015785861358956762,0.004080163206528261,57,3.9409429129980147,1.9785408512947844,29.357339041022378,6.018814089094795e-08,1457,8333,negative,5.030143686998973e-07,True
find,116,382,1341,7951,0.07961564859299931,0.04584183367334693,498,1.8053145074653045,0.8522501938076743,29.2998447883199,6.200065795370668e-08,1457,8333,negative,5.165429815768187e-07,True
several,35,69,1422,8264,0.024021962937542895,0.00828033121324853,104,2.967617048716036,1.5693049337498866,29.239188633713663,6.397217349964596e-08,1457,8333,negative,5.313078334892715e-07,True
enter,14,13,1443,8320,0.009608785175017159,0.0015600624024961,27,6.1910864796212906,2.6301926115746297,29.211274769610366,6.490044794004195e-08,1457,8333,negative,5.373434602737635e-07,True
wanna,21,29,1436,8304,0.014413177762525738,0.0034801392055682227,50,4.213318624009628,2.074957021026458,29.174029892227498,6.616007695215082e-08,1457,8333,negative,5.460766723047496e-07,True
work,115,379,1342,7954,0.0789293067947838,0.04548181927277091,494,1.8033033762448385,0.8506421269897184,28.95659968597064,7.401820023635709e-08,1457,8333,negative,6.090509933028642e-07,True
entire,48,113,1409,8220,0.032944406314344546,0.013560542421696868,161,2.4921778429255226,1.317407023398795,28.808275788302204,7.990893374344898e-08,1457,8333,negative,6.554991303385692e-07,True
fair,35,70,1422,8263,0.024021962937542895,0.008400336013440538,105,2.925169203155966,1.548520078198191,28.523789633238604,9.255427151868731e-08,1457,8333,negative,7.569008830331913e-07,True
wanted,39,83,1418,8250,0.026767330130404943,0.009960398415936638,122,2.7514495154914,1.4601918578628457,28.4658413213022,9.536626093543038e-08,1457,8333,negative,7.775120845683713e-07,True
crafting,27,46,1430,8287,0.018531228551818806,0.005520220808832354,73,3.426221375336844,1.7766183699807578,28.3668056495626,1.0037166553131702e-07,1457,8333,negative,8.15825793617351e-07,True
problem,38,80,1419,8253,0.02608098833218943,0.009600384015360614,118,2.780786253579797,1.4754928555254245,28.28730644221957,1.0457952081832284e-07,1457,8333,negative,8.474437766007558e-07,True
execution,19,25,1438,8308,0.013040494166094716,0.003000120004800192,44,4.41679445500828,2.1429996950359427,27.94244061663788,1.2497825157133773e-07,1457,8333,negative,1.0096727839066254e-06,True
save,39,84,1418,8249,0.026767330130404943,0.010080403216128644,123,2.718558440556217,1.4428418419283313,27.83553180320484,1.3207805647618616e-07,1457,8333,negative,1.0638069443066836e-06,True
spending,22,33,1435,8300,0.015099519560741249,0.003960158406336254,55,3.8836382351565057,1.9574088185085365,27.54644438421116,1.53367050849473e-07,1457,8333,negative,1.2315558962792018e-06,True
might,71,202,1386,8131,0.048730267673301304,0.02424096963878555,273,2.0707697239251512,1.0501671302738356,27.436807882648168,1.623123074761806e-07,1457,8333,negative,1.2994733085029954e-06,True
sort,40,88,1417,8245,0.027453671928620454,0.010560422416896675,128,2.6619854721549636,1.4125026977309536,27.42792895046064,1.630592314897356e-07,1457,8333,negative,1.301544644166572e-06,True
nowhere,12,10,1445,8323,0.008236101578586136,0.0012000480019200767,22,6.855018036270198,2.7771604618912025,27.382529813055104,1.6693253063689672e-07,1457,8333,negative,1.3245301389225197e-06,True
ready,12,10,1445,8323,0.008236101578586136,0.0012000480019200767,22,6.855018036270198,2.7771604618912025,27.382529813055104,1.6693253063689672e-07,1457,8333,negative,1.3245301389225197e-06,True
times,98,313,1359,8020,0.06726149622512011,0.03756150246009841,411,1.8536208956642166,0.8903462127493518,27.199316080482518,1.8352358319264138e-07,1457,8333,negative,1.4518512545744268e-06,True
hit,53,135,1404,8198,0.0363761153054221,0.016200648025921038,188,2.3047676222579243,1.2046212985434175,26.802251538527337,2.2537460022212518e-07,1457,8333,negative,1.7776588289709637e-06,True
weapon,25,42,1432,8291,0.017158544955387784,0.005040201608064322,67,3.4728795811518323,1.7961323874873618,26.795079087120893,2.2621264093027565e-07,1457,8333,negative,1.7790056068439966e-06,True
completely,46,110,1411,8223,0.031571722717913524,0.013200528021120844,156,2.451695269786162,1.2937796723039932,26.692372977920602,2.385613214043787e-07,1457,8333,negative,1.8706014201884515e-06,True
wall,26,45,1431,8288,0.017844886753603295,0.005400216008640346,71,3.3722445908963548,1.7537091796002713,26.676602407864433,2.4051640962285714e-07,1457,8333,negative,1.8804010206877922e-06,True
under,43,100,1414,8233,0.029512697323266987,0.012000480019200769,143,2.519444136686662,1.3331054679692609,26.42394061578488,2.741217799690482e-07,1457,8333,negative,2.1368674426826976e-06,True
big,63,174,1394,8159,0.043239533287577216,0.020880835233409337,237,2.1292336553447284,1.0903342752531753,26.245117632874443,3.007141194357695e-07,1457,8333,negative,2.337328986634873e-06,True
basically,42,97,1415,8236,0.028826355525051476,0.011640465618624744,139,2.5363964894166235,1.3427802851477644,26.16980943839995,3.126729615792514e-07,1457,8333,negative,2.423215452239199e-06,True
steam,82,250,1375,8083,0.05628002745367193,0.03000120004800192,332,1.935463859630793,0.9526793688452997,26.140759235032235,3.1741249747109287e-07,1457,8333,negative,2.452816574660677e-06,True
single,66,186,1391,8147,0.045298558682223745,0.022320892835713427,252,2.0877763209990956,1.061967153540271,26.1094416974747,3.2260264853371166e-07,1457,8333,negative,2.485718673384033e-06,True
dev,60,163,1397,8170,0.04118050789293068,0.01956078243129725,223,2.1633880947301045,1.1132924966075595,26.041340605378934,3.341843445917333e-07,1457,8333,negative,2.567537356431012e-06,True
soundtrack,10,252,1447,8081,0.0068634179821551134,0.030241209648385937,262,0.23216744472374698,-2.1067624079052765,26.022412308588695,3.374768042974289e-07,1457,8333,positive,2.5807420926013734e-06,True
product,24,40,1433,8293,0.016472203157172273,0.004800192007680307,64,3.4998643568577297,1.8072990090630854,26.014816906559293,3.388071014292876e-07,1457,8333,negative,2.5807420926013734e-06,True
meant,24,40,1433,8293,0.016472203157172273,0.004800192007680307,64,3.4998643568577297,1.8072990090630854,26.014816906559293,3.388071014292876e-07,1457,8333,negative,2.5807420926013734e-06,True
side,56,148,1401,8185,0.038435140700068635,0.017760710428417138,204,2.2221537530135462,1.1519586416757268,25.98023853940122,3.4493008303536796e-07,1457,8333,negative,2.619896300205957e-06,True
move,47,115,1410,8218,0.03225806451612903,0.013800552022080883,162,2.396244308686705,1.2607750053564546,25.962043389067276,3.4819641419732837e-07,1457,8333,negative,2.6371921598013562e-06,True
insane,25,43,1432,8290,0.017158544955387784,0.00516020640825633,68,3.392634049467413,1.7624058204138173,25.8833997506416,3.626746672118071e-07,1457,8333,negative,2.7390670333900217e-06,True
ago,30,58,1427,8275,0.02059025394646534,0.0069602784111364455,88,3.0224706991782297,1.5957283535835267,25.863651252636654,3.664041925654286e-07,1457,8333,negative,2.7594168852526343e-06,True
fantastic,3,180,1454,8153,0.002059025394646534,0.021600864034561382,183,0.1086979085824964,-3.2016039126333444,25.818772501474022,3.7502318275594454e-07,1457,8333,positive,2.816371282330558e-06,True
above,26,46,1431,8287,0.017844886753603295,0.005520220808832354,72,3.299325093236285,1.7221709383431274,25.803852320610634,3.779333967456378e-07,1457,8333,negative,2.8302540329322203e-06,True
having,85,264,1372,8069,0.05833905284831846,0.03168126725069003,349,1.900529920356999,0.9264017379654024,25.635886623864337,4.1229992910244653e-07,1457,8333,negative,3.078968098003144e-06,True
flat,14,15,1443,8318,0.009608785175017159,0.0018000720028801152,29,5.390940478451792,2.430536980814331,25.60414371219985,4.1913836000774136e-07,1457,8333,negative,3.1125985174948147e-06,True
negatives,14,15,1443,8318,0.009608785175017159,0.0018000720028801152,29,5.390940478451792,2.430536980814331,25.60414371219985,4.1913836000774136e-07,1457,8333,negative,3.1125985174948147e-06,True
imagine,19,27,1438,8306,0.013040494166094716,0.0032401296051842074,46,4.094587164660157,2.0337179999683985,25.470236690310504,4.492603950138172e-07,1457,8333,negative,3.323093826616303e-06,True
disappear,11,9,1446,8324,0.0075497597803706245,0.001080043201728069,20,6.966488984299671,2.8004317405768537,25.461827854149075,4.5122279266132844e-07,1457,8333,negative,3.323093826616303e-06,True
robot,11,9,1446,8324,0.0075497597803706245,0.001080043201728069,20,6.966488984299671,2.8004317405768537,25.461827854149075,4.5122279266132844e-07,1457,8333,negative,3.323093826616303e-06,True
satisfactory,13,13,1444,8320,0.008922443376801648,0.0015600624024961,26,5.7601246105919,2.526100022281893,25.379267316754976,4.709525507048352e-07,1457,8333,negative,3.4588415982895054e-06,True
getting,91,290,1366,8043,0.06245710363761153,0.03480139205568223,381,1.8540028075293176,0.89064342864821,25.35974346015993,4.7574329999348786e-07,1457,8333,negative,3.4844275763259304e-06,True
layers,12,11,1445,8322,0.008236101578586136,0.0013200528021120844,23,6.258177552524326,2.645742590268288,25.30875005087241,4.884877494452703e-07,1457,8333,negative,3.558219508254346e-06,True
explained,12,11,1445,8322,0.008236101578586136,0.0013200528021120844,23,6.258177552524326,2.645742590268288,25.30875005087241,4.884877494452703e-07,1457,8333,negative,3.558219508254346e-06,True
barely,23,38,1434,8295,0.015785861358956762,0.004560182407296292,61,3.529792271165572,1.8195832831628893,25.23892319009297,5.064962275756386e-07,1457,8333,negative,3.6793431681652663e-06,True
polished,30,59,1427,8274,0.02059025394646534,0.007080283211328453,89,2.9713137794522364,1.5711009660471877,25.127306120498176,5.366751129970518e-07,1457,8333,negative,3.88797785665799e-06,True
hoping,20,30,1437,8303,0.013726835964310227,0.0036001440057602304,50,3.882463292943692,1.9569722846026747,25.029366817276056,5.646374330219646e-07,1457,8333,negative,4.079467199015062e-06,True
type,47,117,1410,8216,0.03225806451612903,0.014040561622464899,164,2.3548839629827962,1.2356559727239687,24.988006737347945,5.768804105645547e-07,1457,8333,negative,4.151256188451736e-06,True
shot,28,53,1429,8280,0.019217570350034317,0.006360254410176407,81,3.0857694834805973,1.6256302921546317,24.98530970712279,5.776879392031484e-07,1457,8333,negative,4.151256188451736e-06,True
constantly,36,79,1421,8254,0.024708304735758406,0.009480379215168607,115,2.6660583093861785,1.4147083339686515,24.772868618509257,6.44989839386345e-07,1457,8333,negative,4.6224271822688065e-06,True
without,116,401,1341,7932,0.07961564859299931,0.04812192487699508,517,1.7157728031622006,0.7788585286814447,24.591263819234765,7.087230889688546e-07,1457,8333,negative,5.063837219057612e-06,True
say,111,379,1346,7954,0.07618393960192175,0.04548181927277091,490,1.7356798257523165,0.7955008438650687,24.58676191363285,7.103807651641211e-07,1457,8333,negative,5.063837219057612e-06,True
problems,22,36,1435,8297,0.015099519560741249,0.004320172806912276,58,3.563146820114227,1.833151931208138,24.467996908392152,7.555444685001323e-07,1457,8333,negative,5.371417474723606e-06,True
main,63,179,1394,8154,0.043239533287577216,0.021480859234369376,242,2.0686551124543198,1.0486931381767008,24.3545832265939,8.013585634220414e-07,1457,8333,negative,5.681973218306283e-06,True
reviews,43,104,1414,8229,0.029512697323266987,0.0124804992199688,147,2.4218289384890936,1.2760969664735982,24.325149801248614,8.13697029706524e-07,1457,8333,negative,5.754154592036056e-06,True
supposed,24,42,1433,8291,0.016472203157172273,0.005040201608064322,66,3.3343605736679045,1.737410124034818,24.20467685454624,8.66216779493315e-07,1457,8333,negative,6.093229377649546e-06,True
events,24,42,1433,8291,0.016472203157172273,0.005040201608064322,66,3.3343605736679045,1.737410124034818,24.20467685454624,8.66216779493315e-07,1457,8333,negative,6.093229377649546e-06,True
production,17,23,1440,8310,0.011667810569663692,0.002760110404416177,40,4.2961959130621015,2.103059783909585,24.183001272851715,8.76020825592674e-07,1457,8333,negative,6.145977686921234e-06,True
discord,26,48,1431,8285,0.017844886753603295,0.005760230409216369,74,3.162507066698834,1.6610687035476508,24.143098653791387,8.94361014120606e-07,1457,8333,negative,6.258179694607705e-06,True
addictive,1,148,1456,8185,0.0006863417982155113,0.017760710428417138,149,0.05676746871391568,-4.138791777126159,24.12262586244574,9.039197468034541e-07,1457,8333,positive,6.308507971146619e-06,True
moved,14,16,1443,8317,0.009608785175017159,0.0019200768030721229,30,5.063608023427905,2.340165729303365,23.99823658005897,9.642397345312793e-07,1457,8333,negative,6.711914183447495e-06,True
reveal,20,31,1437,8302,0.013726835964310227,0.003720148805952238,51,3.7587577639751553,1.9102559427891381,23.96291948540936,9.820904241178342e-07,1457,8333,negative,6.8183673716097554e-06,True
done,74,225,1383,8108,0.05078929306794784,0.027001080043201727,299,1.9362930387197226,0.9532973067010602,23.701951309702547,1.1246844533695828e-06,1457,8333,negative,7.788074682294305e-06,True
personality,36,81,1421,8252,0.024708304735758406,0.009720388815552622,117,2.600003452673556,1.3785135390813106,23.592777507482154,1.1903346393361641e-06,1457,8333,negative,8.221326809508325e-06,True
engine,16,21,1441,8312,0.01098146877144818,0.002520100804032161,37,4.425501536674491,2.1458409633247255,23.58222839305833,1.196878355409374e-06,1457,8333,negative,8.223911586395339e-06,True
repeat,16,21,1441,8312,0.01098146877144818,0.002520100804032161,37,4.425501536674491,2.1458409633247255,23.58222839305833,1.196878355409374e-06,1457,8333,negative,8.223911586395339e-06,True
since,89,288,1368,8045,0.06108442004118051,0.03456138245529821,377,1.823834620126402,0.8669749161580201,23.562465842087263,1.2092345130943192e-06,1457,8333,negative,8.287452986913766e-06,True
weird,38,88,1419,8245,0.02608098833218943,0.010560422416896675,126,2.526964018125265,1.3374051216464298,23.51425719695311,1.2399154121077286e-06,1457,8333,negative,8.475934586356934e-06,True
fine,45,113,1412,8220,0.03088538091969801,0.013560542421696868,158,2.333056800904448,1.2222214317908728,23.442744494972306,1.2868714693495835e-06,1457,8333,negative,8.774422857508924e-06,True
buffs,12,12,1445,8321,0.008236101578586136,0.0014400576023040922,24,5.756831546177793,2.525274997376985,23.422218316053712,1.3006757070418584e-06,1457,8333,negative,8.845922027993864e-06,True
win,23,40,1434,8293,0.015785861358956762,0.004800192007680307,63,3.35467255334805,1.7461719530973738,23.408695203882175,1.309851307000388e-06,1457,8333,negative,8.87594768553588e-06,True
matches,27,52,1430,8281,0.018531228551818806,0.0062402496099844,79,3.0324561841513957,1.6004868000484493,23.405909914862402,1.311749207839886e-06,1457,8333,negative,8.87594768553588e-06,True
progression,59,166,1398,8167,0.04049416609471517,0.019920796831873276,225,2.087033404516422,1.061453692085915,23.37690302120585,1.33167923529499e-06,1457,8333,negative,8.987992003282135e-06,True
score,32,68,1425,8265,0.02196293754289636,0.008160326413056522,100,2.7510260198112073,1.459969785046733,23.369119712101657,1.3370784721166527e-06,1457,8333,negative,8.996606768936277e-06,True
opportunities,11,10,1446,8323,0.0075497597803706245,0.0012000480019200767,21,6.302256678682534,2.655868513720941,23.360506032358444,1.3430793300962635e-06,1457,8333,negative,8.996606768936277e-06,True
anti,11,10,1446,8323,0.0075497597803706245,0.0012000480019200767,21,6.302256678682534,2.655868513720941,23.360506032358444,1.3430793300962635e-06,1457,8333,negative,8.996606768936277e-06,True
order,25,46,1432,8287,0.017158544955387784,0.005520220808832354,71,3.172605978719811,1.6656683571065094,23.331603761852083,1.3634126358659132e-06,1457,8333,negative,9.109920018091542e-06,True
away,65,190,1392,8143,0.04461221688400824,0.02280091203648146,255,2.0107691655239686,1.0077474710671745,23.25659034780283,1.4176383066947936e-06,1457,8333,negative,9.448559314120799e-06,True
buy,84,268,1373,8065,0.05765271105010295,0.032161286451458056,352,1.8480556747533623,0.8860082202175397,23.249263659369564,1.423049216534656e-06,1457,8333,negative,9.460970601699235e-06,True
sit,20,32,1437,8301,0.013726835964310227,0.0038401536061442457,52,3.642664882943144,1.8649942764546938,22.94413419416344,1.6677834647762465e-06,1457,8333,negative,1.1060474420630532e-05,True
sell,21,35,1436,8298,0.014413177762525738,0.004200168006720269,56,3.498678811469583,1.8068102272045041,22.74425678847814,1.8505637673426795e-06,1457,8333,negative,1.2242191076266958e-05,True
relaxing,8,213,1449,8120,0.00549073438572409,0.025561022440897637,221,0.22304145901881695,-2.16461619119246,22.640812518127177,1.9529182031866645e-06,1457,8333,positive,1.2887326558652593e-05,True
die,33,73,1424,8260,0.022649279341111873,0.00876035041401656,106,2.6430254797601735,1.4021903331695913,22.336776073631917,2.2878302342760287e-06,1457,8333,negative,1.5060136801431833e-05,True
area,35,80,1422,8253,0.024021962937542895,0.009600384015360614,115,2.5586940147802073,1.3554076308656526,22.218791486714185,2.4328105609356677e-06,1457,8333,negative,1.5947719506059948e-05,True
guess,29,60,1428,8273,0.01990391214824983,0.007200288011520461,89,2.824071368857699,1.4977765483102399,22.21735659802495,2.4346293469491367e-06,1457,8333,negative,1.5947719506059948e-05,True
scissors,13,15,1444,8318,0.008922443376801648,0.0018000720028801152,28,5.015676816400362,2.3264443915215938,22.059518080404054,2.6432573300301944e-06,1457,8333,negative,1.7271872651618868e-05,True
love,114,1005,1343,7328,0.07824296499656828,0.12060482419296772,1119,0.6211562124726361,-0.6869719623210994,21.983375458911993,2.750223718075956e-06,1457,8333,positive,1.7926886142764057e-05,True
damn,27,54,1430,8279,0.018531228551818806,0.006480259210368415,81,2.920467918768378,1.5461995369149653,21.94967370523293,2.798944844692325e-06,1457,8333,negative,1.8199968185243264e-05,True
max,21,36,1436,8297,0.014413177762525738,0.004320172806912276,57,3.4024145444835954,1.7665589272552191,21.825440578178537,2.9861435443659628e-06,1457,8333,negative,1.9369972479999164e-05,True
free,53,147,1404,8186,0.0363761153054221,0.017640705628225128,200,2.11416210606344,1.0800860014355766,21.753112736430047,3.100863466686992e-06,1457,8333,negative,2.006529612181437e-05,True
description,12,13,1445,8320,0.008236101578586136,0.0015600624024961,25,5.329759022252969,2.414070304980715,21.700469102066577,3.187133348983486e-06,1457,8333,negative,2.057360171522996e-05,True
login,11,11,1446,8322,0.0075497597803706245,0.0013200528021120844,22,5.753543034911856,2.5244506420980257,21.465970727719647,3.601637148984412e-06,1457,8333,negative,2.3137264190825164e-05,True
accidentally,11,11,1446,8322,0.0075497597803706245,0.0013200528021120844,22,5.753543034911856,2.5244506420980257,21.465970727719647,3.601637148984412e-06,1457,8333,negative,2.3137264190825164e-05,True
gems,16,23,1441,8310,0.01098146877144818,0.002760110404416177,39,4.047888945469037,2.017169709988036,21.125987610250913,4.30056254617563e-06,1457,8333,negative,2.756081670217363e-05,True
craft,14,18,1443,8315,0.009608785175017159,0.002160086403456138,32,4.5151049906851775,2.1747595353871425,21.119987482728586,4.314048901194595e-06,1457,8333,negative,2.758094573281724e-05,True
specific,30,65,1427,8268,0.02059025394646534,0.0078003120124804995,95,2.6971751714549272,1.4314492222715416,21.111026567370487,4.334269219700081e-06,1457,8333,negative,2.7643927606986638e-05,True
happen,25,49,1432,8284,0.017158544955387784,0.005880235209408376,74,2.979247977153736,1.5749482110398374,21.028700477668302,4.5245468523902016e-06,1457,8333,negative,2.872009978207685e-05,True
considering,25,49,1432,8284,0.017158544955387784,0.005880235209408376,74,2.979247977153736,1.5749482110398374,21.028700477668302,4.5245468523902016e-06,1457,8333,negative,2.872009978207685e-05,True
list,23,43,1434,8290,0.015785861358956762,0.00516020640825633,66,3.1221860314178915,1.6425565009955618,20.91058377130751,4.8122837238962566e-06,1457,8333,negative,3.0473986717119762e-05,True
developers,45,119,1412,8214,0.03088538091969801,0.014280571222848914,164,2.214298515199763,1.1468497286088097,20.759731169961334,5.206633004056475e-06,1457,8333,negative,3.289308907302029e-05,True
end,100,347,1357,7986,0.06863417982155114,0.041641665666626665,447,1.7014841607377083,0.7667937211932997,20.736546455618033,5.27005265213084e-06,1457,8333,negative,3.32150363370705e-05,True
ram,13,16,1444,8317,0.008922443376801648,0.0019200768030721229,29,4.711129991503824,2.236073140010628,20.589272397181922,5.691414408962902e-06,1457,8333,negative,3.578611041107334e-05,True
button,27,56,1430,8277,0.018531228551818806,0.00672026881075243,83,2.81640802615584,1.4938563590706506,20.58026116757233,5.718267620892218e-06,1457,8333,negative,3.5870356417173296e-05,True
low,32,73,1425,8260,0.02196293754289636,0.00876035041401656,105,2.5623304390153114,1.3574565381261718,20.37383505217679,6.369475263517737e-06,1457,8333,negative,3.9861551766521806e-05,True
frustrating,42,109,1415,8224,0.028826355525051476,0.013080523220928838,151,2.2551448493441013,1.1732201016487367,20.247245160186303,6.80513835725298e-06,1457,8333,negative,4.248828772935935e-05,True
grinding,24,47,1433,8286,0.016472203157172273,0.005640225609024361,71,2.9815761937106458,1.5760752050780096,20.21059953946017,6.936751063485353e-06,1457,8333,negative,4.31081080075803e-05,True
wants,24,47,1433,8286,0.016472203157172273,0.005640225609024361,71,2.9815761937106458,1.5760752050780096,20.21059953946017,6.936751063485353e-06,1457,8333,negative,4.31081080075803e-05,True
resources,23,44,1434,8289,0.015785861358956762,0.0052802112084483375,67,3.0516564124053716,1.6095925375253426,20.137910455715904,7.2054235192276816e-06,1457,8333,negative,4.4632749865293275e-05,True
friend,37,91,1420,8242,0.02539464653397392,0.0109204368174727,128,2.37808783561549,1.249802002580047,20.135218382443085,7.215572090000525e-06,1457,8333,negative,4.4632749865293275e-05,True
mini,22,41,1435,8292,0.015099519560741249,0.004920196807872315,63,3.131963591041281,1.6470674414509527,20.09842054746203,7.3557396814270435e-06,1457,8333,negative,4.539444905251041e-05,True
invest,16,24,1441,8309,0.01098146877144818,0.0028801152046081845,40,3.882201788103379,1.9568751080387166,20.00295653745795,7.732251873936641e-06,1457,8333,negative,4.749811865418222e-05,True
ass,16,24,1441,8309,0.01098146877144818,0.0028801152046081845,40,3.882201788103379,1.9568751080387166,20.00295653745795,7.732251873936641e-06,1457,8333,negative,4.749811865418222e-05,True
progress,41,106,1416,8227,0.028140013726835965,0.012720508820352814,147,2.263340011832378,1.1784533307546994,19.93677845657043,8.004557716441892e-06,1457,8333,negative,4.905781809663007e-05,True
forward,8,197,1449,8136,0.00549073438572409,0.023640945637825515,205,0.24158570611428645,-2.0493929975425984,19.927876154129923,8.041915742656578e-06,1457,8333,positive,4.917373249982211e-05,True
figured,14,19,1443,8314,0.009608785175017159,0.002280091203648146,33,4.2830460152940235,2.0986371770374723,19.827435898391396,8.475733877625275e-06,1457,8333,negative,5.147222441400679e-05,True
ammo,14,19,1443,8314,0.009608785175017159,0.002280091203648146,33,4.2830460152940235,2.0986371770374723,19.827435898391396,8.475733877625275e-06,1457,8333,negative,5.147222441400679e-05,True
lacking,14,19,1443,8314,0.009608785175017159,0.002280091203648146,33,4.2830460152940235,2.0986371770374723,19.827435898391396,8.475733877625275e-06,1457,8333,negative,5.147222441400679e-05,True
night,26,54,1431,8279,0.017844886753603295,0.006480259210368415,80,2.8123031272130663,1.4917521052773348,19.76263376594776,8.768017910957637e-06,1457,8333,negative,5.312621761502968e-05,True
spooky,11,12,1446,8321,0.0075497597803706245,0.0014400576023040922,23,5.2926235741444865,2.403983049206723,19.75125441533801,8.820378245147423e-06,1457,8333,negative,5.320164796733717e-05,True
chunk,11,12,1446,8321,0.0075497597803706245,0.0014400576023040922,23,5.2926235741444865,2.403983049206723,19.75125441533801,8.820378245147423e-06,1457,8333,negative,5.320164796733717e-05,True
match,29,64,1428,8269,0.01990391214824983,0.007680307212288491,93,2.6476544757470433,1.4047148598144827,19.693453936616283,9.091225284722562e-06,1457,8333,negative,5.46483709048088e-05,True
inazuma,17,27,1440,8306,0.011667810569663692,0.0032401296051842074,44,3.6695276261399137,1.8755943586305333,19.687053220968814,9.121727326571611e-06,1457,8333,negative,5.46483709048088e-05,True
ridiculous,17,27,1440,8306,0.011667810569663692,0.0032401296051842074,44,3.6695276261399137,1.8755943586305333,19.687053220968814,9.121727326571611e-06,1457,8333,negative,5.46483709048088e-05,True
item,25,51,1432,8282,0.017158544955387784,0.0061202448097923915,76,2.862857723783866,1.5174559741123868,19.617168923653907,9.461515202808314e-06,1457,8333,negative,5.655694962037436e-05,True
handling,10,10,1447,8323,0.0068634179821551134,0.0012000480019200767,20,5.750259067357513,2.523626955495689,19.510524059585514,1.0004696380131128e-05,1457,8333,negative,5.953687622640533e-05,True
soccer,10,10,1447,8323,0.0068634179821551134,0.0012000480019200767,20,5.750259067357513,2.523626955495689,19.510524059585514,1.0004696380131128e-05,1457,8333,negative,5.953687622640533e-05,True
live,19,33,1438,8300,0.013040494166094716,0.003960158406336254,52,3.358800367298025,1.7479460505090048,19.354159982912982,1.0858244257347797e-05,1457,8333,negative,6.447233672625663e-05,True
size,20,36,1437,8297,0.013726835964310227,0.004320172806912276,56,3.241905896366885,1.6968422139846289,19.294584996195642,1.1202360361455485e-05,1457,8333,negative,6.63677616080896e-05,True
pvp,21,39,1436,8294,0.014413177762525738,0.0046801872074883,60,3.1428665841289702,1.6520810304882887,19.287331218175915,1.124500057434969e-05,1457,8333,negative,6.64726641490383e-05,True
hold,32,75,1425,8258,0.02196293754289636,0.009000360014400577,107,2.4938501885013045,1.3183748016559966,19.276698272798548,1.130779942712905e-05,1457,8333,negative,6.669600281576559e-05,True
layout,13,17,1444,8316,0.008922443376801648,0.0020400816032641305,30,4.4413885180240325,2.151010779030749,19.2285948309789,1.1596331143126538e-05,1457,8333,negative,6.80965172413554e-05,True
implemented,13,17,1444,8316,0.008922443376801648,0.0020400816032641305,30,4.4413885180240325,2.151010779030749,19.2285948309789,1.1596331143126538e-05,1457,8333,negative,6.80965172413554e-05,True
update,44,119,1413,8214,0.030199039121482498,0.014280571222848914,163,2.164100507213022,1.1137675037352484,19.19409239786804,1.1807824459519016e-05,1457,8333,negative,6.918606595401692e-05,True
final,40,104,1417,8229,0.027453671928620454,0.0124804992199688,144,2.2500341763499656,1.169946915076156,19.18498852271182,1.186427248081988e-05,1457,8333,negative,6.93643649865478e-05,True
happy,37,93,1420,8240,0.02539464653397392,0.011160446417856714,130,2.326654958806024,1.2182572760081898,19.177380317900624,1.1911654500283719e-05,1457,8333,negative,6.948899539990457e-05,True
matter,29,65,1428,8268,0.01990391214824983,0.0078003120124804995,94,2.6069169870707274,1.3823446433843296,19.105231307946593,1.2370534487463764e-05,1457,8333,negative,7.200839507331528e-05,True
thanks,25,52,1432,8281,0.017158544955387784,0.0062402496099844,77,2.807988032909499,1.4895367871742011,18.945635935064875,1.3449657485748259e-05,1457,8333,negative,7.805103172303766e-05,True
thoughts,16,25,1441,8308,0.01098146877144818,0.003000120004800192,41,3.7295097019036545,1.8989859797765283,18.943153396702748,1.3467169764665164e-05,1457,8333,negative,7.805103172303766e-05,True
video,36,90,1421,8243,0.024708304735758406,0.010800432017280691,126,2.3388860494808417,1.2258215753057684,18.881546998969167,1.390916500701815e-05,1457,8333,negative,8.02637097591134e-05,True
base,36,90,1421,8243,0.024708304735758406,0.010800432017280691,126,2.3388860494808417,1.2258215753057684,18.881546998969167,1.390916500701815e-05,1457,8333,negative,8.02637097591134e-05,True
loved,12,227,1445,8106,0.008236101578586136,0.027241089643585743,239,0.30813703764239914,-1.6983559921545668,18.807543795495043,1.4459407754112472e-05,1457,8333,positive,8.325870642000831e-05,True
units,17,28,1440,8305,0.011667810569663692,0.003360134405376215,45,3.5403460055901643,1.8238903648719065,18.70718265613884,1.5240731268563993e-05,1457,8333,negative,8.756851198705087e-05,True
club,12,15,1445,8318,0.008236101578586136,0.0018000720028801152,27,4.640932370761317,2.214414674220416,18.678097334481432,1.547499102326494e-05,1457,8333,negative,8.834331063816774e-05,True
machines,12,15,1445,8318,0.008236101578586136,0.0018000720028801152,27,4.640932370761317,2.214414674220416,18.678097334481432,1.547499102326494e-05,1457,8333,negative,8.834331063816774e-05,True
rooms,12,15,1445,8318,0.008236101578586136,0.0018000720028801152,27,4.640932370761317,2.214414674220416,18.678097334481432,1.547499102326494e-05,1457,8333,negative,8.834331063816774e-05,True
technically,22,43,1435,8290,0.015099519560741249,0.00516020640825633,65,2.987244622203005,1.5788153832090819,18.576051505128245,1.6325869927870588e-05,1457,8333,negative,9.300164364893801e-05,True
sale,67,214,1390,8119,0.04598490048043926,0.025681027241089643,281,1.8375314006381969,0.8777689036403967,18.338349475514317,1.8494649439651592e-05,1457,8333,negative,0.00010513163199597258,True
decide,15,23,1442,8310,0.01029512697323267,0.002760110404416177,38,3.799926250967956,1.9259714189785193,18.21104046700796,1.9772931054357875e-05,1457,8333,negative,0.00011168354701465698,True
confusing,15,23,1442,8310,0.01029512697323267,0.002760110404416177,38,3.799926250967956,1.9259714189785193,18.21104046700796,1.9772931054357875e-05,1457,8333,negative,0.00011168354701465698,True
launch,15,23,1442,8310,0.01029512697323267,0.002760110404416177,38,3.799926250967956,1.9259714189785193,18.21104046700796,1.9772931054357875e-05,1457,8333,negative,0.00011168354701465698,True
hot,11,13,1446,8320,0.0075497597803706245,0.0015600624024961,24,4.899988477935246,2.292778356810453,18.19388415961847,1.995184979576447e-05,1457,8333,negative,0.00011174712511661362,True
blowing,11,13,1446,8320,0.0075497597803706245,0.0015600624024961,24,4.899988477935246,2.292778356810453,18.19388415961847,1.995184979576447e-05,1457,8333,negative,0.00011174712511661362,True
unit,11,13,1446,8320,0.0075497597803706245,0.0015600624024961,24,4.899988477935246,2.292778356810453,18.19388415961847,1.995184979576447e-05,1457,8333,negative,0.00011174712511661362,True
hardcore,11,13,1446,8320,0.0075497597803706245,0.0015600624024961,24,4.899988477935246,2.292778356810453,18.19388415961847,1.995184979576447e-05,1457,8333,negative,0.00011174712511661362,True
devs,73,240,1384,8093,0.050102951269732326,0.028801152046081843,313,1.786552032489194,0.8371779323508175,18.18280918812291,2.0068210782258596e-05,1457,8333,negative,0.00011216320743291701,True
against,35,88,1422,8245,0.024021962937542895,0.010560422416896675,123,2.3251437252390454,1.2173198969866579,18.114915852436255,2.0796594828644753e-05,1457,8333,negative,0.00011599104981834081,True
extremely,43,118,1414,8215,0.029512697323266987,0.014160566422656905,161,2.132072432446944,1.09225645130391,18.07065490262212,2.1285685722442367e-05,1457,8333,negative,0.00011847106082678779,True
killed,13,18,1444,8315,0.008922443376801648,0.002160086403456138,31,4.200808284920434,2.070666946094405,17.966885452183163,2.2478149922974772e-05,1457,8333,negative,0.00012484739103052237,True
text,31,74,1426,8259,0.02127659574468085,0.008880355214208569,105,2.4481400715601382,1.291686104911284,17.961172763349484,2.2545713022969445e-05,1457,8333,negative,0.00012496230960340238,True
intended,16,26,1441,8307,0.01098146877144818,0.0031201248049922,42,3.588341546737871,1.8433172158797415,17.942064444518245,2.277319036195874e-05,1457,8333,negative,0.0001259612562344025,True
racing,5,156,1452,8177,0.0034317089910775567,0.0187207488299532,161,0.19785761026763374,-2.3374655376170717,17.92243389766149,2.3009286348238757e-05,1457,8333,positive,0.00012700363851843587,True
down,93,329,1364,8004,0.06382978723404255,0.03948157926317053,422,1.6646267176969003,0.7351986980747212,17.824538639958764,2.4223898066961846e-05,1457,8333,negative,0.0001334316368729758,True
patch,10,11,1447,8322,0.0068634179821551134,0.0013200528021120844,21,5.249605767064654,2.392209083872774,17.80414817871278,2.4484885018655798e-05,1457,8333,negative,0.00013459114115409556,True
stats,20,38,1437,8295,0.013726835964310227,0.004560182407296292,58,3.072754376058724,1.6195324481529,17.69437257490129,2.5939285558003208e-05,1457,8333,negative,0.00014216258961844363,True
paper,18,32,1439,8301,0.012354152367879203,0.0038401536061442457,50,3.2827156865364575,1.7148898046212253,17.692199566910293,2.596893516285898e-05,1457,8333,negative,0.00014216258961844363,True
building,59,183,1398,8150,0.04049416609471517,0.021960878435137405,242,1.889742707981206,0.9181898221776694,17.669358494147843,2.628265799742758e-05,1457,8333,negative,0.0001435851766826679,True
within,31,75,1426,8258,0.02127659574468085,0.009000360014400577,106,2.4154218981761963,1.2722752044836914,17.450722715948025,2.9485216924619723e-05,1457,8333,negative,0.0001607517143579472,True
number,23,48,1434,8285,0.015785861358956762,0.005760230409216369,71,2.798622315329527,1.4847168028927775,17.3135897406887,3.169123251080954e-05,1457,8333,negative,0.00017207500177967054,True
song,23,48,1434,8285,0.015785861358956762,0.005760230409216369,71,2.798622315329527,1.4847168028927775,17.3135897406887,3.169123251080954e-05,1457,8333,negative,0.00017207500177967054,True
shift,15,24,1442,8309,0.01029512697323267,0.0028801152046081845,39,3.644388639337884,1.8656768170292,17.185158864431617,3.390750329247909e-05,1457,8333,negative,0.0001837345605238806,True
gets,51,152,1406,8181,0.035003431708991076,0.018240729629185166,203,1.9644029768114084,0.9740909138746336,17.16140786360347,3.4334119241208027e-05,1457,8333,negative,0.00018542932292483415,True
excellent,7,171,1450,8162,0.004804392587508579,0.020520820832833315,178,0.24609489238153526,-2.022713379441136,17.16001128415456,3.4359371914804225e-05,1457,8333,positive,0.00018542932292483415,True
making,87,306,1370,8027,0.05971173644474949,0.03672146885875435,393,1.672163920122983,0.7417162799289043,17.011785588519533,3.714851627277814e-05,1457,8333,negative,0.00020007665531964955,True
shame,20,39,1437,8294,0.013726835964310227,0.0046801872074883,59,2.9946020913593836,1.5823643172176984,16.943752493838247,3.850382395521534e-05,1457,8333,negative,0.0002069580537592825,True
put,79,271,1378,8062,0.05422100205902539,0.03252130085203408,350,1.7126170050318927,0.7762025555551443,16.93990983993359,3.858184097252138e-05,1457,8333,negative,0.00020696013688680483,True
using,43,121,1414,8212,0.029512697323266987,0.01452058082323293,164,2.078669337418012,1.055660280943749,16.92309594662478,3.8925084932305686e-05,1457,8333,negative,0.00020838208118378906,True
rate,13,19,1444,8314,0.008922443376801648,0.002280091203648146,32,3.98490294751977,1.9945445877447354,16.79486932374905,4.164574957321545e-05,1457,8333,negative,0.00022250013699838154,True
teams,11,14,1446,8319,0.0075497597803706245,0.0016800672026881075,25,4.561509946720383,2.1895114629998798,16.77498269640656,4.208449553720329e-05,1457,8333,negative,0.00022394663693050694,True
optimized,11,14,1446,8319,0.0075497597803706245,0.0016800672026881075,25,4.561509946720383,2.1895114629998798,16.77498269640656,4.208449553720329e-05,1457,8333,negative,0.00022394663693050694,True
longer,44,126,1413,8207,0.030199039121482498,0.015120604824192968,170,2.042605815463815,1.0304108179012552,16.524644603778242,4.8021834005456276e-05,1457,8333,negative,0.0002550322897580606,True
upgrade,38,103,1419,8230,0.02608098833218943,0.012360494419776791,141,2.156806591420739,1.1088968106622132,16.44681083054794,5.003428277535572e-05,1457,8333,negative,0.0002651916458828993,True
breaking,14,22,1443,8311,0.009608785175017159,0.0026401056042241688,36,3.7106338759958435,1.891665658986666,16.438393202276405,5.0256946381055135e-05,1457,8333,negative,0.00026584329176962895,True
soon,21,43,1436,8290,0.014413177762525738,0.00516020640825633,64,2.8524910882532977,1.512222379256163,16.34902362892996,5.268329688765116e-05,1457,8333,negative,0.00027812607822272866,True
restarting,10,12,1447,8321,0.0068634179821551134,0.0014400576023040922,22,4.829056994818653,2.271741490981471,16.26867644035558,5.4965111769594265e-05,1457,8333,negative,0.0002884586377514534,True
input,10,12,1447,8321,0.0068634179821551134,0.0014400576023040922,22,4.829056994818653,2.271741490981471,16.26867644035558,5.4965111769594265e-05,1457,8333,negative,0.0002884586377514534,True
anyways,10,12,1447,8321,0.0068634179821551134,0.0014400576023040922,22,4.829056994818653,2.271741490981471,16.26867644035558,5.4965111769594265e-05,1457,8333,negative,0.0002884586377514534,True
moving,24,53,1433,8280,0.016472203157172273,0.006360254410176407,77,2.6452770651532584,1.4034188374956726,16.250593652976306,5.5492204265893395e-05,1457,8333,negative,0.00029065268481900155,True
model,15,25,1442,8308,0.01029512697323267,0.003000120004800192,40,3.501050056070955,1.8077876887670117,16.2192377713587,5.641827029927939e-05,1457,8333,negative,0.0002949237423879978,True
ish,12,17,1445,8316,0.008236101578586136,0.0020400816032641305,29,4.109551811039186,2.038981061729571,16.12044154588436,5.943899826839761e-05,1457,8333,negative,0.00030950072145224223,True
rtx,12,17,1445,8316,0.008236101578586136,0.0020400816032641305,29,4.109551811039186,2.038981061729571,16.12044154588436,5.943899826839761e-05,1457,8333,negative,0.00030950072145224223,True
per,17,31,1440,8302,0.011667810569663692,0.003720148805952238,48,3.2020131898646302,1.6789792506752503,16.055839386778768,6.150167089792736e-05,1457,8333,negative,0.00031961687059234767,True
outside,23,50,1434,8283,0.015785861358956762,0.006000240009600384,73,2.6871369953307633,1.4260698745502371,16.045947848367323,6.182379078527917e-05,1457,8333,negative,0.00032066580979290714,True
awesome,15,234,1442,8099,0.01029512697323267,0.028081123244929798,249,0.37113442443637223,-1.4299862710001663,15.827297887275806,6.939409940828374e-05,1457,8333,positive,0.0003592323670339504,True
charming,12,208,1445,8125,0.008236101578586136,0.0249609984399376,220,0.33700469579369363,-1.5691594009547796,15.791955200798144,7.07024931777953e-05,1457,8333,positive,0.0003652962147519424,True
behind,28,68,1429,8265,0.019217570350034317,0.008160326413056522,96,2.4056877628081894,1.2664494054898747,15.615761182672225,7.760502773493712e-05,1457,8333,negative,0.00040018376004128113,True
perfect,23,298,1434,8035,0.015785861358956762,0.03576143045721829,321,0.4409972483540042,-1.1811584409150366,15.603887073093732,7.809388559186876e-05,1457,8333,positive,0.0004019272181234018,True
possible,40,113,1417,8220,0.027453671928620454,0.013560542421696868,153,2.0693517935808683,1.0491789268371223,15.560032642872873,7.992638072909458e-05,1457,8333,negative,0.00041056595572979993,True
tell,43,125,1414,8208,0.029512697323266987,0.01500060002400096,168,2.011436755628599,1.0082263769019435,15.485646965067614,8.313413089248422e-05,1457,8333,negative,0.00042622229415262107,True
favorite,14,223,1443,8110,0.009608785175017159,0.026761070442817714,237,0.36451996103802514,-1.455930276488572,15.4454115122551,8.492287379891912e-05,1457,8333,positive,0.0004339663503918783,True
chill,8,170,1449,8163,0.00549073438572409,0.020400816032641305,178,0.28077130449472415,-1.8325325986274281,15.444359572598415,8.497015562811721e-05,1457,8333,positive,0.0004339663503918783,True
mess,19,38,1438,8295,0.013040494166094716,0.004560182407296292,57,2.920832035534851,1.5463793973768776,15.407979185276604,8.662175632197465e-05,1457,8333,negative,0.0004415556450370639,True
arcade,5,141,1452,8192,0.0034317089910775567,0.016920676827073083,146,0.2192333189395644,-2.189461020056354,15.359992588105667,8.884976766282226e-05,1457,8333,positive,0.00045204862707840486,True
select,16,29,1441,8304,0.01098146877144818,0.0034801392055682227,45,3.2222614155452476,1.6880735417204302,15.25196362392234,9.407889462208998e-05,1457,8333,negative,0.00047683333281842567,True
spot,16,29,1441,8304,0.01098146877144818,0.0034801392055682227,45,3.2222614155452476,1.6880735417204302,15.25196362392234,9.407889462208998e-05,1457,8333,negative,0.00047683333281842567,True
together,40,114,1417,8219,0.027453671928620454,0.013680547221888875,154,2.0510293200249534,1.0363481156852703,15.194663013261804,9.697711386133497e-05,1457,8333,negative,0.0004905901054161651,True
inventory,12,18,1445,8315,0.008236101578586136,0.002160086403456138,30,3.8869464414258603,1.9586372287932274,14.986846278705048,0.00010826319559057639,1457,8333,negative,0.0005466471201599936,True
changes,32,84,1425,8249,0.02196293754289636,0.010080403216128644,116,2.225804710897661,1.1543270181160892,14.955388809204091,0.00011008321075264427,1457,8333,negative,0.0005547860867042526,True
amount,50,155,1407,8178,0.03431708991077557,0.01860074402976119,205,1.8870623040327141,0.9161420563433162,14.941727210762535,0.00011088318272552475,1457,8333,negative,0.0005577633304646208,True
dealing,10,13,1447,8320,0.0068634179821551134,0.0015600624024961,23,4.470811744386874,2.160536798585201,14.881821635759824,0.00011446069062761023,1457,8333,negative,0.0005735943631827236,True
dig,10,13,1447,8320,0.0068634179821551134,0.0015600624024961,23,4.470811744386874,2.160536798585201,14.881821635759824,0.00011446069062761023,1457,8333,negative,0.0005735943631827236,True
return,23,52,1434,8281,0.015785861358956762,0.0062402496099844,75,2.5841457949509534,1.3696874677559456,14.864389933100863,0.00011552335650244678,1457,8333,negative,0.0005767514390178336,True
important,23,52,1434,8281,0.015785861358956762,0.0062402496099844,75,2.5841457949509534,1.3696874677559456,14.864389933100863,0.00011552335650244678,1457,8333,negative,0.0005767514390178336,True
kinda,35,96,1422,8237,0.024021962937542895,0.011520460818432738,131,2.130316799766885,1.0910679898254338,14.681301627686194,0.00012730294544802736,1457,8333,negative,0.000634373182363441,True
last,56,181,1401,8152,0.038435140700068635,0.02172086883475339,237,1.8107959889492662,0.8566240160227707,14.666633018802859,0.0001282974684277203,1457,8333,negative,0.0006381362888587729,True
hope,66,224,1391,8109,0.045298558682223745,0.02688107524300972,290,1.7262995901780376,0.7876828583508612,14.634658689415437,0.00013049250176682677,1457,8333,negative,0.0006478454556989948,True
twist,24,56,1433,8277,0.016472203157172273,0.00672026881075243,80,2.503912387219844,1.3241840827438587,14.55177416396976,0.00013636019094971072,1457,8333,negative,0.0006757179722526557,True
tries,14,24,1443,8309,0.009608785175017159,0.0028801152046081845,38,3.4069049857559928,1.76846171306676,14.521945115354916,0.0001385362959280977,1457,8333,negative,0.0006852277642751548,True
less,64,216,1393,8117,0.04392587508579272,0.02592103684147366,280,1.7354701099048617,0.7953265177661705,14.470499586013883,0.00014237186133735568,1457,8333,negative,0.0007028951524544264,True
seconds,16,30,1441,8303,0.01098146877144818,0.0036001440057602304,46,3.1162382081506625,1.6398055185672378,14.448313165549878,0.0001440588199961965,1457,8333,negative,0.0007099090833823658,True
belts,9,11,1448,8322,0.0061770761839396015,0.0013200528021120844,20,4.746364304903123,2.2468228381437947,14.350249579376406,0.00015175957631931834,1457,8333,negative,0.0007451031868642775,True
chose,9,11,1448,8322,0.0061770761839396015,0.0013200528021120844,20,4.746364304903123,2.2468228381437947,14.350249579376406,0.00015175957631931834,1457,8333,negative,0.0007451031868642775,True
mean,30,78,1427,8255,0.02059025394646534,0.0093603744149766,108,2.2469708969625306,1.1679814386790397,14.335240597764786,0.0001529742477134245,1457,8333,negative,0.0007486890491268371,True
challenging,20,265,1437,8068,0.013726835964310227,0.03180127205088203,285,0.43338540899042005,-1.2062775125944827,14.334289025537355,0.00015305158731212536,1457,8333,positive,0.0007486890491268371,True
expensive,11,16,1446,8317,0.0075497597803706245,0.0019200768030721229,27,4.007635986550608,2.0027514745391883,14.291060257606077,0.00015660687275107253,1457,8333,negative,0.0007646775142021233,True
far,80,288,1377,8045,0.05490734385724091,0.03456138245529821,368,1.6297143683927442,0.7046191329148169,14.190873848662095,0.00016516965473146816,1457,8333,negative,0.0008050133446327131,True
secret,22,50,1435,8283,0.015099519560741249,0.006000240009600384,72,2.5709984791582605,1.362328756763757,14.065275713028367,0.00017657377644241364,1457,8333,negative,0.0008559012509008632,True
miss,22,50,1435,8283,0.015099519560741249,0.006000240009600384,72,2.5709984791582605,1.362328756763757,14.065275713028367,0.00017657377644241364,1457,8333,negative,0.0008559012509008632,True
shoot,22,50,1435,8283,0.015099519560741249,0.006000240009600384,72,2.5709984791582605,1.362328756763757,14.065275713028367,0.00017657377644241364,1457,8333,negative,0.0008559012509008632,True
watching,19,40,1438,8293,0.013040494166094716,0.004800192007680307,59,2.7759239949020973,1.4729680673113623,14.057898875200271,0.00017726772699967197,1457,8333,negative,0.0008561517394585607,True
towards,19,40,1438,8293,0.013040494166094716,0.004800192007680307,59,2.7759239949020973,1.4729680673113623,14.057898875200271,0.00017726772699967197,1457,8333,negative,0.0008561517394585607,True
developer,44,134,1413,8199,0.030199039121482498,0.016080643225729028,178,1.9192399893222944,0.9405351230794992,13.847793307751529,0.00019822938240233808,1457,8333,negative,0.0009556591925581072,True
designs,31,83,1426,8250,0.02127659574468085,0.009960398415936638,114,2.181888588753093,1.1255774368782987,13.798883190273799,0.0002034571358896577,1457,8333,negative,0.0009790915600755008,True
generated,17,34,1440,8299,0.011667810569663692,0.004080163206528261,51,2.922520863830494,1.5472133241709076,13.777593311617707,0.0002057758828033983,1457,8333,negative,0.0009884657721691168,True
lose,28,72,1429,8261,0.019217570350034317,0.008640345613824553,100,2.271860187429895,1.1838740526647604,13.723450251919017,0.00021179344801946628,1457,8333,negative,0.0010155419647839875,True
offers,3,111,1454,8222,0.002059025394646534,0.013320532821312852,114,0.17745299495766192,-2.4944911712402424,13.665828603754038,0.0002183925482979249,1457,8333,positive,0.0010453043694116117,True
stat,15,28,1442,8305,0.01029512697323267,0.003360134405376215,43,3.1313873939615067,1.6468019999408408,13.639429448710654,0.0002214847291623365,1457,8333,negative,0.0010582048171089411,True
dance,10,14,1447,8319,0.0068634179821551134,0.0016800672026881075,24,4.161979631945685,2.057269904774628,13.62501109278346,0.00022319216575369372,1457,8333,negative,0.0010613883465478275,True
demos,10,14,1447,8319,0.0068634179821551134,0.0016800672026881075,24,4.161979631945685,2.057269904774628,13.62501109278346,0.00022319216575369372,1457,8333,negative,0.0010613883465478275,True
objects,20,44,1437,8289,0.013726835964310227,0.0052802112084483375,64,2.6565276013678556,1.4095417025153534,13.623722471691893,0.00022334540975743858,1457,8333,negative,0.0010613883465478275,True
sessions,0,77,1457,8256,0.0,0.009240369614784591,77,0.03654733580479168,-4.77408994806503,13.569948460452574,0.00022983569059118207,1457,8333,positive,0.0010892254770176774,True
satisfying,11,185,1446,8148,0.0075497597803706245,0.02220088803552142,196,0.3492312981515937,-1.5177452356202004,13.568441927782226,0.0002300202338938306,1457,8333,positive,0.0010892254770176774,True
giving,36,103,1421,8230,0.024708304735758406,0.012360494419776791,139,2.0418877792900947,1.0299035788941935,13.509410803063274,0.00023737005647734923,1457,8333,negative,0.001122036472639385,True
brain,3,110,1454,8223,0.002059025394646534,0.013200528021120844,113,0.17908068111291373,-2.481318384397048,13.493107327275462,0.00023944135825705639,1457,8333,positive,0.0011298241789616146,True
football,19,41,1438,8292,0.013040494166094716,0.004920196807872315,60,2.7087076146085907,1.437604673451421,13.425281502220903,0.00024825576188524024,1457,8333,negative,0.0011693460444983225,True
masterpiece,1,87,1456,8246,0.0006863417982155113,0.010440417616704669,88,0.09706046785346477,-3.3649723755386067,13.245609188357468,0.0002732191021430542,1457,8333,positive,0.0012846598347678703,True
brought,11,17,1446,8316,0.0075497597803706245,0.0020400816032641305,28,3.7781739173374156,1.917689113559309,13.2007697239952,0.0002798341637325128,1457,8333,negative,0.001313446972730421,True
rewarding,5,128,1452,8205,0.0034317089910775567,0.015360614424576983,133,0.24179564282700564,-2.048139847523273,13.168943806234546,0.0002846271190624421,1457,8333,positive,0.0013335956053083843,True
classes,17,35,1440,8298,0.011667810569663692,0.004200168006720269,52,2.839854119510538,1.505816821820026,13.08993699778386,0.00029688633651912306,1457,8333,negative,0.0013885946897543545,True
broken,30,81,1427,8252,0.02059025394646534,0.009720388815552622,111,2.1634738323681413,1.113349671191502,13.071892506136935,0.0002997601120075505,1457,8333,negative,0.00139958048793718,True
peak,5,127,1452,8206,0.0034317089910775567,0.015240609624384975,132,0.2437217778677736,-2.036692925409716,13.00173857825842,0.000311201898639107,1457,8333,positive,0.0014407816144040896,True
glance,9,12,1448,8321,0.0061770761839396015,0.0014400576023040922,21,4.366130479806697,2.126355245252492,13.001228694373621,0.0003112866503738768,1457,8333,negative,0.0014407816144040896,True
liberty,9,12,1448,8321,0.0061770761839396015,0.0014400576023040922,21,4.366130479806697,2.126355245252492,13.001228694373621,0.0003112866503738768,1457,8333,negative,0.0014407816144040896,True
clone,9,12,1448,8321,0.0061770761839396015,0.0014400576023040922,21,4.366130479806697,2.126355245252492,13.001228694373621,0.0003112866503738768,1457,8333,negative,0.0014407816144040896,True
alpha,9,12,1448,8321,0.0061770761839396015,0.0014400576023040922,21,4.366130479806697,2.126355245252492,13.001228694373621,0.0003112866503738768,1457,8333,negative,0.0014407816144040896,True
farm,12,20,1445,8313,0.008236101578586136,0.0024000960038401535,32,3.506888493305549,1.8101915587023207,12.964752471469343,0.00031741042254523736,1457,8333,negative,0.001460240043141188,True
testing,12,20,1445,8313,0.008236101578586136,0.0024000960038401535,32,3.506888493305549,1.8101915587023207,12.964752471469343,0.00031741042254523736,1457,8333,negative,0.001460240043141188,True
red,12,20,1445,8313,0.008236101578586136,0.0024000960038401535,32,3.506888493305549,1.8101915587023207,12.964752471469343,0.00031741042254523736,1457,8333,negative,0.001460240043141188,True
gun,16,32,1441,8301,0.01098146877144818,0.0038401536061442457,48,2.9237653085728006,1.5478275104192567,12.963153478507358,0.00031768162979065604,1457,8333,negative,0.001460240043141188,True
buying,33,93,1424,8240,0.022649279341111873,0.011160446417856714,126,2.072642056599276,1.0514709858357716,12.884512360850254,0.000331312457358398,1457,8333,negative,0.0015202736855722703,True
missions,15,29,1442,8304,0.01029512697323267,0.0034801392055682227,44,3.0248744235231912,1.5968752507109139,12.873442666380095,0.00033327794910607155,1457,8333,negative,0.0015240463333049516,True
asking,15,29,1442,8304,0.01029512697323267,0.0034801392055682227,44,3.0248744235231912,1.5968752507109139,12.873442666380095,0.00033327794910607155,1457,8333,negative,0.0015240463333049516,True
crash,13,23,1444,8310,0.008922443376801648,0.002760110404416177,36,3.3050308212368265,1.7246637257233421,12.854307814829514,0.0003367032299116811,1457,8333,negative,0.0015370733064118867,True
appears,14,26,1443,8307,0.009608785175017159,0.0031201248049922,40,3.149021965741025,1.6549038209077849,12.831844974553958,0.0003407695754219696,1457,8333,negative,0.0015529772445726,True
drop,25,63,1432,8270,0.017158544955387784,0.007560302412096484,88,2.3184812631405367,1.2131800675865134,12.8257604220846,0.00034187953389142164,1457,8333,negative,0.0015553768555538058,True
easy,60,547,1397,7786,0.04118050789293068,0.0656426257050282,607,0.6156894650427622,-0.699725211831509,12.760228660088673,0.00035406760996605527,1457,8333,positive,0.0016080821944965986,True
think,143,595,1314,7738,0.09814687714481812,0.07140285611424457,738,1.4186208277562893,0.5044890340673579,12.726123352955605,0.0003605832017096463,1457,8333,negative,0.0016348891424454372,True
traditional,1,83,1456,8250,0.0006863417982155113,0.009960398415936638,84,0.10175940600775792,-3.2967659404590903,12.539018357254202,0.00039854161769716407,1457,8333,positive,0.0018020516950653987,True
unlike,2,94,1455,8239,0.0013726835964310226,0.011280451218048722,96,0.1497603507222195,-2.7392723762168267,12.53779027729893,0.00039880363844283016,1457,8333,positive,0.0018020516950653987,True
reading,34,98,1423,8235,0.023335621139327384,0.011760470418816752,132,2.026354217370141,1.0188863868614286,12.492110078651008,0.00040867433303440803,1457,8333,negative,0.0018435292248218812,True
removed,10,15,1447,8318,0.0068634179821551134,0.0018000720028801152,25,3.8929968243356177,1.9608811678249023,12.48264376857495,0.0004107504710169372,1457,8333,negative,0.0018466454565449486,True
deserve,10,15,1447,8318,0.0068634179821551134,0.0018000720028801152,25,3.8929968243356177,1.9608811678249023,12.48264376857495,0.0004107504710169372,1457,8333,negative,0.0018466454565449486,True
figure,38,114,1419,8219,0.02608098833218943,0.013680547221888875,152,1.9469968360222787,0.9612505396007465,12.47634524220574,0.0004121377472054195,1457,8333,negative,0.0018497630202856034,True
delivers,0,70,1457,8263,0.0,0.008400336013440538,70,0.04021021130615671,-4.636294272200406,12.327432603476979,0.0004463498832487592,1457,8333,positive,0.0019999475441028437,True
bullet,3,103,1454,8230,0.002059025394646534,0.012360494419776791,106,0.19135516463150343,-2.3856752553509986,12.288002792964846,0.00045587932297797533,1457,8333,positive,0.0020392185823142318,True
became,16,33,1441,8300,0.01098146877144818,0.003960158406336254,49,2.836147048317207,1.5039323352495906,12.276663254958693,0.00045865769854934056,1457,8333,negative,0.002048210091009283,True
writing,20,250,1437,8083,0.013726835964310227,0.03000120004800192,270,0.4601905753709971,-1.119696657185322,12.247599267473593,0.00046585714047231924,1457,8333,positive,0.002076881499162547,True
lower,11,18,1446,8315,0.0075497597803706245,0.002160086403456138,29,3.573518558309433,1.8373452806229655,12.197651158307163,0.00047849725148039845,1457,8333,negative,0.0021296722411464812,True
gone,21,50,1436,8283,0.014413177762525738,0.006000240009600384,71,2.455021659492785,1.2957357528108382,12.191553414007068,0.00048006389942251637,1457,8333,negative,0.0021330839264340476,True
lore,1,81,1456,8252,0.0006863417982155113,0.009720388815552622,82,0.10428184213352877,-3.2614401215403714,12.186098897258006,0.0004814696737027643,1457,8333,positive,0.0021357706324318963,True
technical,15,30,1442,8303,0.01029512697323267,0.0036001440057602304,45,2.925345910162798,1.5486072275577214,12.149215096294768,0.0004910852739791452,1457,8333,negative,0.0021711995695330036,True
agree,15,30,1442,8303,0.01029512697323267,0.0036001440057602304,45,2.925345910162798,1.5486072275577214,12.149215096294768,0.0004910852739791452,1457,8333,negative,0.0021711995695330036,True
customization,28,76,1429,8257,0.019217570350034317,0.009120364814592583,104,2.152027652614036,1.1056966160138793,12.030071673230342,0.0005234906336212193,1457,8333,negative,0.0023106391212486268,True
ran,13,24,1444,8309,0.008922443376801648,0.0028801152046081845,37,3.169750143047873,1.6643691237740226,12.025753435878043,0.0005247048428207314,1457,8333,negative,0.002312170431338958,True
guy,22,54,1435,8279,0.015099519560741249,0.006480259210368415,76,2.3811509591326105,1.2516590868359816,11.96112233084309,0.0005432214024689804,1457,8333,negative,0.0023898156088816864,True
solid,17,224,1440,8109,0.011667810569663692,0.02688107524300972,241,0.43883627390575997,-1.188245312033625,11.954007705967824,0.0005452996090542295,1457,8333,positive,0.002395006190673107,True
kill,20,47,1437,8286,0.013726835964310227,0.005640225609024361,67,2.487846224256293,1.3148973141023088,11.931679307491896,0.0005518740818556292,1457,8333,negative,0.0024198952339261636,True
helps,2,90,1455,8243,0.0013726835964310226,0.010800432017280691,92,0.1564555097733687,-2.6761756291321244,11.841032906202193,0.0005793967824406621,1457,8333,positive,0.0025364069326548524,True
colorful,1,79,1456,8254,0.0006863417982155113,0.009480379215168607,80,0.10693119328449566,-3.2252453266530305,11.833440372462825,0.0005817640571870726,1457,8333,positive,0.002542595043378255,True
best,61,545,1396,7788,0.041866849691146193,0.06540261610464418,606,0.628772074221169,-0.6693909505689714,11.830301596013392,0.0005827455466738883,1457,8333,positive,0.00254271624784384,True
sons,9,13,1448,8320,0.0061770761839396015,0.0015600624024961,22,4.042227591761592,2.015150552856222,11.790646950962904,0.00059529044172181,1457,8333,negative,0.0025805598660656025,True
boxes,9,13,1448,8320,0.0061770761839396015,0.0015600624024961,22,4.042227591761592,2.015150552856222,11.790646950962904,0.00059529044172181,1457,8333,negative,0.0025805598660656025,True
kills,9,13,1448,8320,0.0061770761839396015,0.0015600624024961,22,4.042227591761592,2.015150552856222,11.790646950962904,0.00059529044172181,1457,8333,negative,0.0025805598660656025,True
hook,9,13,1448,8320,0.0061770761839396015,0.0015600624024961,22,4.042227591761592,2.015150552856222,11.790646950962904,0.00059529044172181,1457,8333,negative,0.0025805598660656025,True
tracks,3,100,1454,8233,0.002059025394646534,0.012000480019200769,103,0.19713908970103078,-2.342714225525917,11.773808565687734,0.0006006994803060022,1457,8333,positive,0.0025997805430126655,True
seeing,24,62,1433,8271,0.016472203157172273,0.007440297611904476,86,2.2618960585978374,1.1775326343715597,11.618582886211314,0.0006529613227390829,1457,8333,negative,0.002821385553358825,True
style,49,459,1408,7874,0.033630748112560054,0.05508220328813152,508,0.6022624953502036,-0.7315356740155373,11.599836435326296,0.0006595762008877039,1457,8333,positive,0.002845356232308444,True
builds,5,118,1452,8215,0.0034317089910775567,0.014160566422656905,123,0.26251988060742065,-1.9295014128031596,11.50677825440135,0.0006934286025404393,1457,8333,positive,0.002986560023219404,True
driven,2,88,1455,8245,0.0013726835964310226,0.010560422416896675,90,0.16003004384305003,-2.643585314559483,11.493350834468062,0.0006984560343384893,1457,8333,positive,0.003003360947655504,True
straight,33,97,1424,8236,0.022649279341111873,0.011640465618624744,130,1.9866457866457867,0.9903346670497312,11.471076949056613,0.0007068770572776611,1457,8333,negative,0.0030315677491253652,True
particular,15,31,1442,8302,0.01029512697323267,0.003720148805952238,46,2.8321366674919535,1.5018908857441846,11.464025635346866,0.0007095642443564246,1457,8333,negative,0.0030315677491253652,True
middle,15,31,1442,8302,0.01029512697323267,0.003720148805952238,46,2.8321366674919535,1.5018908857441846,11.464025635346866,0.0007095642443564246,1457,8333,negative,0.0030315677491253652,True
requires,15,31,1442,8302,0.01029512697323267,0.003720148805952238,46,2.8321366674919535,1.5018908857441846,11.464025635346866,0.0007095642443564246,1457,8333,negative,0.0030315677491253652,True
home,4,108,1453,8225,0.002745367192862045,0.01296051842073683,112,0.23470916380134396,-2.091053924467845,11.442728294404258,0.0007177432766226986,1457,8333,positive,0.0030493799095002464,True
direct,10,16,1447,8317,0.0068634179821551134,0.0019200768030721229,26,3.656617993405558,1.8705099163139363,11.441518782402888,0.0007182106256924066,1457,8333,negative,0.0030493799095002464,True
combine,10,16,1447,8317,0.0068634179821551134,0.0019200768030721229,26,3.656617993405558,1.8705099163139363,11.441518782402888,0.0007182106256924066,1457,8333,negative,0.0030493799095002464,True
changed,18,41,1439,8292,0.012354152367879203,0.004920196807872315,59,2.5680143289378425,1.3606532523939752,11.441265463214215,0.000718308545823764,1457,8333,negative,0.0030493799095002464,True
although,8,145,1449,8188,0.00549073438572409,0.017400696027841115,153,0.3300213724604645,-1.5993686372517677,11.434865512076051,0.000720786916684234,1457,8333,positive,0.0030503156117617494,True
humor,3,98,1454,8235,0.002059025394646534,0.011760470418816752,101,0.20119077325227328,-2.313363951217177,11.431840321683943,0.0007219614219886212,1457,8333,positive,0.0030503156117617494,True
cast,3,98,1454,8235,0.002059025394646534,0.011760470418816752,101,0.20119077325227328,-2.313363951217177,11.431840321683943,0.0007219614219886212,1457,8333,positive,0.0030503156117617494,True
complete,52,177,1405,8156,0.03568977350720659,0.02124084963398536,229,1.716460985765178,0.779437065985663,11.333807464609553,0.0007610869341779532,1457,8333,negative,0.003210534440693708,True
metroidvania,2,87,1455,8246,0.0013726835964310226,0.010440417616704669,89,0.16187858860479953,-2.6270159193548177,11.31969328567555,0.0007668937962235492,1457,8333,positive,0.003229919211266954,True
equipment,11,19,1446,8314,0.0075497597803706245,0.002280091203648146,30,3.3898534925150896,1.7612229222732956,11.272990923237412,0.0007864291968814426,1457,8333,negative,0.003291397549271469,True
forest,11,19,1446,8314,0.0075497597803706245,0.002280091203648146,30,3.3898534925150896,1.7612229222732956,11.272990923237412,0.0007864291968814426,1457,8333,negative,0.003291397549271469,True
cut,11,19,1446,8314,0.0075497597803706245,0.002280091203648146,30,3.3898534925150896,1.7612229222732956,11.272990923237412,0.0007864291968814426,1457,8333,negative,0.003291397549271469,True
mark,11,19,1446,8314,0.0075497597803706245,0.002280091203648146,30,3.3898534925150896,1.7612229222732956,11.272990923237412,0.0007864291968814426,1457,8333,negative,0.003291397549271469,True
published,0,64,1457,8269,0.0,0.007680307212288491,64,0.04398260800191472,-4.506923036698845,11.263842533960458,0.0007903144391456615,1457,8333,positive,0.003302473816241902,True
stands,13,25,1444,8308,0.008922443376801648,0.003000120004800192,38,3.0450797141286423,1.6064799955118345,11.249949435631136,0.0007962518485078188,1457,8333,negative,0.003316886606440383,True
load,13,25,1444,8308,0.008922443376801648,0.003000120004800192,38,3.0450797141286423,1.6064799955118345,11.249949435631136,0.0007962518485078188,1457,8333,negative,0.003316886606440383,True
instantly,12,22,1445,8311,0.008236101578586136,0.0026401056042241688,34,3.1943964026288483,1.675543352392751,11.22141705140151,0.0008085873041385572,1457,8333,negative,0.003363016775091097,True
ends,21,52,1436,8281,0.014413177762525738,0.0062402496099844,73,2.3609268559494803,1.239353346016547,11.192933531374972,0.0008210942958455332,1457,8333,negative,0.0034097155649909523,True
era,2,86,1455,8247,0.0013726835964310226,0.01032041281651266,88,0.16376987428589584,-2.610258099419835,11.146161941893192,0.0008420571220319141,1457,8333,positive,0.003485907278473732,True
provides,2,86,1455,8247,0.0013726835964310226,0.01032041281651266,88,0.16376987428589584,-2.610258099419835,11.146161941893192,0.0008420571220319141,1457,8333,positive,0.003485907278473732,True
doing,46,152,1411,8181,0.031571722717913524,0.018240729629185166,198,1.7674012647863278,0.8216296216644535,11.122291459844458,0.0008529634290792872,1457,8333,negative,0.00352558217352772,True
blast,0,63,1457,8270,0.0,0.007560302412096484,63,0.044680649910184896,-4.484206018828574,11.086705090492096,0.0008694883737844028,1457,8333,positive,0.003588321988404362,True
multiple,54,187,1403,8146,0.03706245710363761,0.022440897635905437,241,1.6871506946918418,0.7545888395265157,11.042211959632645,0.0008906053680868644,1457,8333,negative,0.003669789662008625,True
huge,40,127,1417,8206,0.027453671928620454,0.015240609624384975,167,1.8389915966386554,0.8789148872999115,11.032293666509565,0.0008953829489934777,1457,8333,negative,0.0036837823179268698,True
attack,22,56,1435,8277,0.015099519560741249,0.00672026881075243,78,2.2963075984131827,1.1993159089916667,11.016679698226564,0.0009029566583393263,1457,8333,negative,0.003709217952438589,True
properly,16,35,1441,8298,0.01098146877144818,0.004200168006720269,51,2.675719247849218,1.4199267478984767,11.004874565557804,0.0009087258217107888,1457,8333,negative,0.003721448603196564,True
lacks,16,35,1441,8298,0.01098146877144818,0.004200168006720269,51,2.675719247849218,1.4199267478984767,11.004874565557804,0.0009087258217107888,1457,8333,negative,0.003721448603196564,True
avoid,18,42,1439,8291,0.012354152367879203,0.005040201608064322,60,2.5072880697954765,1.326127761225649,10.891397260956811,0.0009661192057988793,1457,8333,negative,0.003950419942729774,True
actual,36,111,1421,8222,0.024708304735758406,0.013320532821312852,147,1.893542316980263,0.9210876630049496,10.874057973583676,0.0009752061905441001,1457,8333,negative,0.003981469684518485,True
face,21,53,1436,8280,0.014413177762525738,0.006360254410176407,74,2.3165176262397895,1.2119576597905621,10.72090704582821,0.0010593173063191293,1457,8333,negative,0.0043182567869217104,True
social,9,14,1448,8319,0.0061770761839396015,0.0016800672026881075,23,3.7630009641365025,1.9118836590456487,10.700451712137856,0.0010710937984139005,1457,8333,negative,0.0043529513209930775,True
resolution,9,14,1448,8319,0.0061770761839396015,0.0016800672026881075,23,3.7630009641365025,1.9118836590456487,10.700451712137856,0.0010710937984139005,1457,8333,negative,0.0043529513209930775,True
took,42,137,1415,8196,0.028826355525051476,0.016440657626305054,179,1.7898012266786552,0.8397993722892447,10.598953404580502,0.0011315169242151254,1457,8333,negative,0.00459151312017888,True
run,73,275,1384,8058,0.050102951269732326,0.03300132005280211,348,1.5528409884126761,0.6349101046938733,10.579751313153476,0.0011433303886648663,1457,8333,negative,0.0046323994166877405,True
positioning,0,60,1457,8273,0.0,0.007200288011520461,60,0.04691323022837135,-4.413861348203088,10.55551122353219,0.001158421691034335,1457,8333,positive,0.004686422197720086,True
difference,13,26,1444,8307,0.008922443376801648,0.0031201248049922,39,2.929818374184447,1.5508112316150475,10.522840833241737,0.0011790809118802956,1457,8333,negative,0.004762772289504345,True
videos,10,17,1447,8316,0.0068634179821551134,0.0020400816032641305,27,3.4472538860103628,1.7854475553340572,10.490390941190128,0.0011999697864878442,1457,8333,negative,0.004839817625985768,True
incredible,7,130,1450,8203,0.004804392587508579,0.015600624024960999,137,0.32503655101094747,-1.6213261336779168,10.476232395189268,0.0012092009910097496,1457,8333,positive,0.004869682540833826,True
detail,4,102,1453,8231,0.002745367192862045,0.012240489619584783,106,0.2486294646228196,-2.007930817216499,10.439606205352383,0.0012334156433664897,1457,8333,positive,0.004952903959578456,True
hype,12,23,1445,8310,0.008236101578586136,0.002760110404416177,35,3.0580966609507128,1.6126340084221642,10.439357881736289,0.0012335814813053618,1457,8333,negative,0.004952903959578456,True
action,14,189,1443,8144,0.009608785175017159,0.02268090723628945,203,0.431724233736347,-1.2118180178165487,10.436552184597208,0.0012354567782719864,1457,8333,positive,0.0049529740915385196,True
inspired,1,71,1456,8262,0.0006863417982155113,0.008520340813632545,72,0.11901075237841459,-3.070836170915165,10.425604830140173,0.0012428015006038585,1457,8333,positive,0.004974938139053884,True
mins,11,20,1446,8313,0.0075497597803706245,0.0024000960038401535,31,3.224106969725072,1.6888996105320586,10.419199723190648,0.0012471192443479465,1457,8333,negative,0.0049772753075323735,True
importantly,11,20,1446,8313,0.0075497597803706245,0.0024000960038401535,31,3.224106969725072,1.6888996105320586,10.419199723190648,0.0012471192443479465,1457,8333,negative,0.0049772753075323735,True
platformer,2,81,1455,8252,0.0013726835964310226,0.009720388815552622,83,0.17392248146969502,-2.5234836653565824,10.280511244006824,0.0013444268997207705,1457,8333,positive,0.005357611531622682,True
novel,35,109,1422,8224,0.024021962937542895,0.013080523220928838,144,1.874439656210126,0.9064593817275197,10.244312534577672,0.0013710667179378574,1457,8333,negative,0.005455617716451235,True
annoying,34,105,1423,8228,0.023335621139327384,0.012600504020160807,139,1.8902960961650828,0.9186122360393438,10.211042489365454,0.0013960223814464348,1457,8333,negative,0.00554664034118658,True
laugh,0,58,1457,8275,0.0,0.0069602784111364455,58,0.04852882966090513,-4.365014121817013,10.201563919523489,0.001403216019190897,1457,8333,positive,0.005560322276529631,True
sad,15,33,1442,8300,0.01029512697323267,0.003960158406336254,48,2.6624123748674307,1.412734044240074,10.201010425965563,0.0014036372438501281,1457,8333,negative,0.005560322276529631,True
comes,39,126,1418,8207,0.026767330130404943,0.015120604824192968,165,1.8067086397839949,0.8533638676687768,10.152350620350925,0.0014411736244799131,1457,8333,negative,0.005696851195007028,True
art,67,569,1390,7764,0.04598490048043926,0.06828273130925237,636,0.6618392901284553,-0.595447155018521,10.150813159878464,0.0014423760527493413,1457,8333,positive,0.005696851195007028,True
cats,4,100,1453,8233,0.002745367192862045,0.012000480019200769,104,0.2536389261124717,-1.9791519211771396,10.107162689116716,0.0014769417055418821,1457,8333,positive,0.0058247434718560025,True
timing,1,69,1456,8264,0.0006863417982155113,0.00828033121324853,70,0.12246515866606406,-3.0295567339800433,10.074402436223654,0.0015034337365958208,1457,8333,positive,0.0059204643157525225,True
placing,8,12,1449,8321,0.00549073438572409,0.0014400576023040922,20,3.903842704380821,1.964894924268252,9.98100441352175,0.0015816338504928394,1457,8333,negative,0.006219226910639985,True
spoiler,2,79,1455,8254,0.0013726835964310226,0.009480379215168607,81,0.17834110044528562,-2.4872888704692415,9.935254062548767,0.0016214305434880682,1457,8333,positive,0.006366323753960515,True
recommended,10,152,1447,8181,0.0068634179821551134,0.018240729629185166,162,0.3891650386477533,-1.3615459860917236,9.864426429490514,0.0016850520105700243,1457,8333,positive,0.006606395088499537,True
literally,32,98,1425,8235,0.02196293754289636,0.011760470418816752,130,1.9062062113747602,0.9307041969160271,9.852207604745077,0.0016962807913790247,1457,8333,negative,0.00664065284848235,True
sucks,13,27,1444,8306,0.008922443376801648,0.0032401296051842074,40,2.8229396771452846,1.4971983004442901,9.840778147043732,0.0017068527845340287,1457,8333,negative,0.006672242703178476,True
become,29,86,1428,8247,0.01990391214824983,0.01032041281651266,115,1.969010300225994,0.9774706582410378,9.811672534633397,0.0017340773187108805,1457,8333,negative,0.006768741041995911,True
try,99,403,1358,7930,0.06794783802333562,0.0483619344773791,502,1.439529165805824,0.5255970191459918,9.779235941038555,0.0017649364029541875,1457,8333,negative,0.006879123465315591,True
dark,22,59,1435,8274,0.015099519560741249,0.007080283211328453,81,2.179737098601196,1.1241541398569994,9.719638945224968,0.0018230932810342642,1457,8333,negative,0.0070800321833793655,True
research,9,15,1448,8318,0.0061770761839396015,0.0018000720028801152,24,3.519803578785618,1.8154949220959231,9.715599115548677,0.0018271050795817718,1457,8333,negative,0.0070800321833793655,True
outfits,9,15,1448,8318,0.0061770761839396015,0.0018000720028801152,24,3.519803578785618,1.8154949220959231,9.715599115548677,0.0018271050795817718,1457,8333,negative,0.0070800321833793655,True
abandoned,9,15,1448,8318,0.0061770761839396015,0.0018000720028801152,24,3.519803578785618,1.8154949220959231,9.715599115548677,0.0018271050795817718,1457,8333,negative,0.0070800321833793655,True
various,7,125,1450,8208,0.004804392587508579,0.01500060002400096,132,0.33819221562560514,-1.564084642140011,9.693035825394256,0.0018496769258300955,1457,8333,positive,0.00715709533274751,True
fairy,0,55,1457,8278,0.0,0.006600264010560422,55,0.05117055305734551,-4.288542363525113,9.670915650185329,0.0018720798679396106,1457,8333,positive,0.0072332825042420315,True
design,85,337,1372,7996,0.05833905284831846,0.04044161766470659,422,1.4759781420765028,0.5616713565261342,9.630878166141127,0.001913331046219508,1457,8333,negative,0.007376284702171054,True
eleven,11,21,1446,8312,0.0075497597803706245,0.002520100804032161,32,3.0737787281248243,1.6200133135885921,9.629636925889457,0.0019146245363474755,1457,8333,negative,0.007376284702171054,True
reach,15,34,1442,8299,0.01029512697323267,0.004080163206528261,49,2.584929545625801,1.370124959239842,9.618806852675856,0.0019259481768531118,1457,8333,negative,0.0074092032315878735,True
rush,4,97,1453,8236,0.002745367192862045,0.011640465618624744,101,0.26153846153846155,-1.934904971778115,9.610474078991949,0.0019347069013891393,1457,8333,positive,0.007432173773924272,True
section,17,41,1440,8292,0.011667810569663692,0.004920196807872315,58,2.4275163827820827,1.2794810321135557,9.587689529649005,0.001958862869483564,1457,8333,negative,0.007514141597184434,True
check,33,103,1424,8230,0.022649279341111873,0.012360494419776791,136,1.870114609245044,0.9031266878256249,9.583532059801986,0.001963303457048133,1457,8333,negative,0.007520354908750463,True
abilities,32,99,1425,8234,0.02196293754289636,0.01188047521900876,131,1.8868192241459842,0.9159562051739081,9.549340501834052,0.002000212704308599,1457,8333,negative,0.007646108796555108,True
short,54,474,1403,7859,0.03706245710363761,0.05688227529101164,528,0.6431951883050164,-0.6366714810235938,9.547820788143925,0.0020018694448595145,1457,8333,positive,0.007646108796555108,True
ride,0,54,1457,8279,0.0,0.006480259210368415,54,0.05211575684139298,-4.26213656237437,9.494105565372985,0.0020613304636442984,1457,8333,positive,0.007839524987269187,True
tail,0,54,1457,8279,0.0,0.006480259210368415,54,0.05211575684139298,-4.26213656237437,9.494105565372985,0.0020613304636442984,1457,8333,positive,0.007839524987269187,True
platformers,0,54,1457,8279,0.0,0.006480259210368415,54,0.05211575684139298,-4.26213656237437,9.494105565372985,0.0020613304636442984,1457,8333,positive,0.007839524987269187,True
right,81,319,1376,8014,0.055593685655456415,0.03828153126125045,400,1.485206918956529,0.5706639412324532,9.484627411458122,0.0020720068914343625,1457,8333,negative,0.007868903664621098,True
accessible,2,76,1455,8257,0.0013726835964310226,0.009120364814592583,78,0.1854022268474549,-2.4312695227551675,9.418545395291657,0.0021480184582590325,1457,8333,positive,0.008145970426342219,True
battles,21,56,1436,8277,0.014413177762525738,0.00672026881075243,77,2.1927219858986167,1.1327229050387482,9.405474198262638,0.002163385605261926,1457,8333,negative,0.00819259378356292,True
nor,18,45,1439,8288,0.012354152367879203,0.005400216008640346,63,2.341125009065266,1.2272019721019403,9.379627336179606,0.002194101516200384,1457,8333,negative,0.008297127152042871,True
intense,1,65,1456,8268,0.0006863417982155113,0.0078003120124804995,66,0.13000683956887132,-2.943340570460332,9.373004481324232,0.0022020429387574415,1457,8333,positive,0.008315363278650623,True
depends,0,53,1457,8280,0.0,0.006360254410176407,53,0.05309629534633943,-4.235244985466871,9.317331797718865,0.0022699630969025154,1457,8333,positive,0.008547629401613145,True
childhood,0,53,1457,8280,0.0,0.006360254410176407,53,0.05309629534633943,-4.235244985466871,9.317331797718865,0.0022699630969025154,1457,8333,positive,0.008547629401613145,True
another,69,264,1388,8069,0.04735758407687028,0.03168126725069003,333,1.5270732515879493,0.6107692678767269,9.275430321091898,0.0023224811798221,1457,8333,negative,0.008733053350360674,True
date,13,28,1444,8305,0.008922443376801648,0.003360134405376215,41,2.723561239547467,1.4454943066856636,9.200467943432871,0.002419532687815684,1457,8333,negative,0.009085174853121991,True
manages,1,64,1456,8269,0.0006863417982155113,0.007680307212288491,65,0.1320384164012167,-2.9209703540301786,9.197877462529577,0.0024229591121149646,1457,8333,positive,0.009085244715750345,True
settings,25,72,1432,8261,0.017158544955387784,0.008640345613824553,97,2.0284600108322803,1.020384861458345,9.172955289529066,0.0024561762528787765,1457,8333,negative,0.009183963380329339,True
finally,25,72,1432,8261,0.017158544955387784,0.008640345613824553,97,2.0284600108322803,1.020384861458345,9.172955289529066,0.0024561762528787765,1457,8333,negative,0.009183963380329339,True
real,83,331,1374,8002,0.05696636925188744,0.03972158886355454,414,1.4665061256335088,0.5523830972814546,9.106280456312676,0.0025473333347966645,1457,8333,negative,0.009511471527406033,True
look,60,224,1397,8109,0.04118050789293068,0.02688107524300972,284,1.56380029562813,0.645056285725321,9.002540597385854,0.002696045529860006,1457,8333,negative,0.010052667667981505,True
photo,8,13,1449,8320,0.00549073438572409,0.0015600624024961,21,3.614234793606991,1.8536902318719821,8.951747579340967,0.002772042735195177,1457,8333,negative,0.01029284948750744,True
compare,8,13,1449,8320,0.00549073438572409,0.0015600624024961,21,3.614234793606991,1.8536902318719821,8.951747579340967,0.002772042735195177,1457,8333,negative,0.01029284948750744,True
rocks,8,13,1449,8320,0.00549073438572409,0.0015600624024961,21,3.614234793606991,1.8536902318719821,8.951747579340967,0.002772042735195177,1457,8333,negative,0.01029284948750744,True
learning,7,120,1450,8213,0.004804392587508579,0.014400576023040922,127,0.3524396366398194,-1.5045519107878105,8.91918161276546,0.0028219093672858936,1457,8333,positive,0.010455293482742581,True
likely,18,46,1439,8287,0.012354152367879203,0.005520220808832354,64,2.290501854362514,1.1956637308447964,8.918065060173333,0.002823635149127779,1457,8333,negative,0.010455293482742581,True
online,36,118,1421,8215,0.024708304735758406,0.014160566422656905,154,1.780170705752971,0.8320155920539243,8.911376777772638,0.002833995250286946,1457,8333,negative,0.010464586339702212,True
rpg,36,118,1421,8215,0.024708304735758406,0.014160566422656905,154,1.780170705752971,0.8320155920539243,8.911376777772638,0.002833995250286946,1457,8333,negative,0.010464586339702212,True
quit,11,22,1446,8311,0.0075497597803706245,0.0026401056042241688,33,2.9368129968890426,1.554251404222489,8.898466825508644,0.0028541019781029406,1457,8333,negative,0.010480765666146611,True
clicked,11,22,1446,8311,0.0075497597803706245,0.0026401056042241688,33,2.9368129968890426,1.554251404222489,8.898466825508644,0.0028541019781029406,1457,8333,negative,0.010480765666146611,True
quiet,11,22,1446,8311,0.0075497597803706245,0.0026401056042241688,33,2.9368129968890426,1.554251404222489,8.898466825508644,0.0028541019781029406,1457,8333,negative,0.010480765666146611,True
bundle,11,22,1446,8311,0.0075497597803706245,0.0026401056042241688,33,2.9368129968890426,1.554251404222489,8.898466825508644,0.0028541019781029406,1457,8333,negative,0.010480765666146611,True
mechanical,1,62,1456,8271,0.0006863417982155113,0.007440297611904476,63,0.13629660144181258,-2.875178505922317,8.847907835236306,0.0029342504222942454,1457,8333,positive,0.01075790777592291,True
opinion,25,73,1432,8260,0.017158544955387784,0.00876035041401656,98,2.0006197243295225,1.0004469673628986,8.8262455522315,0.002969286529119556,1457,8333,negative,0.01075790777592291,True
buildings,14,32,1443,8301,0.009608785175017159,0.0038401536061442457,46,2.565809597399483,1.3594141154473003,8.82458159416912,0.0029719952903018714,1457,8333,negative,0.01075790777592291,True
limit,14,32,1443,8301,0.009608785175017159,0.0038401536061442457,46,2.565809597399483,1.3594141154473003,8.82458159416912,0.0029719952903018714,1457,8333,negative,0.01075790777592291,True
neutral,9,16,1448,8317,0.0061770761839396015,0.0019200768030721229,25,3.306084664386356,1.7251236705849573,8.823452318571748,0.0029738350703869456,1457,8333,negative,0.01075790777592291,True
stronger,9,16,1448,8317,0.0061770761839396015,0.0019200768030721229,25,3.306084664386356,1.7251236705849573,8.823452318571748,0.0029738350703869456,1457,8333,negative,0.01075790777592291,True
rng,9,16,1448,8317,0.0061770761839396015,0.0019200768030721229,25,3.306084664386356,1.7251236705849573,8.823452318571748,0.0029738350703869456,1457,8333,negative,0.01075790777592291,True
opportunity,9,16,1448,8317,0.0061770761839396015,0.0019200768030721229,25,3.306084664386356,1.7251236705849573,8.823452318571748,0.0029738350703869456,1457,8333,negative,0.01075790777592291,True
rogue,10,19,1447,8314,0.0068634179821551134,0.002280091203648146,29,3.0929453965723397,1.6289813640480437,8.820901234450332,0.002977995475855629,1457,8333,negative,0.01075790777592291,True
invested,10,19,1447,8314,0.0068634179821551134,0.002280091203648146,29,3.0929453965723397,1.6289813640480437,8.820901234450332,0.002977995475855629,1457,8333,negative,0.01075790777592291,True
market,10,19,1447,8314,0.0068634179821551134,0.002280091203648146,29,3.0929453965723397,1.6289813640480437,8.820901234450332,0.002977995475855629,1457,8333,negative,0.01075790777592291,True
identical,10,19,1447,8314,0.0068634179821551134,0.002280091203648146,29,3.0929453965723397,1.6289813640480437,8.820901234450332,0.002977995475855629,1457,8333,negative,0.01075790777592291,True
paced,4,92,1453,8241,0.002745367192862045,0.011040441617664707,96,0.27584302568822694,-1.8580805905164353,8.788402740804454,0.003031515630689468,1457,8333,positive,0.010936428513421003,True
vibe,6,110,1451,8223,0.004118050789293068,0.013200528021120844,116,0.3332657899535977,-1.5852548638399149,8.737520119629599,0.0031172818048100384,1457,8333,positive,0.011230639583275083,True
shooting,20,54,1437,8279,0.013726835964310227,0.006480259210368415,74,2.16647467092142,1.1153493696124726,8.681408506031246,0.003214724442983108,1457,8333,negative,0.011566066619423707,True
sound,49,176,1408,8157,0.033630748112560054,0.02112084483379335,225,1.6242793400247988,0.699799765412725,8.643388556176225,0.003282503402071889,1457,8333,negative,0.011794008180490102,True
exciting,3,81,1454,8252,0.002059025394646534,0.009720388815552622,84,0.24365887967741323,-2.0370652951638815,8.557288617858367,0.003441415891486733,1457,8333,positive,0.012348337505657645,True
auto,15,36,1442,8297,0.01029512697323267,0.004320172806912276,51,2.442700790579521,1.2884771569396753,8.543350808766558,0.0034678665315556055,1457,8333,negative,0.012426521738074252,True
friends,25,259,1432,8074,0.017158544955387784,0.031081243249729988,284,0.5538903852555761,-0.8523275992900655,8.53442565451308,0.003484912809733348,1457,8333,positive,0.012470842349998798,True
earn,18,47,1439,8286,0.012354152367879203,0.005640225609024361,65,2.242010200910404,1.1647928422688403,8.476056780120125,0.0035985127435764087,1457,8333,negative,0.012860100501842768,True
surprisingly,4,90,1453,8243,0.002745367192862045,0.010800432017280691,94,0.28200742349862307,-1.8261949545906462,8.46177054669206,0.003626886308115273,1457,8333,positive,0.012944148457075392,True
prison,0,48,1457,8285,0.0,0.005760230409216369,48,0.05860550653392513,-4.092819964104054,8.434007325392585,0.0036826786392537268,1457,8333,positive,0.013125696861297373,True
combined,12,26,1445,8307,0.008236101578586136,0.0031201248049922,38,2.710918073657349,1.4387815143138698,8.395053427836624,0.0037624345308043764,1457,8333,negative,0.013374200612165958,True
luck,12,26,1445,8307,0.008236101578586136,0.0031201248049922,38,2.710918073657349,1.4387815143138698,8.395053427836624,0.0037624345308043764,1457,8333,negative,0.013374200612165958,True
thank,4,89,1453,8244,0.002745367192862045,0.010680427217088683,93,0.2851929363336043,-1.8099898453730243,8.298960811739184,0.003966777031604573,1457,8333,positive,0.014081794362527017,True
jump,29,91,1428,8242,0.01990391214824983,0.0109204368174727,120,1.8602856372326813,0.8955241566991765,8.266556994027718,0.004038201431115356,1457,8333,negative,0.014316283265097792,True
indie,5,98,1452,8235,0.0034317089910775567,0.011760470418816752,103,0.31659225735429025,-1.6593021218290687,8.263764748906727,0.004044417003337978,1457,8333,positive,0.014319277199069124,True
leans,0,47,1457,8286,0.0,0.005640225609024361,47,0.0598465288435497,-4.062588617884534,8.257451225894668,0.004058506900586011,1457,8333,positive,0.014350105301011015,True
edit,22,63,1435,8270,0.015099519560741249,0.007560302412096484,85,2.0414434872756893,1.029589630381778,8.18995780980663,0.004212290320346767,1457,8333,negative,0.014874127144429776,True
bigger,17,44,1440,8289,0.011667810569663692,0.0052802112084483375,61,2.263044588918486,1.1782650104014658,8.171860129204177,0.004254525301443181,1457,8333,negative,0.01500339213445439,True
second,52,192,1405,8141,0.03568977350720659,0.023040921636865476,244,1.5798001358300184,0.6597420512596013,8.164593789021378,0.004271603979587292,1457,8333,negative,0.015043720224015482,True
emphasize,1,58,1456,8275,0.0006863417982155113,0.0069602784111364455,59,0.14568644537748554,-2.7790614391483466,8.149189077195016,0.0043080421211728,1457,8333,positive,0.015152032051512778,True
wonderful,4,88,1453,8245,0.002745367192862045,0.010560422416896675,92,0.28845043815920657,-1.7936046400180048,8.136501723572303,0.004338290182416187,1457,8333,positive,0.015238315713203629,True
stopped,10,20,1447,8313,0.0068634179821551134,0.0024000960038401535,30,2.9417161632756224,1.5566580523068068,8.087028764575992,0.004458319443023872,1457,8333,negative,0.015508371342875102,True
www,10,20,1447,8313,0.0068634179821551134,0.0024000960038401535,30,2.9417161632756224,1.5566580523068068,8.087028764575992,0.004458319443023872,1457,8333,negative,0.015508371342875102,True
unbalanced,10,20,1447,8313,0.0068634179821551134,0.0024000960038401535,30,2.9417161632756224,1.5566580523068068,8.087028764575992,0.004458319443023872,1457,8333,negative,0.015508371342875102,True
frustrated,10,20,1447,8313,0.0068634179821551134,0.0024000960038401535,30,2.9417161632756224,1.5566580523068068,8.087028764575992,0.004458319443023872,1457,8333,negative,0.015508371342875102,True
quality,35,117,1422,8216,0.024021962937542895,0.014040561622464899,152,1.7451190965860226,0.8033254972893301,8.083438716223968,0.004467159965854605,1457,8333,negative,0.015508371342875102,True
choosing,0,46,1457,8287,0.0,0.005520220808832354,46,0.061140928456814035,-4.0317177293085775,8.08093136533343,0.004473344922232165,1457,8333,positive,0.015508371342875102,True
reinforce,0,46,1457,8287,0.0,0.005520220808832354,46,0.061140928456814035,-4.0317177293085775,8.08093136533343,0.004473344922232165,1457,8333,positive,0.015508371342875102,True
addicting,0,46,1457,8287,0.0,0.005520220808832354,46,0.061140928456814035,-4.0317177293085775,8.08093136533343,0.004473344922232165,1457,8333,positive,0.015508371342875102,True
king,0,46,1457,8287,0.0,0.005520220808832354,46,0.061140928456814035,-4.0317177293085775,8.08093136533343,0.004473344922232165,1457,8333,positive,0.015508371342875102,True
waves,0,46,1457,8287,0.0,0.005520220808832354,46,0.061140928456814035,-4.0317177293085775,8.08093136533343,0.004473344922232165,1457,8333,positive,0.015508371342875102,True
straightforward,3,78,1454,8255,0.002059025394646534,0.0093603744149766,81,0.2530626454688174,-1.9824335276763436,8.057314648703063,0.004532030567408291,1457,8333,positive,0.01569142012040325,True
justify,8,14,1449,8319,0.00549073438572409,0.0016800672026881075,22,3.364572801560586,1.7504233380614092,8.03188225954162,0.0045961052511076465,1457,8333,negative,0.01585150918428588,True
drag,8,14,1449,8319,0.00549073438572409,0.0016800672026881075,22,3.364572801560586,1.7504233380614092,8.03188225954162,0.0045961052511076465,1457,8333,negative,0.01585150918428588,True
ignore,8,14,1449,8319,0.00549073438572409,0.0016800672026881075,22,3.364572801560586,1.7504233380614092,8.03188225954162,0.0045961052511076465,1457,8333,negative,0.01585150918428588,True
industry,9,17,1448,8316,0.0061770761839396015,0.0020400816032641305,26,3.1167907687755805,1.6400613096050778,8.013318609901603,0.004643456595973627,1457,8333,negative,0.015932374883997028,True
dumb,9,17,1448,8316,0.0061770761839396015,0.0020400816032641305,26,3.1167907687755805,1.6400613096050778,8.013318609901603,0.004643456595973627,1457,8333,negative,0.015932374883997028,True
considered,9,17,1448,8316,0.0061770761839396015,0.0020400816032641305,26,3.1167907687755805,1.6400613096050778,8.013318609901603,0.004643456595973627,1457,8333,negative,0.015932374883997028,True
blown,9,17,1448,8316,0.0061770761839396015,0.0020400816032641305,26,3.1167907687755805,1.6400613096050778,8.013318609901603,0.004643456595973627,1457,8333,negative,0.015932374883997028,True
whole,52,193,1405,8140,0.03568977350720659,0.023160926437057482,245,1.5714427539649054,0.6520897172049227,7.978547311070615,0.004733491046869392,1457,8333,negative,0.016174432279434388,True
already,52,193,1405,8140,0.03568977350720659,0.023160926437057482,245,1.5714427539649054,0.6520897172049227,7.978547311070615,0.004733491046869392,1457,8333,negative,0.016174432279434388,True
engagement,1,57,1456,8276,0.0006863417982155113,0.006840273610944437,58,0.14823803340348363,-2.7540124477637105,7.97478330931264,0.004743343364790085,1457,8333,positive,0.016174432279434388,True
seeking,1,57,1456,8276,0.0006863417982155113,0.006840273610944437,58,0.14823803340348363,-2.7540124477637105,7.97478330931264,0.004743343364790085,1457,8333,positive,0.016174432279434388,True
charm,4,87,1453,8246,0.002745367192862045,0.010440417616704669,91,0.2917823971693941,-1.7770352448133393,7.974403625540069,0.0047443383505317675,1457,8333,positive,0.016174432279434388,True
happens,19,52,1438,8281,0.013040494166094716,0.0062402496099844,71,2.13832861611798,1.0964835819699341,7.965494781807193,0.004767745666430495,1457,8333,negative,0.016233473750579437,True
strength,0,45,1457,8288,0.0,0.005400216008640346,45,0.0624922247563757,-4.000179488051434,7.904447732552709,0.00493133947385852,1457,8333,positive,0.016747708327779384,True
advanced,0,45,1457,8288,0.0,0.005400216008640346,45,0.0624922247563757,-4.000179488051434,7.904447732552709,0.00493133947385852,1457,8333,positive,0.016747708327779384,True
music,67,544,1390,7789,0.04598490048043926,0.06528261130445218,611,0.6944555885420846,-0.5260456602038119,7.892573477462246,0.004963818640842333,1457,8333,positive,0.01683656551715733,True
lack,32,105,1425,8228,0.02196293754289636,0.012600504020160807,137,1.778215343082414,0.8304300460939421,7.878403976848111,0.005002861297753929,1457,8333,negative,0.016947431028985993,True
fans,9,130,1448,8203,0.0061770761839396015,0.015600624024960999,139,0.4122814326354255,-1.2782986049152556,7.868381143438006,0.0050306670561965,1457,8333,positive,0.017019997933781558,True
add,47,171,1410,8162,0.03225806451612903,0.020520820832833315,218,1.602800942121924,0.6805952628937195,7.847235467905441,0.0050898480368461434,1457,8333,negative,0.01719839653514806,True
cat,4,86,1453,8247,0.002745367192862045,0.01032041281651266,90,0.295191395694268,-1.7602774248783564,7.812677321202715,0.005188098466282124,1457,8333,positive,0.017508190520390054,True
beta,12,27,1445,8306,0.008236101578586136,0.0032401296051842074,39,2.612024779094997,1.3851685831431122,7.801351547871154,0.005220717008915722,1457,8333,negative,0.017595994368861334,True
storyline,5,95,1452,8238,0.0034317089910775567,0.01140045601824073,100,0.3266565138639825,-1.6141536860512102,7.789326863834863,0.005255577273891372,1457,8333,positive,0.017691122490144442,True
meaningful,14,34,1443,8299,0.009608785175017159,0.004080163206528261,48,2.41648469149561,1.2729098552774019,7.769410229153385,0.00531383959447498,1457,8333,negative,0.017819743847635593,True
essentially,14,34,1443,8299,0.009608785175017159,0.004080163206528261,48,2.41648469149561,1.2729098552774019,7.769410229153385,0.00531383959447498,1457,8333,negative,0.017819743847635593,True
trees,14,34,1443,8299,0.009608785175017159,0.004080163206528261,48,2.41648469149561,1.2729098552774019,7.769410229153385,0.00531383959447498,1457,8333,negative,0.017819743847635593,True
scenes,17,45,1440,8288,0.011667810569663692,0.005400216008640346,62,2.213040343897685,1.146029751821521,7.741589945312572,0.005396326659589178,1457,8333,negative,0.01807362672671451,True
maintaining,0,44,1457,8289,0.0,0.0052802112084483375,44,0.0639042534738952,-3.967944229471489,7.728000316400918,0.005437093300446565,1457,8333,positive,0.01809894711277305,True
thrilling,0,44,1457,8289,0.0,0.0052802112084483375,44,0.0639042534738952,-3.967944229471489,7.728000316400918,0.005437093300446565,1457,8333,positive,0.01809894711277305,True
lies,0,44,1457,8289,0.0,0.0052802112084483375,44,0.0639042534738952,-3.967944229471489,7.728000316400918,0.005437093300446565,1457,8333,positive,0.01809894711277305,True
emphasis,0,44,1457,8289,0.0,0.0052802112084483375,44,0.0639042534738952,-3.967944229471489,7.728000316400918,0.005437093300446565,1457,8333,positive,0.01809894711277305,True
familiar,3,76,1454,8257,0.002059025394646534,0.009120364814592583,79,0.2597415728065031,-1.9448511525624668,7.725502808741487,0.005444619499041255,1457,8333,positive,0.01809894711277305,True
rich,3,76,1454,8257,0.002059025394646534,0.009120364814592583,79,0.2597415728065031,-1.9448511525624668,7.725502808741487,0.005444619499041255,1457,8333,positive,0.01809894711277305,True
release,36,123,1421,8210,0.024708304735758406,0.014760590423616944,159,1.7070594584895638,0.7715133096685847,7.681070067611087,0.005580306878257157,1457,8333,negative,0.01852689680875913,True
immersive,1,55,1456,8278,0.0006863417982155113,0.006600264010560422,56,0.15361705680964177,-2.702589680856446,7.62632786393574,0.005752230215886801,1457,8333,positive,0.019073937506908223,True
line,27,85,1430,8248,0.018531228551818806,0.010200408016320653,112,1.8546146912194852,0.8911194882977768,7.6105412241307855,0.005802806432164067,1457,8333,negative,0.019217741550496156,True
called,11,24,1446,8309,0.0075497597803706245,0.0028801152046081845,35,2.6964241624752217,1.431047458302583,7.591296587513265,0.0058650752134030305,1457,8333,negative,0.019399864167410026,True
cons,15,38,1442,8295,0.01029512697323267,0.004560182407296292,53,2.3152490490445428,1.2111673911079466,7.575320894676614,0.005917284450553469,1457,8333,negative,0.019548302782125833,True
appeal,3,75,1454,8258,0.002059025394646534,0.009000360014400577,78,0.2632137303959623,-1.9256933464772075,7.560078599164784,0.005967538927846765,1457,8333,positive,0.01968992423470232,True
leaderboards,0,43,1457,8290,0.0,0.00516020640825633,43,0.0653812030519903,-3.93498026600127,7.55158910573105,0.005995717734562499,1457,8333,positive,0.019758446823663314,True
generation,13,31,1444,8302,0.008922443376801648,0.003720148805952238,44,2.4632843791722294,1.3005831924890072,7.501608952871728,0.006164389715277435,1457,8333,negative,0.02028921355670326,True
heart,30,98,1427,8235,0.02059025394646534,0.011760470418816752,128,1.7863948722963543,0.8370510151382066,7.493189839373806,0.006193275351448069,1457,8333,negative,0.02035915177183792,True
follow,5,93,1452,8240,0.0034317089910775567,0.011160446417856714,98,0.33372481522729575,-1.5832691279527438,7.475173036361619,0.006255555298087902,1457,8333,positive,0.020538559636332936,True
runs,36,124,1421,8209,0.024708304735758406,0.014880595223808952,160,1.6931418957574935,0.7597028850630533,7.450784077670866,0.006340882122142582,1457,8333,negative,0.020793101768305195,True
explore,10,135,1447,8198,0.0068634179821551134,0.016200648025921038,145,0.43890025428751694,-1.18803498882917,7.40985157326027,0.006486767479729753,1457,8333,positive,0.021245358846387622,True
lots,50,187,1407,8146,0.03431708991077557,0.022440897635905437,237,1.5588802841918294,0.6405101390463165,7.404742184328855,0.006505216581619617,1457,8333,negative,0.021279640989690672,True
chaos,3,74,1454,8259,0.002059025394646534,0.008880355214208569,77,0.2667791002697022,-1.9062824460496153,7.3949903038698395,0.006540577743926443,1457,8333,positive,0.021369093462387124,True
focuses,0,42,1457,8291,0.0,0.005040201608064322,42,0.06692765613964283,-3.901253698927725,7.375214089400671,0.0066128918053736906,1457,8333,positive,0.02149996286966617,True
hololive,0,42,1457,8291,0.0,0.005040201608064322,42,0.06692765613964283,-3.901253698927725,7.375214089400671,0.0066128918053736906,1457,8333,positive,0.02149996286966617,True
playful,0,42,1457,8291,0.0,0.005040201608064322,42,0.06692765613964283,-3.901253698927725,7.375214089400671,0.0066128918053736906,1457,8333,positive,0.02149996286966617,True
extensive,0,42,1457,8291,0.0,0.005040201608064322,42,0.06692765613964283,-3.901253698927725,7.375214089400671,0.0066128918053736906,1457,8333,positive,0.02149996286966617,True
each,47,403,1410,7930,0.03225806451612903,0.0483619344773791,450,0.6618773958982617,-0.5953640934303059,7.33406484195174,0.00676598707389834,1457,8333,positive,0.021970915394656485,True
sweet,4,83,1453,8250,0.002745367192862045,0.009960398415936638,87,0.3059083072245602,-1.708828809733823,7.329844664558051,0.006781891472296704,1457,8333,positive,0.021995769665624106,True
varied,5,92,1452,8241,0.0034317089910775567,0.011040441617664707,97,0.3373735870121412,-1.5675810654771045,7.318773798648966,0.006823795475650458,1457,8333,positive,0.022104785829992857,True
adds,14,166,1443,8167,0.009608785175017159,0.019920796831873276,180,0.49274941723850624,-1.0210739298542466,7.306922871951553,0.006868945199637202,1457,8333,positive,0.02222403871630192,True
space,26,82,1431,8251,0.017844886753603295,0.00984039361574463,108,1.851541612421808,0.8887269736845145,7.2832038378429775,0.006960228858172315,1457,8333,negative,0.022492085013196838,True
hang,1,53,1456,8280,0.0006863417982155113,0.006360254410176407,54,0.1593982501900921,-2.6492923027982043,7.2783776454033555,0.006978953863288709,1457,8333,positive,0.022499526672032755,True
majority,9,18,1448,8315,0.0061770761839396015,0.002160086403456138,27,2.9479610780957,1.5597174766687343,7.276089385233587,0.006987849994164711,1457,8333,negative,0.022499526672032755,True
train,9,18,1448,8315,0.0061770761839396015,0.002160086403456138,27,2.9479610780957,1.5597174766687343,7.276089385233587,0.006987849994164711,1457,8333,negative,0.022499526672032755,True
overly,12,28,1445,8305,0.008236101578586136,0.003360134405376215,40,2.52007136485281,1.3334645893844856,7.246037288828019,0.007105765332143199,1457,8333,negative,0.0228515927328031,True
enjoyable,23,233,1434,8100,0.015785861358956762,0.02796111844473779,256,0.5683190988660443,-0.8152268956404076,7.219128845704774,0.007213070548081333,1457,8333,positive,0.02316873021829498,True
legacy,8,15,1449,8318,0.00549073438572409,0.0018000720028801152,23,3.1471252601008133,1.6540346011116833,7.207144644472101,0.0072613925814009215,1457,8333,negative,0.023239943123667294,True
frame,8,15,1449,8318,0.00549073438572409,0.0018000720028801152,23,3.1471252601008133,1.6540346011116833,7.207144644472101,0.0072613925814009215,1457,8333,negative,0.023239943123667294,True
expansion,8,15,1449,8318,0.00549073438572409,0.0018000720028801152,23,3.1471252601008133,1.6540346011116833,7.207144644472101,0.0072613925814009215,1457,8333,negative,0.023239943123667294,True
stylized,0,41,1457,8292,0.0,0.004920196807872315,41,0.06854863708694124,-3.866728207759399,7.1988752562719185,0.007294928724519746,1457,8333,positive,0.023263492798528282,True
shmup,0,41,1457,8292,0.0,0.004920196807872315,41,0.06854863708694124,-3.866728207759399,7.1988752562719185,0.007294928724519746,1457,8333,positive,0.023263492798528282,True
distinguishes,0,41,1457,8292,0.0,0.004920196807872315,41,0.06854863708694124,-3.866728207759399,7.1988752562719185,0.007294928724519746,1457,8333,positive,0.023263492798528282,True
seriously,22,66,1435,8267,0.015099519560741249,0.007920316812672508,88,1.948641195465152,0.9624684706997805,7.175499191095533,0.007390588074152542,1457,8333,negative,0.023540391643596986,True
becomes,21,62,1436,8271,0.014413177762525738,0.007440297611904476,83,1.9807838496345285,0.9860714566664496,7.173067285902795,0.007400613242433697,1457,8333,negative,0.023544194396573074,True
skills,32,108,1425,8225,0.02196293754289636,0.01296051842073683,140,1.7284177109818368,0.7894519193165817,7.130282438496996,0.007579278780063618,1457,8333,negative,0.024083858435815977,True
disappointed,15,39,1442,8294,0.01029512697323267,0.0046801872074883,54,2.2563631178290153,1.1739992601727451,7.127865625901739,0.0075895017658706215,1457,8333,negative,0.024087632985489375,True
yet,53,203,1404,8130,0.0363761153054221,0.02436097443897756,256,1.521895661803102,0.6058694538749132,7.030500544963984,0.008013295192721695,1457,8333,negative,0.025394362289842192,True
chinese,0,40,1457,8293,0.0,0.004800192007680307,40,0.07024966647608157,-3.8313648138994583,7.022572595211501,0.008048850763284566,1457,8333,positive,0.025394362289842192,True
scrolling,0,40,1457,8293,0.0,0.004800192007680307,40,0.07024966647608157,-3.8313648138994583,7.022572595211501,0.008048850763284566,1457,8333,positive,0.025394362289842192,True
drive,0,40,1457,8293,0.0,0.004800192007680307,40,0.07024966647608157,-3.8313648138994583,7.022572595211501,0.008048850763284566,1457,8333,positive,0.025394362289842192,True
dry,0,40,1457,8293,0.0,0.004800192007680307,40,0.07024966647608157,-3.8313648138994583,7.022572595211501,0.008048850763284566,1457,8333,positive,0.025394362289842192,True
constant,16,43,1441,8290,0.01098146877144818,0.00516020640825633,59,2.1815278624995513,1.1253388999501357,7.015659259197862,0.008079987647906042,1457,8333,negative,0.025432405040516536,True
provide,16,43,1441,8290,0.01098146877144818,0.00516020640825633,59,2.1815278624995513,1.1253388999501357,7.015659259197862,0.008079987647906042,1457,8333,negative,0.025432405040516536,True
climbing,11,25,1446,8308,0.0075497597803706245,0.003000120004800192,36,2.5903702649397125,1.3731583300403947,7.006681842280586,0.0081206048818583,1457,8333,negative,0.02553010921584225,True
designed,26,83,1431,8250,0.017844886753603295,0.009960398415936638,109,1.8291457601736798,0.871170044523948,7.002351985992803,0.008140269388080046,1457,8333,negative,0.02554915622002303,True
group,13,32,1444,8301,0.008922443376801648,0.0038401536061442457,45,2.3872034507548525,1.255321526154563,7.001129554806413,0.008145830002633,1457,8333,negative,0.02554915622002303,True
hidden,10,132,1447,8201,0.0068634179821551134,0.015840633625345015,142,0.44900185746407273,-1.1552066816611106,6.99199809590362,0.008187490438739864,1457,8333,positive,0.025649646897391867,True
system,74,303,1383,8030,0.05078929306794784,0.03636145445817833,377,1.424823273113519,0.5107829867762309,6.9723112763024675,0.008278050692731383,1457,8333,negative,0.02590291449157496,True
worth,130,582,1327,7751,0.08922443376801648,0.06984279371174847,712,1.3081748745180766,0.3875554106650272,6.908034551427678,0.008580926441457713,1457,8333,negative,0.026819167518084715,True
challenges,8,115,1449,8218,0.00549073438572409,0.013800552022080883,123,0.417264349999776,-1.2609664291999791,6.90287138219397,0.008605742365093799,1457,8333,positive,0.026865233191264715,True
once,86,362,1371,7971,0.059025394646533974,0.04344173766950678,448,1.3869229512112335,0.471887642749459,6.89706801214834,0.008633722999793618,1457,8333,negative,0.02692105908473659,True
encounters,6,98,1451,8235,0.004118050789293068,0.011760470418816752,104,0.37441225688111895,-1.417300430660044,6.891719324282217,0.008659593861438067,1457,8333,positive,0.026970183685273232,True
bugs,45,167,1412,8166,0.03088538091969801,0.020040801632065283,212,1.5705222559767533,0.6512443876634112,6.884277188778018,0.008695722504206579,1457,8333,negative,0.027051104079597127,True
clever,2,61,1455,8272,0.0013726835964310226,0.007320292811712469,63,0.2310412145687929,-2.113777863374742,6.861341121420331,0.008808041589203671,1457,8333,positive,0.02730492892653138,True
intentionally,2,61,1455,8272,0.0013726835964310226,0.007320292811712469,63,0.2310412145687929,-2.113777863374742,6.861341121420331,0.008808041589203671,1457,8333,positive,0.02730492892653138,True
episode,2,61,1455,8272,0.0013726835964310226,0.007320292811712469,63,0.2310412145687929,-2.113777863374742,6.861341121420331,0.008808041589203671,1457,8333,positive,0.02730492892653138,True
retro,4,80,1453,8253,0.002745367192862045,0.009600384015360614,84,0.31742399476953254,-1.6555169061390103,6.850797051906403,0.008860173654372513,1457,8333,positive,0.027376502736182754,True
exactly,28,92,1429,8241,0.019217570350034317,0.011040441617664707,120,1.7763364623805338,0.8289048737111332,6.849164153723821,0.008868275241902838,1457,8333,negative,0.027376502736182754,True
banger,0,39,1457,8294,0.0,0.0046801872074883,39,0.07203682393555812,-3.795121614769144,6.846306095090691,0.00888247369347265,1457,8333,positive,0.027376502736182754,True
endurance,0,39,1457,8294,0.0,0.0046801872074883,39,0.07203682393555812,-3.795121614769144,6.846306095090691,0.00888247369347265,1457,8333,positive,0.027376502736182754,True
kinetic,0,39,1457,8294,0.0,0.0046801872074883,39,0.07203682393555812,-3.795121614769144,6.846306095090691,0.00888247369347265,1457,8333,positive,0.027376502736182754,True
town,14,36,1443,8297,0.009608785175017159,0.004320172806912276,50,2.2835241588414763,1.191262052977235,6.8265006643272725,0.008981505977156483,1457,8333,negative,0.027649763204502523,True
later,36,127,1421,8206,0.024708304735758406,0.015240609624384975,163,1.652699095818419,0.7248240794473679,6.789746766442043,0.009168291310455327,1457,8333,negative,0.02816328679592251,True
actively,10,22,1447,8311,0.0068634179821551134,0.0026401056042241688,32,2.679585492227979,1.422009845997237,6.789522687009395,0.009169442212625934,1457,8333,negative,0.02816328679592251,True
exaggerated,1,50,1456,8283,0.0006863417982155113,0.006000240009600384,51,0.16892863333707211,-2.565514209777928,6.757492086898151,0.00933548736900667,1457,8333,positive,0.028640286911129784,True
points,33,114,1424,8219,0.022649279341111873,0.013680547221888875,147,1.6881936663596053,0.755480416764158,6.744911086334742,0.009401546200511077,1457,8333,negative,0.028809795598347735,True
rarely,12,29,1445,8304,0.008236101578586136,0.0034801392055682227,41,2.4343520803897545,1.2835378401545587,6.726304413054615,0.009500122815184425,1457,8333,negative,0.02907844710135669,True
rock,15,40,1442,8293,0.01029512697323267,0.004800192007680307,55,2.2003851338340072,1.137756061042431,6.703013492385722,0.009625010157950026,1457,8333,negative,0.02939321544226205,True
turning,15,40,1442,8293,0.01029512697323267,0.004800192007680307,55,2.2003851338340072,1.137756061042431,6.703013492385722,0.009625010157950026,1457,8333,negative,0.02939321544226205,True
welcome,2,60,1455,8273,0.0013726835964310226,0.007200288011520461,62,0.23488846807918667,-2.0899522093506326,6.692810079430644,0.00968025012319465,1457,8333,positive,0.029494339232499358,True
spin,2,60,1455,8273,0.0013726835964310226,0.007200288011520461,62,0.23488846807918667,-2.0899522093506326,6.692810079430644,0.00968025012319465,1457,8333,positive,0.029494339232499358,True
unfolds,0,38,1457,8295,0.0,0.004560182407296292,38,0.07391682074357889,-3.7579534838339423,6.670075744785329,0.009804502150804702,1457,8333,positive,0.02980479217108932,True
reminiscent,0,38,1457,8295,0.0,0.004560182407296292,38,0.07391682074357889,-3.7579534838339423,6.670075744785329,0.009804502150804702,1457,8333,positive,0.02980479217108932,True
tower,7,105,1450,8228,0.004804392587508579,0.012600504020160807,112,0.4032846983635321,-1.3101294275860387,6.6649371898690735,0.00983281208599811,1457,8333,positive,0.029856807541310888,True
fit,16,44,1441,8289,0.01098146877144818,0.0052802112084483375,60,2.132247541769458,1.0923749364799165,6.617910011855453,0.010095823914786398,1457,8333,negative,0.030620553534494353,True
cute,73,568,1384,7765,0.050102951269732326,0.06816272650906036,641,0.7251591546437137,-0.46363042884073025,6.610535630376394,0.010137716422257761,1457,8333,positive,0.03071267270652181,True
questions,9,19,1448,8314,0.0061770761839396015,0.002280091203648146,28,2.7964472531265767,1.4835951183190645,6.603957271014511,0.010175237243757546,1457,8333,negative,0.030756442734532447,True
animation,9,19,1448,8314,0.0061770761839396015,0.002280091203648146,28,2.7964472531265767,1.4835951183190645,6.603957271014511,0.010175237243757546,1457,8333,negative,0.030756442734532447,True
turns,9,121,1448,8212,0.0061770761839396015,0.01452058082323293,130,0.44330661348265765,-1.1736232093355445,6.589010053680884,0.010261021448413114,1457,8333,positive,0.03094556920980697,True
throughout,9,121,1448,8212,0.0061770761839396015,0.01452058082323293,130,0.44330661348265765,-1.1736232093355445,6.589010053680884,0.010261021448413114,1457,8333,positive,0.03094556920980697,True
old,59,234,1398,8099,0.04049416609471517,0.028081123244929798,293,1.4695009044872172,0.5553262469775552,6.581821139409532,0.010302543353384762,1457,8333,negative,0.0310356842713263,True
couple,36,128,1421,8205,0.024708304735758406,0.015360614424576983,164,1.639637802452881,0.7133771573338107,6.579040374341048,0.010318650732037244,1457,8333,negative,0.031049122857349086,True
challenge,23,227,1434,8106,0.015785861358956762,0.027241089643585743,250,0.5837397875738761,-0.776602689543269,6.539773977693287,0.010548875072503707,1457,8333,positive,0.03170608900033245,True
three,21,64,1436,8269,0.014413177762525738,0.007680307212288491,85,1.9189001044204663,0.9402796085585876,6.531752032771848,0.010596553188981965,1457,8333,negative,0.03179881846364678,True
effective,2,59,1455,8274,0.0013726835964310226,0.007080283211328453,61,0.23886504103530798,-2.0657323705008968,6.524580397169233,0.010639364617244159,1457,8333,positive,0.03179881846364678,True
success,2,59,1455,8274,0.0013726835964310226,0.007080283211328453,61,0.23886504103530798,-2.0657323705008968,6.524580397169233,0.010639364617244159,1457,8333,positive,0.03179881846364678,True
offering,2,59,1455,8274,0.0013726835964310226,0.007080283211328453,61,0.23886504103530798,-2.0657323705008968,6.524580397169233,0.010639364617244159,1457,8333,positive,0.03179881846364678,True
sets,2,59,1455,8274,0.0013726835964310226,0.007080283211328453,61,0.23886504103530798,-2.0657323705008968,6.524580397169233,0.010639364617244159,1457,8333,positive,0.03179881846364678,True
ending,13,152,1444,8181,0.008922443376801648,0.018240729629185166,165,0.5013942086716715,-0.9959827623950319,6.4987680726956505,0.010794926398679936,1457,8333,positive,0.03220812899144029,True
shines,0,37,1457,8296,0.0,0.004440177607104284,37,0.07589708404802745,-3.7198117311466583,6.493881533175815,0.01082463750049906,1457,8333,positive,0.03220812899144029,True
ensures,0,37,1457,8296,0.0,0.004440177607104284,37,0.07589708404802745,-3.7198117311466583,6.493881533175815,0.01082463750049906,1457,8333,positive,0.03220812899144029,True
reached,0,37,1457,8296,0.0,0.004440177607104284,37,0.07589708404802745,-3.7198117311466583,6.493881533175815,0.01082463750049906,1457,8333,positive,0.03220812899144029,True
thumbs,8,16,1449,8317,0.00549073438572409,0.0019200768030721229,24,2.9560349963937407,1.5636633496007175,6.465648227914125,0.01099795167251497,1457,8333,negative,0.03262548731106967,True
wouldve,8,16,1449,8317,0.00549073438572409,0.0019200768030721229,24,2.9560349963937407,1.5636633496007175,6.465648227914125,0.01099795167251497,1457,8333,negative,0.03262548731106967,True
timer,11,26,1446,8307,0.0075497597803706245,0.0031201248049922,37,2.4923204351427324,1.317489566143608,6.463080367232805,0.01101385543134385,1457,8333,negative,0.03262548731106967,True
mission,11,26,1446,8307,0.0075497597803706245,0.0031201248049922,37,2.4923204351427324,1.317489566143608,6.463080367232805,0.01101385543134385,1457,8333,negative,0.03262548731106967,True
encourages,1,48,1456,8285,0.0006863417982155113,0.005760230409216369,49,0.17593723125272065,-2.5068672814353876,6.411001220201434,0.011341544625159674,1457,8333,positive,0.03349144385573804,True
please,14,159,1443,8174,0.009608785175017159,0.01908076323052922,173,0.5148156311994206,-0.9578722365277992,6.409723162717887,0.011349710951220103,1457,8333,positive,0.03349144385573804,True
dating,7,13,1450,8320,0.004804392587508579,0.0015600624024961,20,3.1868321268528095,1.672123024093561,6.40278856202155,0.011394125872901126,1457,8333,negative,0.03349144385573804,True
guides,7,13,1450,8320,0.004804392587508579,0.0015600624024961,20,3.1868321268528095,1.672123024093561,6.40278856202155,0.011394125872901126,1457,8333,negative,0.03349144385573804,True
flawed,7,13,1450,8320,0.004804392587508579,0.0015600624024961,20,3.1868321268528095,1.672123024093561,6.40278856202155,0.011394125872901126,1457,8333,negative,0.03349144385573804,True
join,7,13,1450,8320,0.004804392587508579,0.0015600624024961,20,3.1868321268528095,1.672123024093561,6.40278856202155,0.011394125872901126,1457,8333,negative,0.03349144385573804,True
rely,7,13,1450,8320,0.004804392587508579,0.0015600624024961,20,3.1868321268528095,1.672123024093561,6.40278856202155,0.011394125872901126,1457,8333,negative,0.03349144385573804,True
losing,14,37,1443,8296,0.009608785175017159,0.004440177607104284,51,2.222362313820575,1.1520940398327906,6.39302204124397,0.011456981498645564,1457,8333,negative,0.03356517876416382,True
factory,14,37,1443,8296,0.009608785175017159,0.004440177607104284,51,2.222362313820575,1.1520940398327906,6.39302204124397,0.011456981498645564,1457,8333,negative,0.03356517876416382,True
pros,14,37,1443,8296,0.009608785175017159,0.004440177607104284,51,2.222362313820575,1.1520940398327906,6.39302204124397,0.011456981498645564,1457,8333,negative,0.03356517876416382,True
playthrough,7,103,1450,8230,0.004804392587508579,0.012360494419776791,110,0.4111775549660537,-1.2821665808977754,6.373400165931139,0.011584342571836093,1457,8333,positive,0.033901050819445694,True
option,28,94,1429,8239,0.019217570350034317,0.011280451218048722,122,1.7383200919402388,0.7976937625522205,6.348526704670405,0.01174788222280501,1457,8333,negative,0.034296666922912056,True
shop,28,94,1429,8239,0.019217570350034317,0.011280451218048722,122,1.7383200919402388,0.7976937625522205,6.348526704670405,0.01174788222280501,1457,8333,negative,0.034296666922912056,True
support,45,170,1412,8163,0.03088538091969801,0.020400816032641305,215,1.542321646381024,0.6251036661924131,6.346981120236214,0.011758122118357698,1457,8333,negative,0.034296666922912056,True
punches,0,36,1457,8297,0.0,0.004320172806912276,36,0.07798585493080194,-3.680643718002214,6.317723449147111,0.011953700047449703,1457,8333,positive,0.034791009090066494,True
playstyle,0,36,1457,8297,0.0,0.004320172806912276,36,0.07798585493080194,-3.680643718002214,6.317723449147111,0.011953700047449703,1457,8333,positive,0.034791009090066494,True
visual,52,203,1405,8130,0.03568977350720659,0.02436097443897756,255,1.492386439024646,0.5776211558859442,6.274086409471528,0.012251627061355446,1457,8333,negative,0.035619234182741134,True
plays,30,103,1427,8230,0.02059025394646534,0.012360494419776791,133,1.699063428005787,0.7647397110043848,6.267928643931217,0.012294278414168745,1457,8333,negative,0.035704298749644744,True
appreciate,22,69,1435,8264,0.015099519560741249,0.00828033121324853,91,1.8638506123001286,0.8982862325616419,6.262397716044494,0.01233271804100194,1457,8333,negative,0.035776960062362535,True
rhythm,3,67,1454,8266,0.002059025394646534,0.008040321612864514,70,0.29469462587372525,-1.7627073435398712,6.249855011879526,0.012420347252433748,1457,8333,positive,0.03599200627716127,True
goals,12,30,1445,8303,0.008236101578586136,0.0036001440057602304,42,2.3542537326128006,1.235269817001366,6.239613944673712,0.012492370399470942,1457,8333,negative,0.036115798679298226,True
hands,16,45,1441,8288,0.01098146877144818,0.005400216008640346,61,2.0851333889835453,1.0601396778999719,6.238913572837979,0.012497311607731505,1457,8333,negative,0.036115798679298226,True
gang,1,47,1456,8286,0.0006863417982155113,0.005640225609024361,48,0.17966285435524962,-2.4766359352158673,6.238007541990137,0.012503706744558236,1457,8333,positive,0.036115798679298226,True
besides,10,23,1447,8310,0.0068634179821551134,0.002760110404416177,33,2.5652519016646456,1.3591005020266502,6.215578059912019,0.012663099805260689,1457,8333,negative,0.03645769339181965,True
allowed,10,23,1447,8310,0.0068634179821551134,0.002760110404416177,33,2.5652519016646456,1.3591005020266502,6.215578059912019,0.012663099805260689,1457,8333,negative,0.03645769339181965,True
interface,10,23,1447,8310,0.0068634179821551134,0.002760110404416177,33,2.5652519016646456,1.3591005020266502,6.215578059912019,0.012663099805260689,1457,8333,negative,0.03645769339181965,True
complaint,17,49,1440,8284,0.011667810569663692,0.005880235209408376,66,2.0332270991764223,1.0237713644977053,6.20366100059705,0.01274863519176695,1457,8333,negative,0.036664359677724585,True
computer,19,57,1438,8276,0.013040494166094716,0.006840273610944437,76,1.9512082332139458,0.9643677507784433,6.189366658656523,0.01285201743091669,1457,8333,negative,0.036810397649861507,True
realistic,2,57,1455,8276,0.0013726835964310226,0.006840273610944437,59,0.24723313369079802,-2.0160559915799214,6.189078976098433,0.01285410688523582,1457,8333,positive,0.036810397649861507,True
ended,18,53,1439,8280,0.012354152367879203,0.006360254410176407,71,1.9891284941227645,0.9921364746865032,6.188457101137914,0.012858624790622187,1457,8333,negative,0.036810397649861507,True
ideas,18,53,1439,8280,0.012354152367879203,0.006360254410176407,71,1.9891284941227645,0.9921364746865032,6.188457101137914,0.012858624790622187,1457,8333,negative,0.036810397649861507,True
loop,29,99,1428,8234,0.01990391214824983,0.01188047521900876,128,1.7090545482047972,0.7731984445088755,6.187105317865434,0.012868451091399447,1457,8333,negative,0.036810397649861507,True
boss,25,238,1432,8095,0.017158544955387784,0.028561142445697827,263,0.6042279956534624,-0.7268350649844886,6.167928062663355,0.013008687628069306,1457,8333,positive,0.037171662611396324,True
finding,6,93,1451,8240,0.004118050789293068,0.011160446417856714,99,0.39467377468633774,-1.3412674367837194,6.144416910901053,0.013182762555011409,1457,8333,positive,0.037488013646983155,True
expressive,0,35,1457,8298,0.0,0.004200168006720269,35,0.08019230304640881,-3.640392418052929,6.141601481588736,0.01320376774738079,1457,8333,positive,0.037488013646983155,True
volleyball,0,35,1457,8298,0.0,0.004200168006720269,35,0.08019230304640881,-3.640392418052929,6.141601481588736,0.01320376774738079,1457,8333,positive,0.037488013646983155,True
gimmicks,0,35,1457,8298,0.0,0.004200168006720269,35,0.08019230304640881,-3.640392418052929,6.141601481588736,0.01320376774738079,1457,8333,positive,0.037488013646983155,True
delightful,0,35,1457,8298,0.0,0.004200168006720269,35,0.08019230304640881,-3.640392418052929,6.141601481588736,0.01320376774738079,1457,8333,positive,0.037488013646983155,True
episodes,0,35,1457,8298,0.0,0.004200168006720269,35,0.08019230304640881,-3.640392418052929,6.141601481588736,0.01320376774738079,1457,8333,positive,0.037488013646983155,True
identity,24,78,1433,8255,0.016472203157172273,0.0093603744149766,102,1.7973891348732225,0.8459027862410433,6.083757623313877,0.01364302739538873,1457,8333,negative,0.03869394791075144,True
songs,1,46,1456,8287,0.0006863417982155113,0.005520220808832354,47,0.1835487193116508,-2.4457650466399112,6.065192887501467,0.013787169584287601,1457,8333,positive,0.03906120521967136,True
mode,76,320,1381,8013,0.05216197666437886,0.038401536061442455,396,1.3845375964875728,0.4694042299632288,6.050100148675654,0.013905508173063115,1457,8333,negative,0.039354654765802834,True
multiplayer,16,171,1441,8162,0.01098146877144818,0.020520820832833315,187,0.5447890468808305,-0.87623039698811,6.023277116794583,0.014118406801564372,1457,8333,positive,0.03990509388869722,True
perspective,2,56,1455,8277,0.0013726835964310226,0.00672026881075243,58,0.2516393417704587,-1.9905706013662294,6.0218364930996575,0.014129935720528949,1457,8333,positive,0.03990509388869722,True
faces,9,20,1448,8313,0.0061770761839396015,0.0024000960038401535,29,2.6597152647398064,1.4112718065778276,5.990191774313866,0.014385638323326887,1457,8333,negative,0.04058424525924812,True
clicking,14,38,1443,8295,0.009608785175017159,0.004560182407296292,52,2.164377707502058,1.1139522871455063,5.9829161135196705,0.0144450991204084,1457,8333,negative,0.04066592846357846,True
pve,14,38,1443,8295,0.009608785175017159,0.004560182407296292,52,2.164377707502058,1.1139522871455063,5.9829161135196705,0.0144450991204084,1457,8333,negative,0.04066592846357846,True
crime,0,34,1457,8299,0.0,0.004080163206528261,34,0.08252666119770304,-3.5989959157020475,5.965515619394764,0.014588333952310871,1457,8333,positive,0.04089642304612069,True
vibrant,0,34,1457,8299,0.0,0.004080163206528261,34,0.08252666119770304,-3.5989959157020475,5.965515619394764,0.014588333952310871,1457,8333,positive,0.04089642304612069,True
beautifully,0,34,1457,8299,0.0,0.004080163206528261,34,0.08252666119770304,-3.5989959157020475,5.965515619394764,0.014588333952310871,1457,8333,positive,0.04089642304612069,True
tough,0,34,1457,8299,0.0,0.004080163206528261,34,0.08252666119770304,-3.5989959157020475,5.965515619394764,0.014588333952310871,1457,8333,positive,0.04089642304612069,True
job,29,100,1428,8233,0.01990391214824983,0.012000480019200769,129,1.6918435474012508,0.7585961619422548,5.957489550283368,0.014654893700178319,1457,8333,negative,0.04103985987886071,True
sequel,3,65,1454,8268,0.002059025394646534,0.0078003120124804995,68,0.3037664106392638,-1.7189657440838417,5.926489955439104,0.014914921411650678,1457,8333,positive,0.04172421876543621,True
entirely,15,42,1442,8291,0.01029512697323267,0.005040201608064322,57,2.0963319400550513,1.0678671760141638,5.916367609298453,0.015000853770236834,1457,8333,negative,0.04192062489669958,True
close,31,109,1426,8224,0.02127659574468085,0.013080523220928838,140,1.6585713668380797,0.7299410913349789,5.910168483530371,0.015053732027883588,1457,8333,negative,0.04202434511658393,True
brings,4,74,1453,8259,0.002745367192862045,0.008880355214208569,78,0.3432376836287323,-1.5427201417008378,5.905651120014082,0.015092385810154905,1457,8333,positive,0.0420442012224378,True
silly,4,74,1453,8259,0.002745367192862045,0.008880355214208569,78,0.3432376836287323,-1.5427201417008378,5.905651120014082,0.015092385810154905,1457,8333,positive,0.0420442012224378,True
attacks,17,50,1440,8283,0.011667810569663692,0.006000240009600384,67,1.9927246108852468,0.9947423474263603,5.8608743179280625,0.015481102055029533,1457,8333,negative,0.04308206480032228,True
unlocks,2,55,1455,8278,0.0013726835964310226,0.006600264010560422,57,0.2562043321232603,-1.9646332246726574,5.854954044514627,0.015533263624679168,1457,8333,positive,0.04318214892950434,True
lovely,6,91,1451,8242,0.004118050789293068,0.0109204368174727,97,0.40339840639700025,-1.3097227102118625,5.849735458238219,0.015579393007388604,1457,8333,positive,0.043265272664268765,True
bought,38,141,1419,8192,0.02608098833218943,0.016920676827073083,179,1.5703098064938508,0.6510492165687496,5.79752329300615,0.016048765369004004,1457,8333,negative,0.04447900811113041,True
relationship,8,17,1449,8316,0.00549073438572409,0.0020400816032641305,25,2.7867836199674763,1.4786009886208382,5.7974083463969555,0.016049814629747732,1457,8333,negative,0.04447900811113041,True
beginning,27,92,1430,8241,0.018531228551818806,0.011040441617664707,119,1.712810678556921,0.7763656953789662,5.795356668991346,0.01606855474171059,1457,8333,negative,0.04448470087372838,True
drone,0,33,1457,8300,0.0,0.003960158406336254,33,0.08500038401474616,-3.556386830701815,5.789465851463822,0.016122487178510485,1457,8333,positive,0.044541503438247615,True
recognizable,0,33,1457,8300,0.0,0.003960158406336254,33,0.08500038401474616,-3.556386830701815,5.789465851463822,0.016122487178510485,1457,8333,positive,0.044541503438247615,True
catch,12,31,1445,8302,0.008236101578586136,0.003720148805952238,43,2.279240994218511,1.1885534751878295,5.783663092633353,0.01617579585468964,1457,8333,negative,0.04464251733809792,True
endings,4,73,1453,8260,0.002745367192862045,0.00876035041401656,77,0.34794970619826876,-1.5230493056582548,5.750006715526274,0.016488593696015994,1457,8333,positive,0.04545872884547947,True
puzzles,28,255,1429,8078,0.019217570350034317,0.03060122404896196,283,0.6303772410946583,-0.6657126456777519,5.725020514894757,0.016724841205511046,1457,8333,positive,0.04606242422922774,True
fmv,1,44,1456,8289,0.0006863417982155113,0.0052802112084483375,45,0.1918443860725072,-2.3819915468028228,5.7201386913463415,0.016771405604936774,1457,8333,positive,0.046143000353726975,True
extraction,10,24,1447,8309,0.0068634179821551134,0.0028801152046081845,34,2.4602516654330127,1.298805900077331,5.685642580741938,0.01710427470099877,1457,8333,negative,0.04691357649471473,True
con,10,24,1447,8309,0.0068634179821551134,0.0028801152046081845,34,2.4602516654330127,1.298805900077331,5.685642580741938,0.01710427470099877,1457,8333,negative,0.04691357649471473,True
passive,10,24,1447,8309,0.0068634179821551134,0.0028801152046081845,34,2.4602516654330127,1.298805900077331,5.685642580741938,0.01710427470099877,1457,8333,negative,0.04691357649471473,True
strategy,14,153,1443,8180,0.009608785175017159,0.018360734429377176,167,0.5353313573482837,-0.9014959330510343,5.665343540873202,0.017303327733938483,1457,8333,positive,0.047410762321356624,True
allows,11,130,1446,8203,0.0075497597803706245,0.015600624024960999,141,0.4997675721420313,-1.0006708009610246,5.662747713850771,0.017328954311319415,1457,8333,positive,0.04742942149507115,True
placed,7,14,1450,8319,0.004804392587508579,0.0016800672026881075,21,2.9666940056342046,1.5688561302829878,5.65570483361482,0.01739868063910203,1457,8333,negative,0.04742942149507115,True
hrs,7,14,1450,8319,0.004804392587508579,0.0016800672026881075,21,2.9666940056342046,1.5688561302829878,5.65570483361482,0.01739868063910203,1457,8333,negative,0.04742942149507115,True
picture,7,14,1450,8319,0.004804392587508579,0.0016800672026881075,21,2.9666940056342046,1.5688561302829878,5.65570483361482,0.01739868063910203,1457,8333,negative,0.04742942149507115,True
built,7,98,1450,8235,0.004804392587508579,0.011760470418816752,105,0.43231198064031834,-1.2098552767639534,5.655663560488984,0.017399090105843805,1457,8333,positive,0.04742942149507115,True
violent,0,32,1457,8301,0.0,0.0038401536061442457,32,0.08762633592822272,-3.512491655532149,5.613452166699089,0.017823116436932764,1457,8333,positive,0.04809355103326189,True
showing,0,32,1457,8301,0.0,0.0038401536061442457,32,0.08762633592822272,-3.512491655532149,5.613452166699089,0.017823116436932764,1457,8333,positive,0.04809355103326189,True
young,0,32,1457,8301,0.0,0.0038401536061442457,32,0.08762633592822272,-3.512491655532149,5.613452166699089,0.017823116436932764,1457,8333,positive,0.04809355103326189,True
clearing,0,32,1457,8301,0.0,0.0038401536061442457,32,0.08762633592822272,-3.512491655532149,5.613452166699089,0.017823116436932764,1457,8333,positive,0.04809355103326189,True
url,0,32,1457,8301,0.0,0.0038401536061442457,32,0.08762633592822272,-3.512491655532149,5.613452166699089,0.017823116436932764,1457,8333,positive,0.04809355103326189,True
trained,0,32,1457,8301,0.0,0.0038401536061442457,32,0.08762633592822272,-3.512491655532149,5.613452166699089,0.017823116436932764,1457,8333,positive,0.04809355103326189,True
delivering,0,32,1457,8301,0.0,0.0038401536061442457,32,0.08762633592822272,-3.512491655532149,5.613452166699089,0.017823116436932764,1457,8333,positive,0.04809355103326189,True
absence,0,32,1457,8301,0.0,0.0038401536061442457,32,0.08762633592822272,-3.512491655532149,5.613452166699089,0.017823116436932764,1457,8333,positive,0.04809355103326189,True
embraces,0,32,1457,8301,0.0,0.0038401536061442457,32,0.08762633592822272,-3.512491655532149,5.613452166699089,0.017823116436932764,1457,8333,positive,0.04809355103326189,True
innovative,0,32,1457,8301,0.0,0.0038401536061442457,32,0.08762633592822272,-3.512491655532149,5.613452166699089,0.017823116436932764,1457,8333,positive,0.04809355103326189,True
cozy,15,160,1442,8173,0.01029512697323267,0.019200768030721228,175,0.5472035504300361,-0.8698505039705894,5.602561878700189,0.017934233993607215,1457,8333,positive,0.04834445685233249,True
chaotic,4,72,1453,8261,0.002745367192862045,0.008640345613824553,76,0.3527917155973097,-1.5031114115628084,5.59495210708745,0.018012303534698133,1457,8333,positive,0.048505859821722445,True
myself,41,156,1416,8177,0.028140013726835965,0.0187207488299532,197,1.530867942742371,0.6143498370063485,5.580292658733761,0.018163687124320187,1457,8333,negative,0.04886416737985633,True
compared,24,80,1433,8253,0.016472203157172273,0.009600384015360614,104,1.7523088821825572,0.8092571034295993,5.571976333131462,0.018250150694588227,1457,8333,negative,0.04899788696049569,True
value,24,80,1433,8253,0.016472203157172273,0.009600384015360614,104,1.7523088821825572,0.8092571034295993,5.571976333131462,0.018250150694588227,1457,8333,negative,0.04899788696049569,True
corner,15,43,1442,8290,0.01029512697323267,0.00516020640825633,58,2.047893384330365,1.0341406089406193,5.552403136136817,0.018455331770674935,1457,8333,negative,0.04938423706518559,True
massive,15,43,1442,8290,0.01029512697323267,0.00516020640825633,58,2.047893384330365,1.0341406089406193,5.552403136136817,0.018455331770674935,1457,8333,negative,0.04938423706518559,True
unexpected,1,43,1456,8290,0.0006863417982155113,0.00516020640825633,44,0.1962782769274477,-2.3490275833326035,5.547920334508914,0.01850265829295963,1457,8333,positive,0.04938423706518559,True
carefully,1,43,1456,8290,0.0006863417982155113,0.00516020640825633,44,0.1962782769274477,-2.3490275833326035,5.547920334508914,0.01850265829295963,1457,8333,positive,0.04938423706518559,True
magical,1,43,1456,8290,0.0006863417982155113,0.00516020640825633,44,0.1962782769274477,-2.3490275833326035,5.547920334508914,0.01850265829295963,1457,8333,positive,0.04938423706518559,True
environment,18,55,1439,8278,0.012354152367879203,0.006600264010560422,73,1.916985064258423,0.9388390966282613,5.5476802853930645,0.018505196109572544,1457,8333,negative,0.04938423706518559,True
standard,16,47,1441,8286,0.01098146877144818,0.005640225609024361,63,1.996856344816255,0.9977305480668719,5.533613979177283,0.018654535699729267,1457,8333,negative,0.04964569363676977,True
months,17,51,1440,8282,0.011667810569663692,0.0061202448097923915,68,1.953795034760719,0.9662791275702546,5.533297411606995,0.01865791093175932,1457,8333,negative,0.04964569363676977,True
fan,31,274,1426,8059,0.02127659574468085,0.03288131525261011,305,0.6483425557221906,-0.6251718236587284,5.533192077268607,0.018659034142551878,1457,8333,positive,0.04964569363676977,True
extend,2,53,1455,8280,0.0013726835964310226,0.006360254410176407,55,0.2658462743637572,-1.9113358466144155,5.522339847097135,0.01877512977696107,1457,8333,positive,0.04980546864216737,True
dlcs,2,53,1455,8280,0.0013726835964310226,0.006360254410176407,55,0.2658462743637572,-1.9113358466144155,5.522339847097135,0.01877512977696107,1457,8333,positive,0.04980546864216737,True
meets,2,53,1455,8280,0.0013726835964310226,0.006360254410176407,55,0.2658462743637572,-1.9113358466144155,5.522339847097135,0.01877512977696107,1457,8333,positive,0.04980546864216737,True
back,107,480,1350,7853,0.07343857240905971,0.057602304092163686,587,1.3010192779411487,0.37964233944543796,5.518001384077963,0.01882175060908443,1457,8333,negative,0.04987951006343846,True
super,41,342,1416,7991,0.028140013726835965,0.04104164166566663,383,0.6835955797290021,-0.5487850266089243,5.491395635951007,0.019110282194016635,1457,8333,positive,0.050593855341855364,False
enemies,54,218,1403,8115,0.03706245710363761,0.026161046441857676,272,1.4422745033460806,0.5283457740979295,5.456252009543775,0.019498426910982913,1457,8333,negative,0.051570244191151235,False
gonna,4,71,1453,8262,0.002745367192862045,0.008520340813632545,75,0.35776916581870144,-1.4828990401898978,5.440509420298464,0.019674930407211723,1457,8333,positive,0.05192152583069651,False
boxing,0,31,1457,8302,0.0,0.003720148805952238,31,0.09041901494731683,-3.4672299891977048,5.43747455400829,0.01970914633933416,1457,8333,positive,0.05192152583069651,False
couch,0,31,1457,8302,0.0,0.003720148805952238,31,0.09041901494731683,-3.4672299891977048,5.43747455400829,0.01970914633933416,1457,8333,positive,0.05192152583069651,False
pf2e,0,31,1457,8302,0.0,0.003720148805952238,31,0.09041901494731683,-3.4672299891977048,5.43747455400829,0.01970914633933416,1457,8333,positive,0.05192152583069651,False
edge,1,42,1456,8291,0.0006863417982155113,0.005040201608064322,43,0.20092082146967952,-2.315301016259059,5.375923572353598,0.020416528990124593,1457,8333,positive,0.053731950925638865,False
set,39,148,1418,8185,0.026767330130404943,0.017760710428417138,187,1.5349227203298406,0.6181660211957769,5.369313236785937,0.020494045034606403,1457,8333,negative,0.05388276534739712,False
replay,8,104,1449,8229,0.00549073438572409,0.0124804992199688,112,0.4618041859014245,-1.114646844789935,5.357536196164559,0.020632903765590096,1457,8333,positive,0.05419440535868295,False
gradually,0,30,1457,8303,0.0,0.0036001440057602304,30,0.0933948204594663,-3.4205136473841677,5.261533002303699,0.021801807019744053,1457,8333,positive,0.056595537988936365,False
ranks,0,30,1457,8303,0.0,0.0036001440057602304,30,0.0933948204594663,-3.4205136473841677,5.261533002303699,0.021801807019744053,1457,8333,positive,0.056595537988936365,False
markus,0,30,1457,8303,0.0,0.0036001440057602304,30,0.0933948204594663,-3.4205136473841677,5.261533002303699,0.021801807019744053,1457,8333,positive,0.056595537988936365,False
presence,0,30,1457,8303,0.0,0.0036001440057602304,30,0.0933948204594663,-3.4205136473841677,5.261533002303699,0.021801807019744053,1457,8333,positive,0.056595537988936365,False
gabriel,0,30,1457,8303,0.0,0.0036001440057602304,30,0.0933948204594663,-3.4205136473841677,5.261533002303699,0.021801807019744053,1457,8333,positive,0.056595537988936365,False
lovers,0,30,1457,8303,0.0,0.0036001440057602304,30,0.0933948204594663,-3.4205136473841677,5.261533002303699,0.021801807019744053,1457,8333,positive,0.056595537988936365,False
proving,0,30,1457,8303,0.0,0.0036001440057602304,30,0.0933948204594663,-3.4205136473841677,5.261533002303699,0.021801807019744053,1457,8333,positive,0.056595537988936365,False
criminal,0,30,1457,8303,0.0,0.0036001440057602304,30,0.0933948204594663,-3.4205136473841677,5.261533002303699,0.021801807019744053,1457,8333,positive,0.056595537988936365,False
ritter,0,30,1457,8303,0.0,0.0036001440057602304,30,0.0933948204594663,-3.4205136473841677,5.261533002303699,0.021801807019744053,1457,8333,positive,0.056595537988936365,False
approachable,0,30,1457,8303,0.0,0.0036001440057602304,30,0.0933948204594663,-3.4205136473841677,5.261533002303699,0.021801807019744053,1457,8333,positive,0.056595537988936365,False
commit,0,30,1457,8303,0.0,0.0036001440057602304,30,0.0933948204594663,-3.4205136473841677,5.261533002303699,0.021801807019744053,1457,8333,positive,0.056595537988936365,False
shortcuts,0,30,1457,8303,0.0,0.0036001440057602304,30,0.0933948204594663,-3.4205136473841677,5.261533002303699,0.021801807019744053,1457,8333,positive,0.056595537988936365,False
voice,28,99,1429,8234,0.019217570350034317,0.01188047521900876,127,1.6499654621480961,0.7224358256170498,5.214062408425213,0.02240492496629367,1457,8333,negative,0.05810460112853981,False
feeling,45,177,1412,8156,0.03088538091969801,0.02124084963398536,222,1.48022734637916,0.5658187747086673,5.205131871100649,0.02252030654565377,1457,8333,negative,0.0581881218801155,False
gain,1,41,1456,8292,0.0006863417982155113,0.004920196807872315,42,0.20578710309828396,-2.2807755250907324,5.204161639387664,0.02253287885983909,1457,8333,positive,0.0581881218801155,False
relax,1,41,1456,8292,0.0006863417982155113,0.004920196807872315,42,0.20578710309828396,-2.2807755250907324,5.204161639387664,0.02253287885983909,1457,8333,positive,0.0581881218801155,False
energetic,1,41,1456,8292,0.0006863417982155113,0.004920196807872315,42,0.20578710309828396,-2.2807755250907324,5.204161639387664,0.02253287885983909,1457,8333,positive,0.0581881218801155,False
curious,8,18,1449,8315,0.00549073438572409,0.002160086403456138,26,2.6358296896413487,1.3982571556844947,5.193976440208359,0.022665298988136625,1457,8333,negative,0.0581881218801155,False
specifically,8,18,1449,8315,0.00549073438572409,0.002160086403456138,26,2.6358296896413487,1.3982571556844947,5.193976440208359,0.022665298988136625,1457,8333,negative,0.0581881218801155,False
suits,8,18,1449,8315,0.00549073438572409,0.002160086403456138,26,2.6358296896413487,1.3982571556844947,5.193976440208359,0.022665298988136625,1457,8333,negative,0.0581881218801155,False
minigames,8,18,1449,8315,0.00549073438572409,0.002160086403456138,26,2.6358296896413487,1.3982571556844947,5.193976440208359,0.022665298988136625,1457,8333,negative,0.0581881218801155,False
patience,8,18,1449,8315,0.00549073438572409,0.002160086403456138,26,2.6358296896413487,1.3982571556844947,5.193976440208359,0.022665298988136625,1457,8333,negative,0.0581881218801155,False
soft,8,18,1449,8315,0.00549073438572409,0.002160086403456138,26,2.6358296896413487,1.3982571556844947,5.193976440208359,0.022665298988136625,1457,8333,negative,0.0581881218801155,False
knight,2,51,1455,8282,0.0013726835964310226,0.0061202448097923915,53,0.27623710532196255,-1.856020973450245,5.191390905444822,0.0226990422938185,1457,8333,positive,0.0581881218801155,False
monotonous,2,51,1455,8282,0.0013726835964310226,0.0061202448097923915,53,0.27623710532196255,-1.856020973450245,5.191390905444822,0.0226990422938185,1457,8333,positive,0.0581881218801155,False
funny,14,149,1443,8184,0.009608785175017159,0.017880715228609144,163,0.5499233676971964,-0.8626975030609364,5.182970727528459,0.02280929369509659,1457,8333,positive,0.058414579242197416,False
sometimes,50,201,1407,8132,0.03431708991077557,0.024120964838593544,251,1.4480781351233423,0.5341394491847297,5.161041645049348,0.023099039659743748,1457,8333,negative,0.05909984619278007,False
beautiful,31,270,1426,8063,0.02127659574468085,0.032401296051842075,301,0.6582564126486178,-0.6032784239995468,5.150309445779711,0.023242230773257374,1457,8333,positive,0.059409191986101784,False
difficulty,36,304,1421,8029,0.024708304735758406,0.03648145925837033,340,0.6770912568940393,-0.5625778046676926,5.127652532229828,0.023547554289065846,1457,8333,positive,0.06013197292590952,False
maintains,0,29,1457,8304,0.0,0.0034801392055682227,29,0.09657237549786318,-3.3722456242309753,5.08562750050213,0.024124944932086605,1457,8333,positive,0.061312777110527066,False
escapes,0,29,1457,8304,0.0,0.0034801392055682227,29,0.09657237549786318,-3.3722456242309753,5.08562750050213,0.024124944932086605,1457,8333,positive,0.061312777110527066,False
presenting,0,29,1457,8304,0.0,0.0034801392055682227,29,0.09657237549786318,-3.3722456242309753,5.08562750050213,0.024124944932086605,1457,8333,positive,0.061312777110527066,False
subtly,0,29,1457,8304,0.0,0.0034801392055682227,29,0.09657237549786318,-3.3722456242309753,5.08562750050213,0.024124944932086605,1457,8333,positive,0.061312777110527066,False
infused,0,29,1457,8304,0.0,0.0034801392055682227,29,0.09657237549786318,-3.3722456242309753,5.08562750050213,0.024124944932086605,1457,8333,positive,0.061312777110527066,False
killing,11,29,1446,8304,0.0075497597803706245,0.0034801392055682227,40,2.238055622279377,1.1622458919842968,5.047622399906819,0.024659754073315884,1457,8333,negative,0.06261228986615251,False
aim,5,77,1452,8256,0.0034317089910775567,0.009240369614784591,82,0.4034045860862806,-1.309700609631765,5.0379286407986665,0.024798124513955157,1457,8333,positive,0.06290371070809177,False
detailed,1,40,1456,8293,0.0006863417982155113,0.004800192007680307,41,0.21089369493077012,-2.2454121312307915,5.032649062379963,0.02487382492292803,1457,8333,positive,0.06291614539328855,False
mastery,1,40,1456,8293,0.0006863417982155113,0.004800192007680307,41,0.21089369493077012,-2.2454121312307915,5.032649062379963,0.02487382492292803,1457,8333,positive,0.06291614539328855,False
pressure,1,40,1456,8293,0.0006863417982155113,0.004800192007680307,41,0.21089369493077012,-2.2454121312307915,5.032649062379963,0.02487382492292803,1457,8333,positive,0.06291614539328855,False
formula,2,50,1455,8283,0.0013726835964310226,0.006000240009600384,52,0.28174115934437827,-1.8275577535941392,5.026595697616786,0.024960915435941883,1457,8333,positive,0.06301685658354268,False
references,2,50,1455,8283,0.0013726835964310226,0.006000240009600384,52,0.28174115934437827,-1.8275577535941392,5.026595697616786,0.024960915435941883,1457,8333,positive,0.06301685658354268,False
used,46,183,1411,8150,0.031571722717913524,0.021960878435137405,229,1.4632557977917862,0.549181995004256,5.014503126104943,0.025135841956714727,1457,8333,negative,0.06339844338372892,False
few,99,445,1358,7888,0.06794783802333562,0.05340213608544342,544,1.2969109571980386,0.37507943100160246,4.999887177979369,0.025348971009918283,1457,8333,negative,0.06387557345221374,False
alot,7,15,1450,8318,0.004804392587508579,0.0018000720028801152,22,2.7749608032825166,1.4724673933332622,4.992382366091728,0.025459134150986846,1457,8333,negative,0.06391153639033044,False
card,7,15,1450,8318,0.004804392587508579,0.0018000720028801152,22,2.7749608032825166,1.4724673933332622,4.992382366091728,0.025459134150986846,1457,8333,negative,0.06391153639033044,False
instance,7,15,1450,8318,0.004804392587508579,0.0018000720028801152,22,2.7749608032825166,1.4724673933332622,4.992382366091728,0.025459134150986846,1457,8333,negative,0.06391153639033044,False
dislike,7,15,1450,8318,0.004804392587508579,0.0018000720028801152,22,2.7749608032825166,1.4724673933332622,4.992382366091728,0.025459134150986846,1457,8333,negative,0.06391153639033044,False
team,47,188,1410,8145,0.03225806451612903,0.022560902436097444,235,1.4552141620679313,0.5412314884028572,4.977764897804096,0.025675133739309106,1457,8333,negative,0.06439313880432557,False
adorable,3,59,1454,8274,0.002059025394646534,0.007080283211328453,62,0.3346409722362647,-1.5793140003081958,4.968821730819192,0.025808222995656206,1457,8333,positive,0.06466609258122127,False
consider,12,33,1445,8300,0.008236101578586136,0.003960158406336254,45,2.1426506347542813,1.0993966336837189,4.95579254094563,0.02600340309117382,1457,8333,negative,0.06509396492119192,False
learn,14,147,1443,8186,0.009608785175017159,0.017640705628225128,161,0.5575161595228171,-0.8429144729475817,4.946241989692992,0.02614744609708673,1457,8333,positive,0.0653931438037835,False
made,103,466,1354,7867,0.07069320521619767,0.05592223688947558,569,1.288684022176881,0.36589856663133824,4.942779886604757,0.026199866646079963,1457,8333,negative,0.06546283456274525,False
walking,17,53,1440,8280,0.011667810569663692,0.006360254410176407,70,1.8803018162826381,0.9109642544060842,4.9211716875381555,0.026529519215264818,1457,8333,negative,0.0659838257889505,False
pieces,9,22,1448,8311,0.0061770761839396015,0.0026401056042241688,31,2.4227131515360716,1.2766236002682578,4.9151809223254865,0.026621674904572467,1457,8333,negative,0.0659838257889505,False
featuring,0,28,1457,8305,0.0,0.003360134405376215,28,0.09997291685474406,-3.322318875001048,4.909758037524943,0.02670538185531792,1457,8333,positive,0.0659838257889505,False
classics,0,28,1457,8305,0.0,0.003360134405376215,28,0.09997291685474406,-3.322318875001048,4.909758037524943,0.02670538185531792,1457,8333,positive,0.0659838257889505,False
spacing,0,28,1457,8305,0.0,0.003360134405376215,28,0.09997291685474406,-3.322318875001048,4.909758037524943,0.02670538185531792,1457,8333,positive,0.0659838257889505,False
author,0,28,1457,8305,0.0,0.003360134405376215,28,0.09997291685474406,-3.322318875001048,4.909758037524943,0.02670538185531792,1457,8333,positive,0.0659838257889505,False
rage,0,28,1457,8305,0.0,0.003360134405376215,28,0.09997291685474406,-3.322318875001048,4.909758037524943,0.02670538185531792,1457,8333,positive,0.0659838257889505,False
trip,0,28,1457,8305,0.0,0.003360134405376215,28,0.09997291685474406,-3.322318875001048,4.909758037524943,0.02670538185531792,1457,8333,positive,0.0659838257889505,False
boxer,0,28,1457,8305,0.0,0.003360134405376215,28,0.09997291685474406,-3.322318875001048,4.909758037524943,0.02670538185531792,1457,8333,positive,0.0659838257889505,False
ingredients,0,28,1457,8305,0.0,0.003360134405376215,28,0.09997291685474406,-3.322318875001048,4.909758037524943,0.02670538185531792,1457,8333,positive,0.0659838257889505,False
cops,0,28,1457,8305,0.0,0.003360134405376215,28,0.09997291685474406,-3.322318875001048,4.909758037524943,0.02670538185531792,1457,8333,positive,0.0659838257889505,False
dim,0,28,1457,8305,0.0,0.003360134405376215,28,0.09997291685474406,-3.322318875001048,4.909758037524943,0.02670538185531792,1457,8333,positive,0.0659838257889505,False
talk,16,49,1441,8284,0.01098146877144818,0.005880235209408376,65,1.9157127991675338,0.937881290576156,4.89317868698393,0.026962999765398836,1457,8333,negative,0.06649709285342581,False
common,16,49,1441,8284,0.01098146877144818,0.005880235209408376,65,1.9157127991675338,0.937881290576156,4.89317868698393,0.026962999765398836,1457,8333,negative,0.06649709285342581,False
roguelike,5,76,1452,8257,0.0034317089910775567,0.009120364814592583,81,0.40872734636023084,-1.2907893231743583,4.891064870899921,0.026996030476126934,1457,8333,positive,0.06651702148738854,False
creating,14,41,1443,8292,0.009608785175017159,0.004920196807872315,55,2.0071905216988495,1.00517756322005,4.880105281802794,0.027167962019466124,1457,8333,negative,0.06682514896462385,False
simple,52,408,1405,7925,0.03568977350720659,0.04896195847833913,460,0.7247080123679182,-0.46452825004785897,4.878530240544955,0.027192764326359555,1457,8333,positive,0.06682514896462385,False
force,15,45,1442,8288,0.01029512697323267,0.005400216008640346,60,1.9574037747347972,0.9689413868904553,4.878307004018185,0.027196281555370173,1457,8333,negative,0.06682514896462385,False
weight,2,49,1455,8284,0.0013726835964310226,0.005880235209408376,51,0.2874675993879017,-1.7985287365227942,4.862285993928192,0.027449941910723346,1457,8333,positive,0.06723513053971696,False
brilliant,2,49,1455,8284,0.0013726835964310226,0.005880235209408376,51,0.2874675993879017,-1.7985287365227942,4.862285993928192,0.027449941910723346,1457,8333,positive,0.06723513053971696,False
whose,2,49,1455,8284,0.0013726835964310226,0.005880235209408376,51,0.2874675993879017,-1.7985287365227942,4.862285993928192,0.027449941910723346,1457,8333,positive,0.06723513053971696,False
lovable,1,39,1456,8294,0.0006863417982155113,0.0046801872074883,40,0.2162588483750277,-2.2091689321004777,4.861401821893054,0.027464012437266226,1457,8333,positive,0.06723513053971696,False
further,32,119,1425,8214,0.02196293754289636,0.014280571222848914,151,1.5672178447259935,0.6482057296905276,4.8197523261297075,0.028135387772689917,1457,8333,negative,0.06881554477246911,False
keeps,13,138,1444,8195,0.008922443376801648,0.01656066242649706,151,0.5530213569958501,-0.8545928982663671,4.7645173827583704,0.029052203314249205,1457,8333,positive,0.07099282679723957,False
master,5,75,1452,8258,0.0034317089910775567,0.009000360014400577,80,0.4141911069063387,-1.2716315170890993,4.744980294508819,0.029383890126172575,1457,8333,positive,0.07167500047862238,False
cinema,0,27,1457,8306,0.0,0.0032401296051842074,27,0.10362077031030718,-3.270614881242422,4.733924602298032,0.029573331030189276,1457,8333,positive,0.07167500047862238,False
parents,0,27,1457,8306,0.0,0.0032401296051842074,27,0.10362077031030718,-3.270614881242422,4.733924602298032,0.029573331030189276,1457,8333,positive,0.07167500047862238,False
aggressively,0,27,1457,8306,0.0,0.0032401296051842074,27,0.10362077031030718,-3.270614881242422,4.733924602298032,0.029573331030189276,1457,8333,positive,0.07167500047862238,False
defining,0,27,1457,8306,0.0,0.0032401296051842074,27,0.10362077031030718,-3.270614881242422,4.733924602298032,0.029573331030189276,1457,8333,positive,0.07167500047862238,False
unite,0,27,1457,8306,0.0,0.0032401296051842074,27,0.10362077031030718,-3.270614881242422,4.733924602298032,0.029573331030189276,1457,8333,positive,0.07167500047862238,False
ich,0,27,1457,8306,0.0,0.0032401296051842074,27,0.10362077031030718,-3.270614881242422,4.733924602298032,0.029573331030189276,1457,8333,positive,0.07167500047862238,False
fate,0,27,1457,8306,0.0,0.0032401296051842074,27,0.10362077031030718,-3.270614881242422,4.733924602298032,0.029573331030189276,1457,8333,positive,0.07167500047862238,False
reflects,0,27,1457,8306,0.0,0.0032401296051842074,27,0.10362077031030718,-3.270614881242422,4.733924602298032,0.029573331030189276,1457,8333,positive,0.07167500047862238,False
absolute,9,107,1448,8226,0.0061770761839396015,0.012840513620544822,116,0.5018936991755706,-0.9945462604161949,4.703013247121814,0.030109784168489417,1457,8333,positive,0.0729088870056247,False
replace,2,48,1455,8285,0.0013726835964310226,0.005760230409216369,50,0.29343018128889,-1.7689108252515988,4.698488741766258,0.030189151647330013,1457,8333,positive,0.07296852066344679,False
accessibility,2,48,1455,8285,0.0013726835964310226,0.005760230409216369,50,0.29343018128889,-1.7689108252515988,4.698488741766258,0.030189151647330013,1457,8333,positive,0.07296852066344679,False
crystals,1,38,1456,8295,0.0006863417982155113,0.004560182407296292,39,0.22190271108911686,-2.172000801165276,4.690437538666423,0.030330923044979172,1457,8333,positive,0.07298036176707082,False
introduce,1,38,1456,8295,0.0006863417982155113,0.004560182407296292,39,0.22190271108911686,-2.172000801165276,4.690437538666423,0.030330923044979172,1457,8333,positive,0.07298036176707082,False
struggle,1,38,1456,8295,0.0006863417982155113,0.004560182407296292,39,0.22190271108911686,-2.172000801165276,4.690437538666423,0.030330923044979172,1457,8333,positive,0.07298036176707082,False
aggressive,1,38,1456,8295,0.0006863417982155113,0.004560182407296292,39,0.22190271108911686,-2.172000801165276,4.690437538666423,0.030330923044979172,1457,8333,positive,0.07298036176707082,False
fear,1,38,1456,8295,0.0006863417982155113,0.004560182407296292,39,0.22190271108911686,-2.172000801165276,4.690437538666423,0.030330923044979172,1457,8333,positive,0.07298036176707082,False
english,18,58,1439,8275,0.012354152367879203,0.0069602784111364455,76,1.8180190771368263,0.8623673383363608,4.684179416955279,0.03044159981510006,1457,8333,negative,0.0731806177701143,False
translation,4,66,1453,8267,0.002745367192862045,0.007920316812672508,70,0.38490188319094953,-1.3774373651166372,4.678337754788724,0.03054529128781824,1457,8333,positive,0.07336373565164273,False
incredibly,34,129,1423,8204,0.023335621139327384,0.015480619224768991,163,1.535479329999878,0.61868909146886,4.673665644873663,0.03062848779115314,1457,8333,negative,0.07349734334042689,False
competitive,3,57,1454,8276,0.002059025394646534,0.006840273610944437,60,0.3463643564948361,-1.5296376213872205,4.654382979068437,0.03097436294212581,1457,8333,positive,0.07419674270931742,False
answer,8,19,1449,8314,0.00549073438572409,0.002280091203648146,27,2.5003582137076443,1.3221347973348248,4.648155589736452,0.031086932335449197,1457,8333,negative,0.07419674270931742,False
punishing,8,19,1449,8314,0.00549073438572409,0.002280091203648146,27,2.5003582137076443,1.3221347973348248,4.648155589736452,0.031086932335449197,1457,8333,negative,0.07419674270931742,False
throwing,8,19,1449,8314,0.00549073438572409,0.002280091203648146,27,2.5003582137076443,1.3221347973348248,4.648155589736452,0.031086932335449197,1457,8333,negative,0.07419674270931742,False
count,8,19,1449,8314,0.00549073438572409,0.002280091203648146,27,2.5003582137076443,1.3221347973348248,4.648155589736452,0.031086932335449197,1457,8333,negative,0.07419674270931742,False
training,8,19,1449,8314,0.00549073438572409,0.002280091203648146,27,2.5003582137076443,1.3221347973348248,4.648155589736452,0.031086932335449197,1457,8333,negative,0.07419674270931742,False
respect,11,30,1446,8303,0.0075497597803706245,0.0036001440057602304,41,2.164416086313487,1.1139778688311042,4.638840026365544,0.03125612224055885,1457,8333,negative,0.0745338299582557,False
issues,42,167,1415,8166,0.028826355525051476,0.020040801632065283,209,1.463862250035587,0.5497798018865822,4.5816804235455635,0.032315508996353735,1457,8333,negative,0.0766864281980783,False
creativity,12,34,1445,8299,0.008236101578586136,0.004080163206528261,46,2.08029416630322,1.0567875486834868,4.580223978889418,0.0323429869923438,1457,8333,negative,0.0766864281980783,False
wished,0,26,1457,8307,0.0,0.0031201248049922,26,0.10754393346062979,-3.2170019500716642,4.558127183751832,0.03276288136444531,1457,8333,positive,0.0766864281980783,False
reinvent,0,26,1457,8307,0.0,0.0031201248049922,26,0.10754393346062979,-3.2170019500716642,4.558127183751832,0.03276288136444531,1457,8333,positive,0.0766864281980783,False
reader,0,26,1457,8307,0.0,0.0031201248049922,26,0.10754393346062979,-3.2170019500716642,4.558127183751832,0.03276288136444531,1457,8333,positive,0.0766864281980783,False
peaceful,0,26,1457,8307,0.0,0.0031201248049922,26,0.10754393346062979,-3.2170019500716642,4.558127183751832,0.03276288136444531,1457,8333,positive,0.0766864281980783,False
eaten,0,26,1457,8307,0.0,0.0031201248049922,26,0.10754393346062979,-3.2170019500716642,4.558127183751832,0.03276288136444531,1457,8333,positive,0.0766864281980783,False
custody,0,26,1457,8307,0.0,0.0031201248049922,26,0.10754393346062979,-3.2170019500716642,4.558127183751832,0.03276288136444531,1457,8333,positive,0.0766864281980783,False
brawling,0,26,1457,8307,0.0,0.0031201248049922,26,0.10754393346062979,-3.2170019500716642,4.558127183751832,0.03276288136444531,1457,8333,positive,0.0766864281980783,False
shattered,0,26,1457,8307,0.0,0.0031201248049922,26,0.10754393346062979,-3.2170019500716642,4.558127183751832,0.03276288136444531,1457,8333,positive,0.0766864281980783,False
unsettling,0,26,1457,8307,0.0,0.0031201248049922,26,0.10754393346062979,-3.2170019500716642,4.558127183751832,0.03276288136444531,1457,8333,positive,0.0766864281980783,False
approached,0,26,1457,8307,0.0,0.0031201248049922,26,0.10754393346062979,-3.2170019500716642,4.558127183751832,0.03276288136444531,1457,8333,positive,0.0766864281980783,False
touhou,0,26,1457,8307,0.0,0.0031201248049922,26,0.10754393346062979,-3.2170019500716642,4.558127183751832,0.03276288136444531,1457,8333,positive,0.0766864281980783,False
dopamine,0,26,1457,8307,0.0,0.0031201248049922,26,0.10754393346062979,-3.2170019500716642,4.558127183751832,0.03276288136444531,1457,8333,positive,0.0766864281980783,False
paths,0,26,1457,8307,0.0,0.0031201248049922,26,0.10754393346062979,-3.2170019500716642,4.558127183751832,0.03276288136444531,1457,8333,positive,0.0766864281980783,False
cells,0,26,1457,8307,0.0,0.0031201248049922,26,0.10754393346062979,-3.2170019500716642,4.558127183751832,0.03276288136444531,1457,8333,positive,0.0766864281980783,False
carve,0,26,1457,8307,0.0,0.0031201248049922,26,0.10754393346062979,-3.2170019500716642,4.558127183751832,0.03276288136444531,1457,8333,positive,0.0766864281980783,False
cried,0,26,1457,8307,0.0,0.0031201248049922,26,0.10754393346062979,-3.2170019500716642,4.558127183751832,0.03276288136444531,1457,8333,positive,0.0766864281980783,False
figures,0,26,1457,8307,0.0,0.0031201248049922,26,0.10754393346062979,-3.2170019500716642,4.558127183751832,0.03276288136444531,1457,8333,positive,0.0766864281980783,False
papas,0,26,1457,8307,0.0,0.0031201248049922,26,0.10754393346062979,-3.2170019500716642,4.558127183751832,0.03276288136444531,1457,8333,positive,0.0766864281980783,False
explosions,0,26,1457,8307,0.0,0.0031201248049922,26,0.10754393346062979,-3.2170019500716642,4.558127183751832,0.03276288136444531,1457,8333,positive,0.0766864281980783,False
puzzle,26,229,1431,8104,0.017844886753603295,0.02748109924396976,255,0.6537294624451248,-0.6132343765013734,4.539368962743682,0.0331238007426757,1457,8333,positive,0.07746320419295914,False
gameplay,130,898,1327,7435,0.08922443376801648,0.1077643105724229,1028,0.8135197079878894,-0.29775079844009045,4.535873664391126,0.03319151004401159,1457,8333,positive,0.0775535195243952,False
stunning,1,37,1456,8296,0.0006863417982155113,0.004440177607104284,38,0.2278475798146241,-2.1338590484779916,4.5197756894286325,0.03350522392682833,1457,8333,positive,0.07821797459625598,False
needed,19,63,1438,8270,0.013040494166094716,0.007560302412096484,82,1.7655612391516753,0.8201268623822463,4.484267535633194,0.03420820216422556,1457,8333,negative,0.07978920994735375,False
days,14,143,1443,8190,0.009608785175017159,0.0171606864274571,157,0.5733366804695806,-0.802545513323836,4.482239079850457,0.034248823379826765,1457,8333,positive,0.07981412861068021,False
tactics,9,23,1448,8310,0.0061770761839396015,0.002760110404416177,32,2.3193398893940174,1.2137142562976713,4.444409754829158,0.03501569240772549,1457,8333,negative,0.08138782559633492,False
nicely,9,23,1448,8310,0.0061770761839396015,0.002760110404416177,32,2.3193398893940174,1.2137142562976713,4.444409754829158,0.03501569240772549,1457,8333,negative,0.08138782559633492,False
honest,9,23,1448,8310,0.0061770761839396015,0.002760110404416177,32,2.3193398893940174,1.2137142562976713,4.444409754829158,0.03501569240772549,1457,8333,negative,0.08138782559633492,False
yes,39,154,1418,8179,0.026767330130404943,0.018480739229569183,193,1.474232660645903,0.5599642258387989,4.4065897419335975,0.035800342272579055,1457,8333,negative,0.08253136701972517,False
mining,7,16,1450,8317,0.004804392587508579,0.0019200768030721229,23,2.6064679890946696,1.3820961418222961,4.401900432762562,0.035898905220547526,1457,8333,negative,0.08253136701972517,False
grown,7,16,1450,8317,0.004804392587508579,0.0019200768030721229,23,2.6064679890946696,1.3820961418222961,4.401900432762562,0.035898905220547526,1457,8333,negative,0.08253136701972517,False
neither,7,16,1450,8317,0.004804392587508579,0.0019200768030721229,23,2.6064679890946696,1.3820961418222961,4.401900432762562,0.035898905220547526,1457,8333,negative,0.08253136701972517,False
couldve,7,16,1450,8317,0.004804392587508579,0.0019200768030721229,23,2.6064679890946696,1.3820961418222961,4.401900432762562,0.035898905220547526,1457,8333,negative,0.08253136701972517,False
installed,7,16,1450,8317,0.004804392587508579,0.0019200768030721229,23,2.6064679890946696,1.3820961418222961,4.401900432762562,0.035898905220547526,1457,8333,negative,0.08253136701972517,False
minimum,7,16,1450,8317,0.004804392587508579,0.0019200768030721229,23,2.6064679890946696,1.3820961418222961,4.401900432762562,0.035898905220547526,1457,8333,negative,0.08253136701972517,False
clearly,21,72,1436,8261,0.014413177762525738,0.008640345613824553,93,1.7055078795443908,0.7702014203006908,4.392392501266223,0.0360996217221848,1457,8333,negative,0.08253136701972517,False
genius,0,25,1457,8308,0.0,0.003000120004800192,25,0.11177479568156594,-3.1613331861748772,4.382365770821309,0.036312563208603765,1457,8333,positive,0.08253136701972517,False
adversaries,0,25,1457,8308,0.0,0.003000120004800192,25,0.11177479568156594,-3.1613331861748772,4.382365770821309,0.036312563208603765,1457,8333,positive,0.08253136701972517,False
differently,0,25,1457,8308,0.0,0.003000120004800192,25,0.11177479568156594,-3.1613331861748772,4.382365770821309,0.036312563208603765,1457,8333,positive,0.08253136701972517,False
industrial,0,25,1457,8308,0.0,0.003000120004800192,25,0.11177479568156594,-3.1613331861748772,4.382365770821309,0.036312563208603765,1457,8333,positive,0.08253136701972517,False
french,0,25,1457,8308,0.0,0.003000120004800192,25,0.11177479568156594,-3.1613331861748772,4.382365770821309,0.036312563208603765,1457,8333,positive,0.08253136701972517,False
wooden,0,25,1457,8308,0.0,0.003000120004800192,25,0.11177479568156594,-3.1613331861748772,4.382365770821309,0.036312563208603765,1457,8333,positive,0.08253136701972517,False
protagonists,0,25,1457,8308,0.0,0.003000120004800192,25,0.11177479568156594,-3.1613331861748772,4.382365770821309,0.036312563208603765,1457,8333,positive,0.08253136701972517,False
visit,0,25,1457,8308,0.0,0.003000120004800192,25,0.11177479568156594,-3.1613331861748772,4.382365770821309,0.036312563208603765,1457,8333,positive,0.08253136701972517,False
overstay,0,25,1457,8308,0.0,0.003000120004800192,25,0.11177479568156594,-3.1613331861748772,4.382365770821309,0.036312563208603765,1457,8333,positive,0.08253136701972517,False
booty,0,25,1457,8308,0.0,0.003000120004800192,25,0.11177479568156594,-3.1613331861748772,4.382365770821309,0.036312563208603765,1457,8333,positive,0.08253136701972517,False
france,0,25,1457,8308,0.0,0.003000120004800192,25,0.11177479568156594,-3.1613331861748772,4.382365770821309,0.036312563208603765,1457,8333,positive,0.08253136701972517,False
curator,0,25,1457,8308,0.0,0.003000120004800192,25,0.11177479568156594,-3.1613331861748772,4.382365770821309,0.036312563208603765,1457,8333,positive,0.08253136701972517,False
western,0,25,1457,8308,0.0,0.003000120004800192,25,0.11177479568156594,-3.1613331861748772,4.382365770821309,0.036312563208603765,1457,8333,positive,0.08253136701972517,False
summoning,0,25,1457,8308,0.0,0.003000120004800192,25,0.11177479568156594,-3.1613331861748772,4.382365770821309,0.036312563208603765,1457,8333,positive,0.08253136701972517,False
uncomplicated,0,25,1457,8308,0.0,0.003000120004800192,25,0.11177479568156594,-3.1613331861748772,4.382365770821309,0.036312563208603765,1457,8333,positive,0.08253136701972517,False
adrenaline,0,25,1457,8308,0.0,0.003000120004800192,25,0.11177479568156594,-3.1613331861748772,4.382365770821309,0.036312563208603765,1457,8333,positive,0.08253136701972517,False
puts,0,25,1457,8308,0.0,0.003000120004800192,25,0.11177479568156594,-3.1613331861748772,4.382365770821309,0.036312563208603765,1457,8333,positive,0.08253136701972517,False
squiggly,0,25,1457,8308,0.0,0.003000120004800192,25,0.11177479568156594,-3.1613331861748772,4.382365770821309,0.036312563208603765,1457,8333,positive,0.08253136701972517,False
whether,17,55,1440,8278,0.011667810569663692,0.006600264010560422,72,1.812105406343518,0.8576668763478421,4.362442637000707,0.03673958983545716,1457,8333,negative,0.08343078918341464,False
succeeds,1,36,1456,8297,0.0006863417982155113,0.004320172806912276,37,0.23411819477166598,-2.0946910353335473,4.349437857706043,0.03702116407898454,1457,8333,positive,0.08378473975770186,False
hints,1,36,1456,8297,0.0006863417982155113,0.004320172806912276,37,0.23411819477166598,-2.0946910353335473,4.349437857706043,0.03702116407898454,1457,8333,positive,0.08378473975770186,False
keeping,1,36,1456,8297,0.0006863417982155113,0.004320172806912276,37,0.23411819477166598,-2.0946910353335473,4.349437857706043,0.03702116407898454,1457,8333,positive,0.08378473975770186,False
cautious,1,36,1456,8297,0.0006863417982155113,0.004320172806912276,37,0.23411819477166598,-2.0946910353335473,4.349437857706043,0.03702116407898454,1457,8333,positive,0.08378473975770186,False
bike,3,55,1454,8278,0.002059025394646534,0.006600264010560422,58,0.35893266934861984,-1.4782148544799563,4.342723470884543,0.037167425044894425,1457,8333,positive,0.08397318234719368,False
tension,3,55,1454,8278,0.002059025394646534,0.006600264010560422,58,0.35893266934861984,-1.4782148544799563,4.342723470884543,0.037167425044894425,1457,8333,positive,0.08397318234719368,False
strategic,10,27,1447,8306,0.0068634179821551134,0.0032401296051842074,37,2.1910692416391897,1.1316350767475984,4.324236903752671,0.03757325786932024,1457,8333,negative,0.08474645133638559,False
closer,10,27,1447,8306,0.0068634179821551134,0.0032401296051842074,37,2.1910692416391897,1.1316350767475984,4.324236903752671,0.03757325786932024,1457,8333,negative,0.08474645133638559,False
havent,32,122,1425,8211,0.02196293754289636,0.014640585623424938,154,1.5282786562538029,0.6119076188597699,4.294645377504858,0.03823256859453031,1457,8333,negative,0.08479398841794371,False
environments,6,80,1451,8253,0.004118050789293068,0.009600384015360614,86,0.4591330878530028,-1.123015689930655,4.280803023512773,0.03854513372614817,1457,8333,positive,0.08479398841794371,False
gem,7,88,1450,8245,0.004804392587508579,0.010560422416896675,95,0.4817450440818187,-1.0536582699135586,4.275808817237584,0.03865856125786545,1457,8333,positive,0.08479398841794371,False
mostly,30,113,1427,8220,0.02059025394646534,0.013560542421696868,143,1.547483740558723,0.6299242510947701,4.2578495948955295,0.0390693486986664,1457,8333,negative,0.08479398841794371,False
explain,11,31,1446,8302,0.0075497597803706245,0.003720148805952238,42,2.0954520764406697,1.0672615270175676,4.257828185448531,0.039069841126889174,1457,8333,negative,0.08479398841794371,False
cars,4,63,1453,8270,0.002745367192862045,0.007560302412096484,67,0.40323249067550765,-1.3103162054346398,4.230088307669003,0.0397133742945963,1457,8333,positive,0.08479398841794371,False
forever,12,35,1445,8298,0.008236101578586136,0.004200168006720269,47,2.0214507383282747,1.015391046332605,4.228059437216122,0.0397608760932987,1457,8333,negative,0.08479398841794371,False
key,13,39,1444,8294,0.008922443376801648,0.0046801872074883,52,1.9624985212350645,0.9726915669175676,4.224392777012804,0.03984687464304297,1457,8333,negative,0.08479398841794371,False
tech,13,39,1444,8294,0.008922443376801648,0.0046801872074883,52,1.9624985212350645,0.9726915669175676,4.224392777012804,0.03984687464304297,1457,8333,negative,0.08479398841794371,False
successive,0,24,1457,8309,0.0,0.0028801152046081845,24,0.1163510344103336,-3.103444057912689,4.206640352445963,0.04026601250454491,1457,8333,positive,0.08479398841794371,False
siscons,0,24,1457,8309,0.0,0.0028801152046081845,24,0.1163510344103336,-3.103444057912689,4.206640352445963,0.04026601250454491,1457,8333,positive,0.08479398841794371,False
embarks,0,24,1457,8309,0.0,0.0028801152046081845,24,0.1163510344103336,-3.103444057912689,4.206640352445963,0.04026601250454491,1457,8333,positive,0.08479398841794371,False
refusing,0,24,1457,8309,0.0,0.0028801152046081845,24,0.1163510344103336,-3.103444057912689,4.206640352445963,0.04026601250454491,1457,8333,positive,0.08479398841794371,False
jakoscia,0,24,1457,8309,0.0,0.0028801152046081845,24,0.1163510344103336,-3.103444057912689,4.206640352445963,0.04026601250454491,1457,8333,positive,0.08479398841794371,False
alleyways,0,24,1457,8309,0.0,0.0028801152046081845,24,0.1163510344103336,-3.103444057912689,4.206640352445963,0.04026601250454491,1457,8333,positive,0.08479398841794371,False
croissants,0,24,1457,8309,0.0,0.0028801152046081845,24,0.1163510344103336,-3.103444057912689,4.206640352445963,0.04026601250454491,1457,8333,positive,0.08479398841794371,False
underbelly,0,24,1457,8309,0.0,0.0028801152046081845,24,0.1163510344103336,-3.103444057912689,4.206640352445963,0.04026601250454491,1457,8333,positive,0.08479398841794371,False
frenchman,0,24,1457,8309,0.0,0.0028801152046081845,24,0.1163510344103336,-3.103444057912689,4.206640352445963,0.04026601250454491,1457,8333,positive,0.08479398841794371,False
athlete,0,24,1457,8309,0.0,0.0028801152046081845,24,0.1163510344103336,-3.103444057912689,4.206640352445963,0.04026601250454491,1457,8333,positive,0.08479398841794371,False
rundown,0,24,1457,8309,0.0,0.0028801152046081845,24,0.1163510344103336,-3.103444057912689,4.206640352445963,0.04026601250454491,1457,8333,positive,0.08479398841794371,False
confrontations,0,24,1457,8309,0.0,0.0028801152046081845,24,0.1163510344103336,-3.103444057912689,4.206640352445963,0.04026601250454491,1457,8333,positive,0.08479398841794371,False
structured,0,24,1457,8309,0.0,0.0028801152046081845,24,0.1163510344103336,-3.103444057912689,4.206640352445963,0.04026601250454491,1457,8333,positive,0.08479398841794371,False
przez,0,24,1457,8309,0.0,0.0028801152046081845,24,0.1163510344103336,-3.103444057912689,4.206640352445963,0.04026601250454491,1457,8333,positive,0.08479398841794371,False
przeskoczylo,0,24,1457,8309,0.0,0.0028801152046081845,24,0.1163510344103336,-3.103444057912689,4.206640352445963,0.04026601250454491,1457,8333,positive,0.08479398841794371,False
menadzera,0,24,1457,8309,0.0,0.0028801152046081845,24,0.1163510344103336,-3.103444057912689,4.206640352445963,0.04026601250454491,1457,8333,positive,0.08479398841794371,False
standart,0,24,1457,8309,0.0,0.0028801152046081845,24,0.1163510344103336,-3.103444057912689,4.206640352445963,0.04026601250454491,1457,8333,positive,0.08479398841794371,False
mannequin,0,24,1457,8309,0.0,0.0028801152046081845,24,0.1163510344103336,-3.103444057912689,4.206640352445963,0.04026601250454491,1457,8333,positive,0.08479398841794371,False
atmospheric,0,24,1457,8309,0.0,0.0028801152046081845,24,0.1163510344103336,-3.103444057912689,4.206640352445963,0.04026601250454491,1457,8333,positive,0.08479398841794371,False
thrust,0,24,1457,8309,0.0,0.0028801152046081845,24,0.1163510344103336,-3.103444057912689,4.206640352445963,0.04026601250454491,1457,8333,positive,0.08479398841794371,False
catalyst,0,24,1457,8309,0.0,0.0028801152046081845,24,0.1163510344103336,-3.103444057912689,4.206640352445963,0.04026601250454491,1457,8333,positive,0.08479398841794371,False
gotit,0,24,1457,8309,0.0,0.0028801152046081845,24,0.1163510344103336,-3.103444057912689,4.206640352445963,0.04026601250454491,1457,8333,positive,0.08479398841794371,False
seira,0,24,1457,8309,0.0,0.0028801152046081845,24,0.1163510344103336,-3.103444057912689,4.206640352445963,0.04026601250454491,1457,8333,positive,0.08479398841794371,False
fuels,0,24,1457,8309,0.0,0.0028801152046081845,24,0.1163510344103336,-3.103444057912689,4.206640352445963,0.04026601250454491,1457,8333,positive,0.08479398841794371,False
becuase,0,24,1457,8309,0.0,0.0028801152046081845,24,0.1163510344103336,-3.103444057912689,4.206640352445963,0.04026601250454491,1457,8333,positive,0.08479398841794371,False
koncu,0,24,1457,8309,0.0,0.0028801152046081845,24,0.1163510344103336,-3.103444057912689,4.206640352445963,0.04026601250454491,1457,8333,positive,0.08479398841794371,False
accused,0,24,1457,8309,0.0,0.0028801152046081845,24,0.1163510344103336,-3.103444057912689,4.206640352445963,0.04026601250454491,1457,8333,positive,0.08479398841794371,False
visceral,0,24,1457,8309,0.0,0.0028801152046081845,24,0.1163510344103336,-3.103444057912689,4.206640352445963,0.04026601250454491,1457,8333,positive,0.08479398841794371,False
awareness,0,24,1457,8309,0.0,0.0028801152046081845,24,0.1163510344103336,-3.103444057912689,4.206640352445963,0.04026601250454491,1457,8333,positive,0.08479398841794371,False
wheels,0,24,1457,8309,0.0,0.0028801152046081845,24,0.1163510344103336,-3.103444057912689,4.206640352445963,0.04026601250454491,1457,8333,positive,0.08479398841794371,False
spoiling,0,24,1457,8309,0.0,0.0028801152046081845,24,0.1163510344103336,-3.103444057912689,4.206640352445963,0.04026601250454491,1457,8333,positive,0.08479398841794371,False
jeszcze,0,24,1457,8309,0.0,0.0028801152046081845,24,0.1163510344103336,-3.103444057912689,4.206640352445963,0.04026601250454491,1457,8333,positive,0.08479398841794371,False
cypt,0,24,1457,8309,0.0,0.0028801152046081845,24,0.1163510344103336,-3.103444057912689,4.206640352445963,0.04026601250454491,1457,8333,positive,0.08479398841794371,False
deformation,0,24,1457,8309,0.0,0.0028801152046081845,24,0.1163510344103336,-3.103444057912689,4.206640352445963,0.04026601250454491,1457,8333,positive,0.08479398841794371,False
centers,0,24,1457,8309,0.0,0.0028801152046081845,24,0.1163510344103336,-3.103444057912689,4.206640352445963,0.04026601250454491,1457,8333,positive,0.08479398841794371,False
onii,0,24,1457,8309,0.0,0.0028801152046081845,24,0.1163510344103336,-3.103444057912689,4.206640352445963,0.04026601250454491,1457,8333,positive,0.08479398841794371,False
ahaha,0,24,1457,8309,0.0,0.0028801152046081845,24,0.1163510344103336,-3.103444057912689,4.206640352445963,0.04026601250454491,1457,8333,positive,0.08479398841794371,False
falsely,0,24,1457,8309,0.0,0.0028801152046081845,24,0.1163510344103336,-3.103444057912689,4.206640352445963,0.04026601250454491,1457,8333,positive,0.08479398841794371,False
worh,0,24,1457,8309,0.0,0.0028801152046081845,24,0.1163510344103336,-3.103444057912689,4.206640352445963,0.04026601250454491,1457,8333,positive,0.08479398841794371,False
zakonczeniu,0,24,1457,8309,0.0,0.0028801152046081845,24,0.1163510344103336,-3.103444057912689,4.206640352445963,0.04026601250454491,1457,8333,positive,0.08479398841794371,False
realism,0,24,1457,8309,0.0,0.0028801152046081845,24,0.1163510344103336,-3.103444057912689,4.206640352445963,0.04026601250454491,1457,8333,positive,0.08479398841794371,False
enabling,0,24,1457,8309,0.0,0.0028801152046081845,24,0.1163510344103336,-3.103444057912689,4.206640352445963,0.04026601250454491,1457,8333,positive,0.08479398841794371,False
cieszy,0,24,1457,8309,0.0,0.0028801152046081845,24,0.1163510344103336,-3.103444057912689,4.206640352445963,0.04026601250454491,1457,8333,positive,0.08479398841794371,False
spectacle,0,24,1457,8309,0.0,0.0028801152046081845,24,0.1163510344103336,-3.103444057912689,4.206640352445963,0.04026601250454491,1457,8333,positive,0.08479398841794371,False
warfare,0,24,1457,8309,0.0,0.0028801152046081845,24,0.1163510344103336,-3.103444057912689,4.206640352445963,0.04026601250454491,1457,8333,positive,0.08479398841794371,False
mikudancer,0,24,1457,8309,0.0,0.0028801152046081845,24,0.1163510344103336,-3.103444057912689,4.206640352445963,0.04026601250454491,1457,8333,positive,0.08479398841794371,False
prom,0,24,1457,8309,0.0,0.0028801152046081845,24,0.1163510344103336,-3.103444057912689,4.206640352445963,0.04026601250454491,1457,8333,positive,0.08479398841794371,False
zastapilo,0,24,1457,8309,0.0,0.0028801152046081845,24,0.1163510344103336,-3.103444057912689,4.206640352445963,0.04026601250454491,1457,8333,positive,0.08479398841794371,False
fakt,0,24,1457,8309,0.0,0.0028801152046081845,24,0.1163510344103336,-3.103444057912689,4.206640352445963,0.04026601250454491,1457,8333,positive,0.08479398841794371,False
chicanes,0,24,1457,8309,0.0,0.0028801152046081845,24,0.1163510344103336,-3.103444057912689,4.206640352445963,0.04026601250454491,1457,8333,positive,0.08479398841794371,False
brawlers,0,24,1457,8309,0.0,0.0028801152046081845,24,0.1163510344103336,-3.103444057912689,4.206640352445963,0.04026601250454491,1457,8333,positive,0.08479398841794371,False
compensates,0,24,1457,8309,0.0,0.0028801152046081845,24,0.1163510344103336,-3.103444057912689,4.206640352445963,0.04026601250454491,1457,8333,positive,0.08479398841794371,False
gt3s,0,24,1457,8309,0.0,0.0028801152046081845,24,0.1163510344103336,-3.103444057912689,4.206640352445963,0.04026601250454491,1457,8333,positive,0.08479398841794371,False
doze,0,24,1457,8309,0.0,0.0028801152046081845,24,0.1163510344103336,-3.103444057912689,4.206640352445963,0.04026601250454491,1457,8333,positive,0.08479398841794371,False
manskich,0,24,1457,8309,0.0,0.0028801152046081845,24,0.1163510344103336,-3.103444057912689,4.206640352445963,0.04026601250454491,1457,8333,positive,0.08479398841794371,False
nhl,0,24,1457,8309,0.0,0.0028801152046081845,24,0.1163510344103336,-3.103444057912689,4.206640352445963,0.04026601250454491,1457,8333,positive,0.08479398841794371,False
pulpy,0,24,1457,8309,0.0,0.0028801152046081845,24,0.1163510344103336,-3.103444057912689,4.206640352445963,0.04026601250454491,1457,8333,positive,0.08479398841794371,False
rob,0,24,1457,8309,0.0,0.0028801152046081845,24,0.1163510344103336,-3.103444057912689,4.206640352445963,0.04026601250454491,1457,8333,positive,0.08479398841794371,False
corrupt,0,24,1457,8309,0.0,0.0028801152046081845,24,0.1163510344103336,-3.103444057912689,4.206640352445963,0.04026601250454491,1457,8333,positive,0.08479398841794371,False
personalities,0,24,1457,8309,0.0,0.0028801152046081845,24,0.1163510344103336,-3.103444057912689,4.206640352445963,0.04026601250454491,1457,8333,positive,0.08479398841794371,False
moscow,0,24,1457,8309,0.0,0.0028801152046081845,24,0.1163510344103336,-3.103444057912689,4.206640352445963,0.04026601250454491,1457,8333,positive,0.08479398841794371,False
lmdhs,0,24,1457,8309,0.0,0.0028801152046081845,24,0.1163510344103336,-3.103444057912689,4.206640352445963,0.04026601250454491,1457,8333,positive,0.08479398841794371,False
reintroduced,0,24,1457,8309,0.0,0.0028801152046081845,24,0.1163510344103336,-3.103444057912689,4.206640352445963,0.04026601250454491,1457,8333,positive,0.08479398841794371,False
affection,0,24,1457,8309,0.0,0.0028801152046081845,24,0.1163510344103336,-3.103444057912689,4.206640352445963,0.04026601250454491,1457,8333,positive,0.08479398841794371,False
mnie,0,24,1457,8309,0.0,0.0028801152046081845,24,0.1163510344103336,-3.103444057912689,4.206640352445963,0.04026601250454491,1457,8333,positive,0.08479398841794371,False
stress,0,24,1457,8309,0.0,0.0028801152046081845,24,0.1163510344103336,-3.103444057912689,4.206640352445963,0.04026601250454491,1457,8333,positive,0.08479398841794371,False
greeting,0,24,1457,8309,0.0,0.0028801152046081845,24,0.1163510344103336,-3.103444057912689,4.206640352445963,0.04026601250454491,1457,8333,positive,0.08479398841794371,False
moscows,0,24,1457,8309,0.0,0.0028801152046081845,24,0.1163510344103336,-3.103444057912689,4.206640352445963,0.04026601250454491,1457,8333,positive,0.08479398841794371,False
greatest,0,24,1457,8309,0.0,0.0028801152046081845,24,0.1163510344103336,-3.103444057912689,4.206640352445963,0.04026601250454491,1457,8333,positive,0.08479398841794371,False
transports,0,24,1457,8309,0.0,0.0028801152046081845,24,0.1163510344103336,-3.103444057912689,4.206640352445963,0.04026601250454491,1457,8333,positive,0.08479398841794371,False
lmdh,0,24,1457,8309,0.0,0.0028801152046081845,24,0.1163510344103336,-3.103444057912689,4.206640352445963,0.04026601250454491,1457,8333,positive,0.08479398841794371,False
lemans,0,24,1457,8309,0.0,0.0028801152046081845,24,0.1163510344103336,-3.103444057912689,4.206640352445963,0.04026601250454491,1457,8333,positive,0.08479398841794371,False
zuzlowego,0,24,1457,8309,0.0,0.0028801152046081845,24,0.1163510344103336,-3.103444057912689,4.206640352445963,0.04026601250454491,1457,8333,positive,0.08479398841794371,False
underworld,0,24,1457,8309,0.0,0.0028801152046081845,24,0.1163510344103336,-3.103444057912689,4.206640352445963,0.04026601250454491,1457,8333,positive,0.08479398841794371,False
additions,0,24,1457,8309,0.0,0.0028801152046081845,24,0.1163510344103336,-3.103444057912689,4.206640352445963,0.04026601250454491,1457,8333,positive,0.08479398841794371,False
smooth,9,103,1448,8230,0.0061770761839396015,0.012360494419776791,112,0.5215440260539389,-0.9391390521351142,4.192733223030318,0.04059759389819522,1457,8333,positive,0.08542477137536579,False
entertaining,3,54,1454,8279,0.002059025394646534,0.006480259210368415,57,0.36556274264304706,-1.4518090533292136,4.188022559969754,0.04071055701855196,1457,8333,positive,0.08548964600994027,False
downside,3,54,1454,8279,0.002059025394646534,0.006480259210368415,57,0.36556274264304706,-1.4518090533292136,4.188022559969754,0.04071055701855196,1457,8333,positive,0.08548964600994027,False
scratches,1,35,1456,8298,0.0006863417982155113,0.004200168006720269,36,0.24074208381079473,-2.0544397353842623,4.179448026432977,0.04091702487197441,1457,8333,positive,0.08548964600994027,False
included,1,35,1456,8298,0.0006863417982155113,0.004200168006720269,36,0.24074208381079473,-2.0544397353842623,4.179448026432977,0.04091702487197441,1457,8333,positive,0.08548964600994027,False
humour,1,35,1456,8298,0.0006863417982155113,0.004200168006720269,36,0.24074208381079473,-2.0544397353842623,4.179448026432977,0.04091702487197441,1457,8333,positive,0.08548964600994027,False
demanding,1,35,1456,8298,0.0006863417982155113,0.004200168006720269,36,0.24074208381079473,-2.0544397353842623,4.179448026432977,0.04091702487197441,1457,8333,positive,0.08548964600994027,False
mistake,1,35,1456,8298,0.0006863417982155113,0.004200168006720269,36,0.24074208381079473,-2.0544397353842623,4.179448026432977,0.04091702487197441,1457,8333,positive,0.08548964600994027,False
volume,1,35,1456,8298,0.0006863417982155113,0.004200168006720269,36,0.24074208381079473,-2.0544397353842623,4.179448026432977,0.04091702487197441,1457,8333,positive,0.08548964600994027,False
session,1,35,1456,8298,0.0006863417982155113,0.004200168006720269,36,0.24074208381079473,-2.0544397353842623,4.179448026432977,0.04091702487197441,1457,8333,positive,0.08548964600994027,False
field,8,20,1449,8313,0.00549073438572409,0.0024000960038401535,28,2.378103467133326,1.249811485593588,4.153777008309728,0.041541763151444075,1457,8333,negative,0.08665910842077458,False
seemed,8,20,1449,8313,0.00549073438572409,0.0024000960038401535,28,2.378103467133326,1.249811485593588,4.153777008309728,0.041541763151444075,1457,8333,negative,0.08665910842077458,False
visually,9,102,1448,8231,0.0061770761839396015,0.012240489619584783,111,0.5266962459061939,-0.9249569183493918,4.06747151534679,0.04371666654055604,1457,8333,positive,0.09112481078742955,False
heroes,2,44,1455,8289,0.0013726835964310226,0.0052802112084483375,46,0.319960320983175,-1.6440350906190337,4.049045244006783,0.044196334426857165,1457,8333,positive,0.09175467120345876,False
beach,2,44,1455,8289,0.0013726835964310226,0.0052802112084483375,46,0.319960320983175,-1.6440350906190337,4.049045244006783,0.044196334426857165,1457,8333,positive,0.09175467120345876,False
length,16,52,1441,8281,0.01098146877144818,0.0062402496099844,68,1.8055894157871264,0.8524698667105194,4.041654244988331,0.044390288565836995,1457,8333,negative,0.09175467120345876,False
non,22,78,1435,8255,0.015099519560741249,0.0093603744149766,100,1.6483637162310565,0.7210346124888517,4.04030606241472,0.04442576400161178,1457,8333,negative,0.09175467120345876,False
reminds,3,53,1454,8280,0.002059025394646534,0.006360254410176407,56,0.37244066914474255,-1.4249174764217143,4.034125363863997,0.044588782424692434,1457,8333,positive,0.09175467120345876,False
eat,3,53,1454,8280,0.002059025394646534,0.006360254410176407,56,0.37244066914474255,-1.4249174764217143,4.034125363863997,0.044588782424692434,1457,8333,positive,0.09175467120345876,False
horror,8,94,1449,8239,0.00549073438572409,0.011280451218048722,102,0.5112928924588117,-0.9677781237924807,4.0320320019529685,0.04464413835590771,1457,8333,positive,0.09175467120345876,False
notch,0,23,1457,8310,0.0,0.002760110404416177,23,0.12131674026495383,-3.04314945596337,4.030950917569824,0.04467275439688277,1457,8333,positive,0.09175467120345876,False
package,0,23,1457,8310,0.0,0.002760110404416177,23,0.12131674026495383,-3.04314945596337,4.030950917569824,0.04467275439688277,1457,8333,positive,0.09175467120345876,False
busy,0,23,1457,8310,0.0,0.002760110404416177,23,0.12131674026495383,-3.04314945596337,4.030950917569824,0.04467275439688277,1457,8333,positive,0.09175467120345876,False
moba,0,23,1457,8310,0.0,0.002760110404416177,23,0.12131674026495383,-3.04314945596337,4.030950917569824,0.04467275439688277,1457,8333,positive,0.09175467120345876,False
subtle,0,23,1457,8310,0.0,0.002760110404416177,23,0.12131674026495383,-3.04314945596337,4.030950917569824,0.04467275439688277,1457,8333,positive,0.09175467120345876,False
relaxed,0,23,1457,8310,0.0,0.002760110404416177,23,0.12131674026495383,-3.04314945596337,4.030950917569824,0.04467275439688277,1457,8333,positive,0.09175467120345876,False
scope,0,23,1457,8310,0.0,0.002760110404416177,23,0.12131674026495383,-3.04314945596337,4.030950917569824,0.04467275439688277,1457,8333,positive,0.09175467120345876,False
adore,0,23,1457,8310,0.0,0.002760110404416177,23,0.12131674026495383,-3.04314945596337,4.030950917569824,0.04467275439688277,1457,8333,positive,0.09175467120345876,False
confident,0,23,1457,8310,0.0,0.002760110404416177,23,0.12131674026495383,-3.04314945596337,4.030950917569824,0.04467275439688277,1457,8333,positive,0.09175467120345876,False
commits,0,23,1457,8310,0.0,0.002760110404416177,23,0.12131674026495383,-3.04314945596337,4.030950917569824,0.04467275439688277,1457,8333,positive,0.09175467120345876,False
randomness,0,23,1457,8310,0.0,0.002760110404416177,23,0.12131674026495383,-3.04314945596337,4.030950917569824,0.04467275439688277,1457,8333,positive,0.09175467120345876,False
embracing,0,23,1457,8310,0.0,0.002760110404416177,23,0.12131674026495383,-3.04314945596337,4.030950917569824,0.04467275439688277,1457,8333,positive,0.09175467120345876,False
freedom,5,70,1452,8263,0.0034317089910775567,0.008400336013440538,75,0.4438349141245834,-1.1719049337671408,4.027284874886833,0.04476993752248356,1457,8333,positive,0.09188348994221798,False
copy,9,24,1448,8309,0.0061770761839396015,0.0028801152046081845,33,2.224405260896212,1.153419654348352,4.012739756997541,0.04515771327339189,1457,8333,negative,0.09260804891297136,False
ps1,1,34,1456,8299,0.0006863417982155113,0.004080163206528261,35,0.2477499664174092,-2.0130432330333807,4.009832920723637,0.0452356333028201,1457,8333,positive,0.0926965398811056,False
nearly,15,48,1442,8285,0.01029512697323267,0.005760230409216369,63,1.835662598938698,0.8763009108378348,3.9889531128358455,0.04579951200525106,1457,8333,negative,0.0937799531536093,False
defense,9,101,1448,8232,0.0061770761839396015,0.012120484819392775,110,0.5319499873318925,-0.9106374815292844,3.943181474685206,0.04706169398930842,1457,8333,positive,0.09629046521526957,False
dungeons,10,28,1447,8305,0.0068634179821551134,0.003360134405376215,38,2.113935096809381,1.079931082988972,3.936560428035401,0.04724728799516622,1457,8333,negative,0.09657832941546314,False
pure,4,61,1453,8272,0.002745367192862045,0.007320292811712469,65,0.41644642452616476,-1.2637971888332638,3.9355798993168563,0.04727483866735911,1457,8333,positive,0.09657832941546314,False
part,55,235,1402,8098,0.03774879890185312,0.028201128045121805,290,1.3608297285329882,0.44448656341158055,3.932936187268008,0.04734920554883329,1457,8333,negative,0.09665618835619415,False
prefer,13,40,1444,8293,0.008922443376801648,0.004800192007680307,53,1.9138110072689511,0.9364483677872538,3.9139162432138392,0.04788788222068565,1457,8333,negative,0.09768102065826162,False
characters,82,587,1375,7746,0.05628002745367193,0.07044281771270851,669,0.790844335135386,-0.33853434333585647,3.907263488551711,0.048077822459887884,1457,8333,positive,0.0979934821697715,False
hole,11,32,1446,8301,0.0075497597803706245,0.0038401536061442457,43,2.0307320056369487,1.0219998606831233,3.902651894772184,0.04820995272906046,1457,8333,negative,0.09811277402723295,False
complaints,11,32,1446,8301,0.0075497597803706245,0.0038401536061442457,43,2.0307320056369487,1.0219998606831233,3.902651894772184,0.04820995272906046,1457,8333,negative,0.09811277402723295,False
clean,12,36,1445,8297,0.008236101578586136,0.004320172806912276,48,1.9658316077766143,0.9751397463833202,3.897838402717877,0.04834827658234404,1457,8333,negative,0.09831922606295133,False
family,2,43,1455,8290,0.0013726835964310226,0.00516020640825633,45,0.32735521624278896,-1.6110711271488145,3.8883001547289036,0.048623613255833996,1457,8333,positive,0.09865338884326745,False
lives,2,43,1455,8290,0.0013726835964310226,0.00516020640825633,45,0.32735521624278896,-1.6110711271488145,3.8883001547289036,0.048623613255833996,1457,8333,positive,0.09865338884326745,False
shooters,2,43,1455,8290,0.0013726835964310226,0.00516020640825633,45,0.32735521624278896,-1.6110711271488145,3.8883001547289036,0.048623613255833996,1457,8333,positive,0.09865338884326745,False
blue,7,17,1450,8316,0.004804392587508579,0.0020400816032641305,24,2.4572314965282906,1.2970337808424168,3.875158429879801,0.0490056844949712,1457,8333,negative,0.09917826605649122,False
additional,6,77,1451,8256,0.004118050789293068,0.009240369614784591,83,0.4770793283922083,-1.0676989184627403,3.8709157265039678,0.04912970906560233,1457,8333,positive,0.09917826605649122,False
replayability,6,77,1451,8256,0.004118050789293068,0.009240369614784591,83,0.4770793283922083,-1.0676989184627403,3.8709157265039678,0.04912970906560233,1457,8333,positive,0.09917826605649122,False
climbed,0,22,1457,8311,0.0,0.0026401056042241688,22,0.1267238421955403,-2.980240111992783,3.8552974551414487,0.04958913302824561,1457,8333,positive,0.09917826605649122,False
exaggeration,0,22,1457,8311,0.0,0.0026401056042241688,22,0.1267238421955403,-2.980240111992783,3.8552974551414487,0.04958913302824561,1457,8333,positive,0.09917826605649122,False
begging,0,22,1457,8311,0.0,0.0026401056042241688,22,0.1267238421955403,-2.980240111992783,3.8552974551414487,0.04958913302824561,1457,8333,positive,0.09917826605649122,False
powered,0,22,1457,8311,0.0,0.0026401056042241688,22,0.1267238421955403,-2.980240111992783,3.8552974551414487,0.04958913302824561,1457,8333,positive,0.09917826605649122,False
speedrun,0,22,1457,8311,0.0,0.0026401056042241688,22,0.1267238421955403,-2.980240111992783,3.8552974551414487,0.04958913302824561,1457,8333,positive,0.09917826605649122,False
guard,0,22,1457,8311,0.0,0.0026401056042241688,22,0.1267238421955403,-2.980240111992783,3.8552974551414487,0.04958913302824561,1457,8333,positive,0.09917826605649122,False
aidventure,0,22,1457,8311,0.0,0.0026401056042241688,22,0.1267238421955403,-2.980240111992783,3.8552974551414487,0.04958913302824561,1457,8333,positive,0.09917826605649122,False
migu,0,22,1457,8311,0.0,0.0026401056042241688,22,0.1267238421955403,-2.980240111992783,3.8552974551414487,0.04958913302824561,1457,8333,positive,0.09917826605649122,False
fox,0,22,1457,8311,0.0,0.0026401056042241688,22,0.1267238421955403,-2.980240111992783,3.8552974551414487,0.04958913302824561,1457,8333,positive,0.09917826605649122,False
digital,0,22,1457,8311,0.0,0.0026401056042241688,22,0.1267238421955403,-2.980240111992783,3.8552974551414487,0.04958913302824561,1457,8333,positive,0.09917826605649122,False
piano,0,22,1457,8311,0.0,0.0026401056042241688,22,0.1267238421955403,-2.980240111992783,3.8552974551414487,0.04958913302824561,1457,8333,positive,0.09917826605649122,False
hardest,0,22,1457,8311,0.0,0.0026401056042241688,22,0.1267238421955403,-2.980240111992783,3.8552974551414487,0.04958913302824561,1457,8333,positive,0.09917826605649122,False
boat,0,22,1457,8311,0.0,0.0026401056042241688,22,0.1267238421955403,-2.980240111992783,3.8552974551414487,0.04958913302824561,1457,8333,positive,0.09917826605649122,False
laughing,0,22,1457,8311,0.0,0.0026401056042241688,22,0.1267238421955403,-2.980240111992783,3.8552974551414487,0.04958913302824561,1457,8333,positive,0.09917826605649122,False
drones,0,22,1457,8311,0.0,0.0026401056042241688,22,0.1267238421955403,-2.980240111992783,3.8552974551414487,0.04958913302824561,1457,8333,positive,0.09917826605649122,False
devil,0,22,1457,8311,0.0,0.0026401056042241688,22,0.1267238421955403,-2.980240111992783,3.8552974551414487,0.04958913302824561,1457,8333,positive,0.09917826605649122,False
facing,1,33,1456,8300,0.0006863417982155113,0.003960158406336254,34,0.2551762300751649,-1.9704341480331486,3.8406224111331793,0.05002494785653666,1457,8333,positive,0.09960157653885492,False
evolution,1,33,1456,8300,0.0006863417982155113,0.003960158406336254,34,0.2551762300751649,-1.9704341480331486,3.8406224111331793,0.05002494785653666,1457,8333,positive,0.09960157653885492,False
influences,1,33,1456,8300,0.0006863417982155113,0.003960158406336254,34,0.2551762300751649,-1.9704341480331486,3.8406224111331793,0.05002494785653666,1457,8333,positive,0.09960157653885492,False
attorney,1,33,1456,8300,0.0006863417982155113,0.003960158406336254,34,0.2551762300751649,-1.9704341480331486,3.8406224111331793,0.05002494785653666,1457,8333,positive,0.09960157653885492,False
begins,1,33,1456,8300,0.0006863417982155113,0.003960158406336254,34,0.2551762300751649,-1.9704341480331486,3.8406224111331793,0.05002494785653666,1457,8333,positive,0.09960157653885492,False
phenomenal,1,33,1456,8300,0.0006863417982155113,0.003960158406336254,34,0.2551762300751649,-1.9704341480331486,3.8406224111331793,0.05002494785653666,1457,8333,positive,0.09960157653885492,False
overall,85,387,1372,7946,0.05833905284831846,0.046441857674306974,472,1.2774912744579587,0.35331343727700837,3.825322836902726,0.050483621673990314,1457,8333,negative,0.10043980252452102,False
ball,29,111,1428,8222,0.01990391214824983,0.013320532821312852,140,1.5228978937736124,0.6068192162279292,3.8131688371608363,0.05085116026092688,1457,8333,negative,0.10109559526892696,False
simplicity,5,68,1452,8265,0.0034317089910775567,0.008160326413056522,73,0.45690415467919643,-1.1300365336983629,3.7467690019631807,0.05290969318659057,1457,8333,positive,0.10510971835726561,False
interesting,55,412,1402,7921,0.03774879890185312,0.049441977679107164,467,0.7599299951385513,-0.3960615714866327,3.7328130516791758,0.053353467386819696,1457,8333,positive,0.10588455576891573,False
evil,3,51,1454,8282,0.002059025394646534,0.0061202448097923915,54,0.3869978339735738,-1.369602603257544,3.7289126300376174,0.05347819727413064,1457,8333,positive,0.10588455576891573,False
coding,2,42,1455,8291,0.0013726835964310226,0.005040201608064322,44,0.3350981065734435,-1.5773445600752698,3.7282845628869983,0.05349831081047617,1457,8333,positive,0.10588455576891573,False
escape,2,42,1455,8291,0.0013726835964310226,0.005040201608064322,44,0.3350981065734435,-1.5773445600752698,3.7282845628869983,0.05349831081047617,1457,8333,positive,0.10588455576891573,False
gotta,2,42,1455,8291,0.0013726835964310226,0.005040201608064322,44,0.3350981065734435,-1.5773445600752698,3.7282845628869983,0.05349831081047617,1457,8333,positive,0.10588455576891573,False
numbers,15,49,1442,8284,0.01029512697323267,0.005880235209408376,64,1.7983614305971325,0.8466829995666396,3.7219412002894154,0.05370190351837765,1457,8333,negative,0.1062086608160199,False
leads,8,21,1449,8312,0.00549073438572409,0.002520100804032161,29,2.2672212551240603,1.180925188650121,3.705522777897766,0.05423268003189047,1457,8333,negative,0.10709949997408888,False
hitting,8,21,1449,8312,0.00549073438572409,0.002520100804032161,29,2.2672212551240603,1.180925188650121,3.705522777897766,0.05423268003189047,1457,8333,negative,0.10709949997408888,False
usually,11,114,1446,8219,0.0075497597803706245,0.013680547221888875,125,0.5707150372001685,-0.80915751924235,3.697977566741963,0.05447846398660995,1457,8333,positive,0.10745305953798864,False
based,25,213,1432,8120,0.017158544955387784,0.025561022440897637,238,0.6770651201000527,-0.5626334960541741,3.6913656744655348,0.05469481578641005,1457,8333,positive,0.10745305953798864,False
breaker,0,21,1457,8312,0.0,0.002520100804032161,21,0.13263393035222784,-2.9144782026266802,3.6796799541139187,0.05507942172149039,1457,8333,positive,0.10745305953798864,False
ukraini,0,21,1457,8312,0.0,0.002520100804032161,21,0.13263393035222784,-2.9144782026266802,3.6796799541139187,0.05507942172149039,1457,8333,positive,0.10745305953798864,False
broader,0,21,1457,8312,0.0,0.002520100804032161,21,0.13263393035222784,-2.9144782026266802,3.6796799541139187,0.05507942172149039,1457,8333,positive,0.10745305953798864,False
ladder,0,21,1457,8312,0.0,0.002520100804032161,21,0.13263393035222784,-2.9144782026266802,3.6796799541139187,0.05507942172149039,1457,8333,positive,0.10745305953798864,False
remaster,0,21,1457,8312,0.0,0.002520100804032161,21,0.13263393035222784,-2.9144782026266802,3.6796799541139187,0.05507942172149039,1457,8333,positive,0.10745305953798864,False
slava,0,21,1457,8312,0.0,0.002520100804032161,21,0.13263393035222784,-2.9144782026266802,3.6796799541139187,0.05507942172149039,1457,8333,positive,0.10745305953798864,False
involving,0,21,1457,8312,0.0,0.002520100804032161,21,0.13263393035222784,-2.9144782026266802,3.6796799541139187,0.05507942172149039,1457,8333,positive,0.10745305953798864,False
uniquely,0,21,1457,8312,0.0,0.002520100804032161,21,0.13263393035222784,-2.9144782026266802,3.6796799541139187,0.05507942172149039,1457,8333,positive,0.10745305953798864,False
dancing,0,21,1457,8312,0.0,0.002520100804032161,21,0.13263393035222784,-2.9144782026266802,3.6796799541139187,0.05507942172149039,1457,8333,positive,0.10745305953798864,False
letter,0,21,1457,8312,0.0,0.002520100804032161,21,0.13263393035222784,-2.9144782026266802,3.6796799541139187,0.05507942172149039,1457,8333,positive,0.10745305953798864,False
crossing,0,21,1457,8312,0.0,0.002520100804032161,21,0.13263393035222784,-2.9144782026266802,3.6796799541139187,0.05507942172149039,1457,8333,positive,0.10745305953798864,False
proves,0,21,1457,8312,0.0,0.002520100804032161,21,0.13263393035222784,-2.9144782026266802,3.6796799541139187,0.05507942172149039,1457,8333,positive,0.10745305953798864,False
decently,0,21,1457,8312,0.0,0.002520100804032161,21,0.13263393035222784,-2.9144782026266802,3.6796799541139187,0.05507942172149039,1457,8333,positive,0.10745305953798864,False
teens,0,21,1457,8312,0.0,0.002520100804032161,21,0.13263393035222784,-2.9144782026266802,3.6796799541139187,0.05507942172149039,1457,8333,positive,0.10745305953798864,False
age,1,32,1456,8301,0.0006863417982155113,0.0038401536061442457,33,0.2630594945733978,-1.926538972863482,3.6718499902389827,0.05533872871179985,1457,8333,positive,0.10745305953798864,False
intricate,1,32,1456,8301,0.0006863417982155113,0.0038401536061442457,33,0.2630594945733978,-1.926538972863482,3.6718499902389827,0.05533872871179985,1457,8333,positive,0.10745305953798864,False
clothes,1,32,1456,8301,0.0006863417982155113,0.0038401536061442457,33,0.2630594945733978,-1.926538972863482,3.6718499902389827,0.05533872871179985,1457,8333,positive,0.10745305953798864,False
precision,1,32,1456,8301,0.0006863417982155113,0.0038401536061442457,33,0.2630594945733978,-1.926538972863482,3.6718499902389827,0.05533872871179985,1457,8333,positive,0.10745305953798864,False
calm,1,32,1456,8301,0.0006863417982155113,0.0038401536061442457,33,0.2630594945733978,-1.926538972863482,3.6718499902389827,0.05533872871179985,1457,8333,positive,0.10745305953798864,False
captures,1,32,1456,8301,0.0006863417982155113,0.0038401536061442457,33,0.2630594945733978,-1.926538972863482,3.6718499902389827,0.05533872871179985,1457,8333,positive,0.10745305953798864,False
continues,1,32,1456,8301,0.0006863417982155113,0.0038401536061442457,33,0.2630594945733978,-1.926538972863482,3.6718499902389827,0.05533872871179985,1457,8333,positive,0.10745305953798864,False
break,7,83,1450,8250,0.004804392587508579,0.009960398415936638,90,0.5109016713212665,-0.9688824396293769,3.6195633401780634,0.057103859228673164,1457,8333,positive,0.11058104594042643,False
error,9,25,1448,8308,0.0061770761839396015,0.003000120004800192,34,2.136916485613921,1.0955305260861634,3.6167239802109186,0.05720140709378745,1457,8333,negative,0.11058104594042643,False
cursor,9,25,1448,8308,0.0061770761839396015,0.003000120004800192,34,2.136916485613921,1.0955305260861634,3.6167239802109186,0.05720140709378745,1457,8333,negative,0.11058104594042643,False
giant,6,14,1451,8319,0.004118050789293068,0.0016800672026881075,20,2.5693634409113044,1.3614109763868971,3.6156020248758027,0.057240001274489305,1457,8333,negative,0.11058104594042643,False
correctly,6,14,1451,8319,0.004118050789293068,0.0016800672026881075,20,2.5693634409113044,1.3614109763868971,3.6156020248758027,0.057240001274489305,1457,8333,negative,0.11058104594042643,False
fetch,6,14,1451,8319,0.004118050789293068,0.0016800672026881075,20,2.5693634409113044,1.3614109763868971,3.6156020248758027,0.057240001274489305,1457,8333,negative,0.11058104594042643,False
vertical,6,14,1451,8319,0.004118050789293068,0.0016800672026881075,20,2.5693634409113044,1.3614109763868971,3.6156020248758027,0.057240001274489305,1457,8333,negative,0.11058104594042643,False
liked,44,184,1413,8149,0.030199039121482498,0.022080883235329415,228,1.3905890067036504,0.4756960894673066,3.593145567573647,0.05801832567621833,1457,8333,negative,0.11200351647559598,False
picking,12,37,1445,8296,0.008236101578586136,0.004440177607104284,49,1.9131788308543756,0.9359717332388756,3.5882195886550794,0.058190555155653814,1457,8333,negative,0.11217355028559152,False
none,12,37,1445,8296,0.008236101578586136,0.004440177607104284,49,1.9131788308543756,0.9359717332388756,3.5882195886550794,0.058190555155653814,1457,8333,negative,0.11217355028559152,False
minor,11,113,1446,8220,0.0075497597803706245,0.013560542421696868,124,0.5758134095515379,-0.7963267080904977,3.5829207030223476,0.05837642933473438,1457,8333,positive,0.1124505495710996,False
counter,10,29,1447,8304,0.0068634179821551134,0.0034801392055682227,39,2.042030385527356,1.0300043337590448,3.577712437578701,0.058559739613090675,1457,8333,negative,0.11264088442171698,False
task,10,29,1447,8304,0.0068634179821551134,0.0034801392055682227,39,2.042030385527356,1.0300043337590448,3.577712437578701,0.058559739613090675,1457,8333,negative,0.11264088442171698,False
pretty,108,509,1349,7824,0.07412491420727522,0.06108244329773191,617,1.234722197477276,0.304186483587186,3.5724554471064214,0.05874538524884415,1457,8333,negative,0.11289655211271445,False
minute,11,33,1446,8300,0.0075497597803706245,0.003960158406336254,44,1.9698758196573303,0.9781046855134568,3.571552080443713,0.05877734971209589,1457,8333,negative,0.11289655211271445,False
journey,2,41,1455,8292,0.0013726835964310226,0.004920196807872315,43,0.34321414824533447,-1.5428190689069436,3.5690468327251117,0.05886609142225601,1457,8333,positive,0.11290431635376584,False
allowing,2,41,1455,8292,0.0013726835964310226,0.004920196807872315,43,0.34321414824533447,-1.5428190689069436,3.5690468327251117,0.05886609142225601,1457,8333,positive,0.11290431635376584,False
thinking,19,67,1438,8266,0.013040494166094716,0.008040321612864514,86,1.6601320820298922,0.7312980286257922,3.5609376543226903,0.05915431528292184,1457,8333,negative,0.11337556042003567,False
result,16,54,1441,8279,0.01098146877144818,0.006480259210368415,70,1.738909201997155,0.7981826035770353,3.539466333924692,0.059924738701704665,1457,8333,negative,0.11476965041576483,False
underneath,0,20,1457,8313,0.0,0.0024000960038401535,20,0.13912061247542148,-2.8455919056832135,3.504098403444838,0.06121715781880084,1457,8333,positive,0.11537714375835383,False
undermines,0,20,1457,8313,0.0,0.0024000960038401535,20,0.13912061247542148,-2.8455919056832135,3.504098403444838,0.06121715781880084,1457,8333,positive,0.11537714375835383,False
touches,0,20,1457,8313,0.0,0.0024000960038401535,20,0.13912061247542148,-2.8455919056832135,3.504098403444838,0.06121715781880084,1457,8333,positive,0.11537714375835383,False
platypus,0,20,1457,8313,0.0,0.0024000960038401535,20,0.13912061247542148,-2.8455919056832135,3.504098403444838,0.06121715781880084,1457,8333,positive,0.11537714375835383,False
potato,0,20,1457,8313,0.0,0.0024000960038401535,20,0.13912061247542148,-2.8455919056832135,3.504098403444838,0.06121715781880084,1457,8333,positive,0.11537714375835383,False
bursts,0,20,1457,8313,0.0,0.0024000960038401535,20,0.13912061247542148,-2.8455919056832135,3.504098403444838,0.06121715781880084,1457,8333,positive,0.11537714375835383,False
partner,0,20,1457,8313,0.0,0.0024000960038401535,20,0.13912061247542148,-2.8455919056832135,3.504098403444838,0.06121715781880084,1457,8333,positive,0.11537714375835383,False
supernatural,0,20,1457,8313,0.0,0.0024000960038401535,20,0.13912061247542148,-2.8455919056832135,3.504098403444838,0.06121715781880084,1457,8333,positive,0.11537714375835383,False
surpisingly,0,20,1457,8313,0.0,0.0024000960038401535,20,0.13912061247542148,-2.8455919056832135,3.504098403444838,0.06121715781880084,1457,8333,positive,0.11537714375835383,False
nasa,0,20,1457,8313,0.0,0.0024000960038401535,20,0.13912061247542148,-2.8455919056832135,3.504098403444838,0.06121715781880084,1457,8333,positive,0.11537714375835383,False
pablo,0,20,1457,8313,0.0,0.0024000960038401535,20,0.13912061247542148,-2.8455919056832135,3.504098403444838,0.06121715781880084,1457,8333,positive,0.11537714375835383,False
complements,0,20,1457,8313,0.0,0.0024000960038401535,20,0.13912061247542148,-2.8455919056832135,3.504098403444838,0.06121715781880084,1457,8333,positive,0.11537714375835383,False
car,1,31,1456,8302,0.0006863417982155113,0.003720148805952238,32,0.2714432838016772,-1.881277306529038,3.503553338580912,0.06123730623333483,1457,8333,positive,0.11537714375835383,False
checking,1,31,1456,8302,0.0006863417982155113,0.003720148805952238,32,0.2714432838016772,-1.881277306529038,3.503553338580912,0.06123730623333483,1457,8333,positive,0.11537714375835383,False
boy,1,31,1456,8302,0.0006863417982155113,0.003720148805952238,32,0.2714432838016772,-1.881277306529038,3.503553338580912,0.06123730623333483,1457,8333,positive,0.11537714375835383,False
ace,1,31,1456,8302,0.0006863417982155113,0.003720148805952238,32,0.2714432838016772,-1.881277306529038,3.503553338580912,0.06123730623333483,1457,8333,positive,0.11537714375835383,False
quirky,1,31,1456,8302,0.0006863417982155113,0.003720148805952238,32,0.2714432838016772,-1.881277306529038,3.503553338580912,0.06123730623333483,1457,8333,positive,0.11537714375835383,False
wandering,1,31,1456,8302,0.0006863417982155113,0.003720148805952238,32,0.2714432838016772,-1.881277306529038,3.503553338580912,0.06123730623333483,1457,8333,positive,0.11537714375835383,False
earth,1,31,1456,8302,0.0006863417982155113,0.003720148805952238,32,0.2714432838016772,-1.881277306529038,3.503553338580912,0.06123730623333483,1457,8333,positive,0.11537714375835383,False
survive,1,31,1456,8302,0.0006863417982155113,0.003720148805952238,32,0.2714432838016772,-1.881277306529038,3.503553338580912,0.06123730623333483,1457,8333,positive,0.11537714375835383,False
cultural,1,31,1456,8302,0.0006863417982155113,0.003720148805952238,32,0.2714432838016772,-1.881277306529038,3.503553338580912,0.06123730623333483,1457,8333,positive,0.11537714375835383,False
evening,1,31,1456,8302,0.0006863417982155113,0.003720148805952238,32,0.2714432838016772,-1.881277306529038,3.503553338580912,0.06123730623333483,1457,8333,positive,0.11537714375835383,False
aesthetics,1,31,1456,8302,0.0006863417982155113,0.003720148805952238,32,0.2714432838016772,-1.881277306529038,3.503553338580912,0.06123730623333483,1457,8333,positive,0.11537714375835383,False
addition,7,82,1450,8251,0.004804392587508579,0.00984039361574463,89,0.5171570931653662,-0.9513255104688105,3.4914733734293426,0.06168566109213212,1457,8333,positive,0.11613981106753123,False
itch,5,66,1452,8267,0.0034317089910775567,0.007920316812672508,71,0.47075951496641777,-1.0869378400773064,3.470459801897218,0.06247394264014918,1457,8333,positive,0.11754095347822,False
expected,24,90,1433,8243,0.016472203157172273,0.010800432017280691,114,1.5567950790766332,0.6385790549779634,3.4664130517021183,0.06262697678025354,1457,8333,negative,0.1176628048598703,False
speed,24,90,1433,8243,0.016472203157172273,0.010800432017280691,114,1.5567950790766332,0.6385790549779634,3.4664130517021183,0.06262697678025354,1457,8333,negative,0.1176628048598703,False
itself,38,156,1419,8177,0.02608098833218943,0.0187207488299532,194,1.4172013049638366,0.503044699008032,3.4588804303578953,0.06291289931927245,1457,8333,negative,0.11811675322900025,False
looking,72,325,1385,8008,0.04941660947151681,0.0390015600624025,397,1.287453829740881,0.36452069575354973,3.4575738542701813,0.06296263562747324,1457,8333,negative,0.11812694340805326,False
ton,20,72,1437,8261,0.013726835964310227,0.008640345613824553,92,1.6250506746626687,0.7004847070301005,3.446752253095851,0.0633761867723663,1457,8333,negative,0.11881920811190476,False
edition,3,49,1454,8284,0.002059025394646534,0.005880235209408376,52,0.40273133535422984,-1.312110366330093,3.4274590970937333,0.0641206820999986,1457,8333,positive,0.12013052598636421,False
drifting,2,40,1455,8293,0.0013726835964310226,0.004800192007680307,42,0.35173098209855336,-1.5074556750470027,3.410639935669037,0.06477732143806883,1457,8333,positive,0.1211904133009765,False
neon,2,40,1455,8293,0.0013726835964310226,0.004800192007680307,42,0.35173098209855336,-1.5074556750470027,3.410639935669037,0.06477732143806883,1457,8333,positive,0.1211904133009765,False
fixes,7,18,1450,8315,0.004804392587508579,0.002160086403456138,25,2.324128678833953,1.2166899479060735,3.40451185205057,0.06501834893445727,1457,8333,negative,0.12147086072828527,False
received,7,18,1450,8315,0.004804392587508579,0.002160086403456138,25,2.324128678833953,1.2166899479060735,3.40451185205057,0.06501834893445727,1457,8333,negative,0.12147086072828527,False
genre,23,196,1434,8137,0.015785861358956762,0.023520940837633505,219,0.6784154917398141,-0.5597589804092734,3.3929054338914253,0.06547747529986646,1457,8333,positive,0.12224296158924647,False
survival,7,81,1450,8252,0.004804392587508579,0.009720388815552622,88,0.5235660222939836,-0.9335566207106581,3.3645172937495196,0.0666151035585065,1457,8333,positive,0.12427982231419057,False
fall,19,68,1438,8265,0.013040494166094716,0.008160326413056522,87,1.6356986824779463,0.7099070090791926,3.3534191738901153,0.06706557460357336,1457,8333,negative,0.125032742582606,False
keyboard,13,42,1444,8291,0.008922443376801648,0.005040201608064322,55,1.823309510720176,0.8665594827589868,3.3458782647107568,0.06737351569586379,1457,8333,negative,0.12543141958461793,False
franchise,13,42,1444,8291,0.008922443376801648,0.005040201608064322,55,1.823309510720176,0.8665594827589868,3.3458782647107568,0.06737351569586379,1457,8333,negative,0.12543141958461793,False
aesthetic,6,73,1451,8260,0.004118050789293068,0.00876035041401656,79,0.5032865367986671,-0.9905480894498995,3.339019187943936,0.06765492615244624,1457,8333,positive,0.12550280976053738,False
roster,1,30,1456,8303,0.0006863417982155113,0.0036001440057602304,31,0.2803768297006635,-1.8345609647155012,3.335775000138401,0.06778846438678689,1457,8333,positive,0.12550280976053738,False
unsure,1,30,1456,8303,0.0006863417982155113,0.0036001440057602304,31,0.2803768297006635,-1.8345609647155012,3.335775000138401,0.06778846438678689,1457,8333,positive,0.12550280976053738,False
cry,1,30,1456,8303,0.0006863417982155113,0.0036001440057602304,31,0.2803768297006635,-1.8345609647155012,3.335775000138401,0.06778846438678689,1457,8333,positive,0.12550280976053738,False
chan,1,30,1456,8303,0.0006863417982155113,0.0036001440057602304,31,0.2803768297006635,-1.8345609647155012,3.335775000138401,0.06778846438678689,1457,8333,positive,0.12550280976053738,False
twin,1,30,1456,8303,0.0006863417982155113,0.0036001440057602304,31,0.2803768297006635,-1.8345609647155012,3.335775000138401,0.06778846438678689,1457,8333,positive,0.12550280976053738,False
sick,1,30,1456,8303,0.0006863417982155113,0.0036001440057602304,31,0.2803768297006635,-1.8345609647155012,3.335775000138401,0.06778846438678689,1457,8333,positive,0.12550280976053738,False
heads,1,30,1456,8303,0.0006863417982155113,0.0036001440057602304,31,0.2803768297006635,-1.8345609647155012,3.335775000138401,0.06778846438678689,1457,8333,positive,0.12550280976053738,False
basic,26,100,1431,8233,0.017844886753603295,0.012000480019200769,126,1.5166066280542798,0.6008469330806316,3.334241279905459,0.06785169391877643,1457,8333,negative,0.12553269672967243,False
mid,16,55,1441,8278,0.01098146877144818,0.006600264010560422,71,1.707371263042439,0.7717768024262929,3.306365010660672,0.06901198718143704,1457,8333,negative,0.1275023962756141,False
dead,16,55,1441,8278,0.01098146877144818,0.006600264010560422,71,1.707371263042439,0.7717768024262929,3.306365010660672,0.06901198718143704,1457,8333,negative,0.1275023962756141,False
improved,8,22,1449,8311,0.00549073438572409,0.0026401056042241688,30,2.166195239737841,1.1151632792840185,3.2987840376718007,0.06933118818260017,1457,8333,negative,0.12788982540305707,False
decision,8,22,1449,8311,0.00549073438572409,0.0026401056042241688,30,2.166195239737841,1.1151632792840185,3.2987840376718007,0.06933118818260017,1457,8333,negative,0.12788982540305707,False
health,12,38,1445,8295,0.008236101578586136,0.004560182407296292,50,1.8632612631229026,0.8978299805515915,3.297969012110016,0.06936559922461386,1457,8333,negative,0.12788982540305707,False
choices,15,139,1442,8194,0.01029512697323267,0.016680667226689067,154,0.6311958405545928,-0.6638403965560065,3.2660393068053666,0.07072819165424024,1457,8333,positive,0.13008392815726452,False
allow,22,82,1435,8251,0.015099519560741249,0.00984039361574463,104,1.567683100598461,0.6486339552431611,3.263570239494013,0.07083474598132031,1457,8333,negative,0.13008392815726452,False
beat,42,177,1415,8156,0.028826355525051476,0.02124084963398536,219,1.3796996034845599,0.46435418893183816,3.2629565768380235,0.07086125569598765,1457,8333,negative,0.13008392815726452,False
updates,31,124,1426,8209,0.02127659574468085,0.014880595223808952,155,1.4560830071072934,0.5420926017787603,3.255945967282541,0.07116486366784552,1457,8333,negative,0.13008392815726452,False
expect,17,153,1440,8180,0.011667810569663692,0.018360734429377176,170,0.6474351219434982,-0.6271924641575285,3.255752635383826,0.07117325600150404,1457,8333,positive,0.13008392815726452,False
thus,9,26,1448,8307,0.0061770761839396015,0.0031201248049922,35,2.056030636768029,1.0398617621893766,3.2533094140912513,0.07127940509289722,1457,8333,negative,0.13008392815726452,False
playtime,9,26,1448,8307,0.0061770761839396015,0.0031201248049922,35,2.056030636768029,1.0398617621893766,3.2533094140912513,0.07127940509289722,1457,8333,negative,0.13008392815726452,False
shorter,9,26,1448,8307,0.0061770761839396015,0.0031201248049922,35,2.056030636768029,1.0398617621893766,3.2533094140912513,0.07127940509289722,1457,8333,negative,0.13008392815726452,False
five,9,26,1448,8307,0.0061770761839396015,0.0031201248049922,35,2.056030636768029,1.0398617621893766,3.2533094140912513,0.07127940509289722,1457,8333,negative,0.13008392815726452,False
adults,2,39,1455,8294,0.0013726835964310226,0.0046801872074883,41,0.36067904804560613,-1.471212475916689,3.2531220121771915,0.07128755402766822,1457,8333,positive,0.13008392815726452,False
relatively,2,39,1455,8294,0.0013726835964310226,0.0046801872074883,41,0.36067904804560613,-1.471212475916689,3.2531220121771915,0.07128755402766822,1457,8333,positive,0.13008392815726452,False
scenarios,2,39,1455,8294,0.0013726835964310226,0.0046801872074883,41,0.36067904804560613,-1.471212475916689,3.2531220121771915,0.07128755402766822,1457,8333,positive,0.13008392815726452,False
describe,2,39,1455,8294,0.0013726835964310226,0.0046801872074883,41,0.36067904804560613,-1.471212475916689,3.2531220121771915,0.07128755402766822,1457,8333,positive,0.13008392815726452,False
risk,2,39,1455,8294,0.0013726835964310226,0.0046801872074883,41,0.36067904804560613,-1.471212475916689,3.2531220121771915,0.07128755402766822,1457,8333,positive,0.13008392815726452,False
remake,2,39,1455,8294,0.0013726835964310226,0.0046801872074883,41,0.36067904804560613,-1.471212475916689,3.2531220121771915,0.07128755402766822,1457,8333,positive,0.13008392815726452,False
atmosphere,32,129,1425,8204,0.02196293754289636,0.015480619224768991,161,1.4444366198136804,0.5305069015234584,3.2217903004004813,0.07266411681288554,1457,8333,negative,0.13250515418820302,False
areas,9,95,1448,8238,0.0061770761839396015,0.01140045601824073,104,0.5657829818534068,-0.821679312223434,3.2193562475454565,0.07277224400584498,1457,8333,positive,0.1326116216811912,False
enjoyed,36,281,1421,8052,0.024708304735758406,0.033721348853954156,317,0.7345110517309349,-0.44514389660756265,3.2154356289685073,0.0729467715133804,1457,8333,positive,0.13283886123953015,False
deep,12,117,1445,8216,0.008236101578586136,0.014040561622464899,129,0.604701310744276,-0.7257053887237327,3.21333115648508,0.07304063788547435,1457,8333,positive,0.13291900382435126,False
slowly,6,72,1451,8261,0.004118050789293068,0.008640345613824553,78,0.5102901873210828,-0.970610195354453,3.2089141126411875,0.07323807421949341,1457,8333,positive,0.1331873846310842,False
world,56,410,1401,7923,0.038435140700068635,0.04920196807872315,466,0.7781426981618355,-0.3618933496338068,3.1712533883025427,0.0749449115697062,1457,8333,positive,0.1361984555179528,False
appreciation,1,29,1456,8304,0.0006863417982155113,0.0034801392055682227,30,0.28991603972839464,-1.7862929415623088,3.168563192902954,0.07506845901412526,1457,8333,positive,0.1362372442012648,False
staying,1,29,1456,8304,0.0006863417982155113,0.0034801392055682227,30,0.28991603972839464,-1.7862929415623088,3.168563192902954,0.07506845901412526,1457,8333,positive,0.1362372442012648,False
pleasant,3,47,1454,8286,0.002059025394646534,0.005640225609024361,50,0.41978976316694105,-1.2522611088393774,3.1301984194949446,0.07685438585071726,1457,8333,positive,0.1393835324340219,False
perfectly,7,79,1450,8254,0.004804392587508579,0.009480379215168607,86,0.5368675733156426,-0.8973618258233171,3.114159893980177,0.07761449379707111,1457,8333,positive,0.14028106782736097,False
textures,6,15,1451,8318,0.004118050789293068,0.0018000720028801152,21,2.403309146266932,1.2650222394371715,3.113100457195176,0.07766498728926662,1457,8333,negative,0.14028106782736097,False
frequently,6,15,1451,8318,0.004118050789293068,0.0018000720028801152,21,2.403309146266932,1.2650222394371715,3.113100457195176,0.07766498728926662,1457,8333,negative,0.14028106782736097,False
cheat,6,15,1451,8318,0.004118050789293068,0.0018000720028801152,21,2.403309146266932,1.2650222394371715,3.113100457195176,0.07766498728926662,1457,8333,negative,0.14028106782736097,False
loops,6,15,1451,8318,0.004118050789293068,0.0018000720028801152,21,2.403309146266932,1.2650222394371715,3.113100457195176,0.07766498728926662,1457,8333,negative,0.14028106782736097,False
passives,6,15,1451,8318,0.004118050789293068,0.0018000720028801152,21,2.403309146266932,1.2650222394371715,3.113100457195176,0.07766498728926662,1457,8333,negative,0.14028106782736097,False
artstyle,2,38,1455,8295,0.0013726835964310226,0.004560182407296292,40,0.370091948587311,-1.4340443449814873,3.096557017869121,0.07845806267491552,1457,8333,positive,0.1413305372238681,False
pinball,2,38,1455,8295,0.0013726835964310226,0.004560182407296292,40,0.370091948587311,-1.4340443449814873,3.096557017869121,0.07845806267491552,1457,8333,positive,0.1413305372238681,False
movements,2,38,1455,8295,0.0013726835964310226,0.004560182407296292,40,0.370091948587311,-1.4340443449814873,3.096557017869121,0.07845806267491552,1457,8333,positive,0.1413305372238681,False
favourite,2,38,1455,8295,0.0013726835964310226,0.004560182407296292,40,0.370091948587311,-1.4340443449814873,3.096557017869121,0.07845806267491552,1457,8333,positive,0.1413305372238681,False
talking,13,43,1444,8290,0.008922443376801648,0.00516020640825633,56,1.781179503706091,0.832832915685442,3.086430838591893,0.07894779978206347,1457,8333,negative,0.14192503993188213,False
cost,13,43,1444,8290,0.008922443376801648,0.00516020640825633,56,1.781179503706091,0.832832915685442,3.086430838591893,0.07894779978206347,1457,8333,negative,0.14192503993188213,False
manager,13,43,1444,8290,0.008922443376801648,0.00516020640825633,56,1.781179503706091,0.832832915685442,3.086430838591893,0.07894779978206347,1457,8333,negative,0.14192503993188213,False
slightly,5,63,1452,8270,0.0034317089910775567,0.007560302412096484,68,0.4931790152736932,-1.0198166803953088,3.06466725667275,0.08001154185636294,1457,8333,positive,0.14374041144815608,False
demo,17,151,1440,8182,0.011667810569663692,0.01812072482899316,168,0.6561424972764545,-0.6079189297557291,3.061827929853439,0.08015145506252036,1457,8333,positive,0.14389480080584463,False
quickly,29,116,1428,8217,0.01990391214824983,0.013920556822272891,145,1.4566511587381945,0.5426554197388617,3.0427269434212985,0.08109957547840338,1457,8333,negative,0.14549896919611266,False
mmo,12,39,1445,8294,0.008236101578586136,0.0046801872074883,51,1.8158711671753018,0.8606618496163898,3.0259494740047663,0.08194234512633622,1457,8333,negative,0.1469120996010843,False
lighthearted,1,28,1456,8305,0.0006863417982155113,0.003360134405376215,29,0.3001246680036858,-1.7363661923323819,3.0019727871553052,0.08316319497846453,1457,8333,positive,0.14840232785313684,False
backdrop,1,28,1456,8305,0.0006863417982155113,0.003360134405376215,29,0.3001246680036858,-1.7363661923323819,3.0019727871553052,0.08316319497846453,1457,8333,positive,0.14840232785313684,False
surprising,1,28,1456,8305,0.0006863417982155113,0.003360134405376215,29,0.3001246680036858,-1.7363661923323819,3.0019727871553052,0.08316319497846453,1457,8333,positive,0.14840232785313684,False
duck,1,28,1456,8305,0.0006863417982155113,0.003360134405376215,29,0.3001246680036858,-1.7363661923323819,3.0019727871553052,0.08316319497846453,1457,8333,positive,0.14840232785313684,False
cosmetic,1,28,1456,8305,0.0006863417982155113,0.003360134405376215,29,0.3001246680036858,-1.7363661923323819,3.0019727871553052,0.08316319497846453,1457,8333,positive,0.14840232785313684,False
tekken,1,28,1456,8305,0.0006863417982155113,0.003360134405376215,29,0.3001246680036858,-1.7363661923323819,3.0019727871553052,0.08316319497846453,1457,8333,positive,0.14840232785313684,False
draws,1,28,1456,8305,0.0006863417982155113,0.003360134405376215,29,0.3001246680036858,-1.7363661923323819,3.0019727871553052,0.08316319497846453,1457,8333,positive,0.14840232785313684,False
girls,3,46,1454,8287,0.002059025394646534,0.005520220808832354,49,0.42886924893822287,-1.2213902202634213,2.9832952820423193,0.08412783008213237,1457,8333,positive,0.1499229913094685,False
longevity,3,46,1454,8287,0.002059025394646534,0.005520220808832354,49,0.42886924893822287,-1.2213902202634213,2.9832952820423193,0.08412783008213237,1457,8333,positive,0.1499229913094685,False
mentioned,11,35,1446,8298,0.0075497597803706245,0.004200168006720269,46,1.8584490002580294,0.8940990981623432,2.9753104047874634,0.0845439075251854,1457,8333,negative,0.15056383264004294,False
show,19,70,1438,8263,0.013040494166094716,0.008400336013440538,89,1.588911321633794,0.6680386090104145,2.9641670841221135,0.08512828857990282,1457,8333,negative,0.15134002752665782,False
simulator,19,70,1438,8263,0.013040494166094716,0.008400336013440538,89,1.588911321633794,0.6680386090104145,2.9641670841221135,0.08512828857990282,1457,8333,negative,0.15134002752665782,False
bosses,16,143,1441,8190,0.01098146877144818,0.0171606864274571,159,0.6533227945628646,-0.6141321183518793,2.963753666497631,0.08515005299699427,1457,8333,positive,0.15134002752665782,False
heavily,6,70,1451,8263,0.004118050789293068,0.008400336013440538,76,0.5248935437295241,-0.9299032425981164,2.9524538286171866,0.08574727070531987,1457,8333,positive,0.15229994916747686,False
pathfinder,2,37,1455,8296,0.0013726835964310226,0.004440177607104284,39,0.3800068704912401,-1.395902592294203,2.9410154690583923,0.08635642764264671,1457,8333,positive,0.15287266672994432,False
share,2,37,1455,8296,0.0013726835964310226,0.004440177607104284,39,0.3800068704912401,-1.395902592294203,2.9410154690583923,0.08635642764264671,1457,8333,positive,0.15287266672994432,False
stakes,2,37,1455,8296,0.0013726835964310226,0.004440177607104284,39,0.3800068704912401,-1.395902592294203,2.9410154690583923,0.08635642764264671,1457,8333,positive,0.15287266672994432,False
popular,2,37,1455,8296,0.0013726835964310226,0.004440177607104284,39,0.3800068704912401,-1.395902592294203,2.9410154690583923,0.08635642764264671,1457,8333,positive,0.15287266672994432,False
software,2,37,1455,8296,0.0013726835964310226,0.004440177607104284,39,0.3800068704912401,-1.395902592294203,2.9410154690583923,0.08635642764264671,1457,8333,positive,0.15287266672994432,False
deeper,10,31,1447,8302,0.0068634179821551134,0.003720148805952238,41,1.9119170984455958,0.9350199687923155,2.9380747833656558,0.08651379134836237,1457,8333,negative,0.15304961362623362,False
possibly,8,23,1449,8310,0.00549073438572409,0.002760110404416177,31,2.0737671831078948,1.0522539353134315,2.9295466199406652,0.08697191351332094,1457,8333,negative,0.15375803808124244,False
audio,20,75,1437,8258,0.013726835964310227,0.009000360014400577,95,1.559912467607256,0.6414650764644785,2.883016390602518,0.08951818920011416,1457,8333,negative,0.15815473320576828,False
goal,16,57,1441,8276,0.01098146877144818,0.006840273610944437,73,1.6475863005021942,0.7203540355190288,2.873690274409535,0.09003820095399162,1457,8333,negative,0.15896810843929912,False
weapons,7,77,1450,8256,0.004804392587508579,0.009240369614784591,84,0.5508556560029356,-0.8602537645666496,2.868815569034321,0.09031131138304122,1457,8333,positive,0.15934477574267894,False
fps,18,66,1439,8267,0.012354152367879203,0.007920316812672508,84,1.597763947903799,0.6760542816428028,2.866046390795596,0.09046685773679009,1457,8333,negative,0.1595136525967476,False
movie,1,27,1456,8306,0.0006863417982155113,0.0032401296051842074,28,0.3110757419717255,-1.684662198573755,2.836066493373397,0.09216959123349747,1457,8333,positive,0.1614481801764154,False
trainer,1,27,1456,8306,0.0006863417982155113,0.0032401296051842074,28,0.3110757419717255,-1.684662198573755,2.836066493373397,0.09216959123349747,1457,8333,positive,0.1614481801764154,False
daily,1,27,1456,8306,0.0006863417982155113,0.0032401296051842074,28,0.3110757419717255,-1.684662198573755,2.836066493373397,0.09216959123349747,1457,8333,positive,0.1614481801764154,False
mysterious,1,27,1456,8306,0.0006863417982155113,0.0032401296051842074,28,0.3110757419717255,-1.684662198573755,2.836066493373397,0.09216959123349747,1457,8333,positive,0.1614481801764154,False
replayable,1,27,1456,8306,0.0006863417982155113,0.0032401296051842074,28,0.3110757419717255,-1.684662198573755,2.836066493373397,0.09216959123349747,1457,8333,positive,0.1614481801764154,False
profile,1,27,1456,8306,0.0006863417982155113,0.0032401296051842074,28,0.3110757419717255,-1.684662198573755,2.836066493373397,0.09216959123349747,1457,8333,positive,0.1614481801764154,False
professional,1,27,1456,8306,0.0006863417982155113,0.0032401296051842074,28,0.3110757419717255,-1.684662198573755,2.836066493373397,0.09216959123349747,1457,8333,positive,0.1614481801764154,False
recreate,1,27,1456,8306,0.0006863417982155113,0.0032401296051842074,28,0.3110757419717255,-1.684662198573755,2.836066493373397,0.09216959123349747,1457,8333,positive,0.1614481801764154,False
ost,1,27,1456,8306,0.0006863417982155113,0.0032401296051842074,28,0.3110757419717255,-1.684662198573755,2.836066493373397,0.09216959123349747,1457,8333,positive,0.1614481801764154,False
murder,1,27,1456,8306,0.0006863417982155113,0.0032401296051842074,28,0.3110757419717255,-1.684662198573755,2.836066493373397,0.09216959123349747,1457,8333,positive,0.1614481801764154,False
likes,5,61,1452,8272,0.0034317089910775567,0.007320292811712469,66,0.5093404978800218,-0.9732976637939329,2.8005134926031086,0.09423412280537852,1457,8333,positive,0.16484076743287465,False
bucks,4,53,1453,8280,0.002745367192862045,0.006360254410176407,57,0.4791817366395648,-1.0613551720729368,2.7997003429103575,0.09428192609406967,1457,8333,positive,0.16484076743287465,False
must,19,162,1438,8171,0.013040494166094716,0.019440777631105244,181,0.6816684045881126,-0.5528579793818259,2.7995309636858985,0.09429188684738704,1457,8333,positive,0.16484076743287465,False
body,2,36,1455,8297,0.0013726835964310226,0.004320172806912276,38,0.3904650757871654,-1.3567345791497583,2.7865753060012044,0.09505717985363069,1457,8333,positive,0.16574391202732466,False
adventures,2,36,1455,8297,0.0013726835964310226,0.004320172806912276,38,0.3904650757871654,-1.3567345791497583,2.7865753060012044,0.09505717985363069,1457,8333,positive,0.16574391202732466,False
layered,2,36,1455,8297,0.0013726835964310226,0.004320172806912276,38,0.3904650757871654,-1.3567345791497583,2.7865753060012044,0.09505717985363069,1457,8333,positive,0.16574391202732466,False
occasional,2,36,1455,8297,0.0013726835964310226,0.004320172806912276,38,0.3904650757871654,-1.3567345791497583,2.7865753060012044,0.09505717985363069,1457,8333,positive,0.16574391202732466,False
language,15,53,1442,8280,0.01029512697323267,0.006360254410176407,68,1.6631011192277168,0.7338758894750185,2.783815439649816,0.09522107755648865,1457,8333,negative,0.1659211717422214,False
adventure,13,120,1444,8213,0.008922443376801648,0.014400576023040922,133,0.6370264086555241,-0.6505749125994785,2.7772491398183714,0.0956122626525367,1457,8333,positive,0.16649398578162172,False
energy,12,40,1445,8293,0.008236101578586136,0.004800192007680307,52,1.7708213228794343,0.8244186504860761,2.771111252963203,0.09597950807808726,1457,8333,negative,0.16691543935823916,False
balanced,12,40,1445,8293,0.008236101578586136,0.004800192007680307,52,1.7708213228794343,0.8244186504860761,2.771111252963203,0.09597950807808726,1457,8333,negative,0.16691543935823916,False
interested,17,62,1440,8271,0.011667810569663692,0.007440297611904476,79,1.6077889621659147,0.6850780512819714,2.768996933839431,0.09610636872386748,1457,8333,negative,0.16702710496599132,False
youd,9,91,1448,8242,0.0061770761839396015,0.0109204368174727,100,0.5908033748875321,-0.7592500275531106,2.7598923216571976,0.0966547427036078,1457,8333,positive,0.16787071273473514,False
twists,7,76,1450,8257,0.004804392587508579,0.009120364814592583,83,0.5581239734777055,-0.8413424781092431,2.7481332462516668,0.09736804778011536,1457,8333,positive,0.16899948918085128,False
rating,10,98,1447,8235,0.0068634179821551134,0.011760470418816752,108,0.6064911496278372,-0.7214415022723133,2.7259902638247873,0.09872687175789956,1457,8333,positive,0.17124648022547836,False
decent,26,104,1431,8229,0.017844886753603295,0.0124804992199688,130,1.4578461044810291,0.5438384315849687,2.7237261212313806,0.09886697445596998,1457,8333,negative,0.1713779934327802,False
rather,53,237,1404,8096,0.0363761153054221,0.02844113764550582,290,1.298571134136516,0.376925045248593,2.7165233286876638,0.09931412059641104,1457,8333,negative,0.17204122515271722,False
attention,11,105,1446,8228,0.0075497597803706245,0.012600504020160807,116,0.620079846270537,-0.6894740948691463,2.702030877010302,0.10022051080537048,1457,8333,positive,0.173238373229154,False
stages,6,68,1451,8265,0.004118050789293068,0.008160326413056522,74,0.5403496508771445,-0.8880348425293383,2.701321311722354,0.10026511998971667,1457,8333,positive,0.173238373229154,False
strange,6,68,1451,8265,0.004118050789293068,0.008160326413056522,74,0.5403496508771445,-0.8880348425293383,2.701321311722354,0.10026511998971667,1457,8333,positive,0.173238373229154,False
groups,6,68,1451,8265,0.004118050789293068,0.008160326413056522,74,0.5403496508771445,-0.8880348425293383,2.701321311722354,0.10026511998971667,1457,8333,positive,0.173238373229154,False
dynamic,14,49,1443,8284,0.009608785175017159,0.005880235209408376,63,1.6811726548477501,0.7494678956041995,2.696522787934222,0.10056736510780595,1457,8333,negative,0.17364805400091365,False
pixel,16,140,1441,8193,0.01098146877144818,0.016800672026881076,156,0.6675171548024189,-0.5831231811877623,2.6781780012987197,0.10173206261735486,1457,8333,positive,0.17532667502768715,False
conveyor,6,16,1451,8317,0.004118050789293068,0.0019200768030721229,22,2.257382644912786,1.1746509879262055,2.672147270613227,0.10211816375070486,1457,8333,negative,0.17532667502768715,False
japanese,6,16,1451,8317,0.004118050789293068,0.0019200768030721229,22,2.257382644912786,1.1746509879262055,2.672147270613227,0.10211816375070486,1457,8333,negative,0.17532667502768715,False
lowest,6,16,1451,8317,0.004118050789293068,0.0019200768030721229,22,2.257382644912786,1.1746509879262055,2.672147270613227,0.10211816375070486,1457,8333,negative,0.17532667502768715,False
passed,6,16,1451,8317,0.004118050789293068,0.0019200768030721229,22,2.257382644912786,1.1746509879262055,2.672147270613227,0.10211816375070486,1457,8333,negative,0.17532667502768715,False
gritty,1,26,1456,8307,0.0006863417982155113,0.0031201248049922,27,0.32285331208829643,-1.6310492674029977,2.6709163141199097,0.10219716916467586,1457,8333,positive,0.17532667502768715,False
dodges,1,26,1456,8307,0.0006863417982155113,0.0031201248049922,27,0.32285331208829643,-1.6310492674029977,2.6709163141199097,0.10219716916467586,1457,8333,positive,0.17532667502768715,False
police,1,26,1456,8307,0.0006863417982155113,0.0031201248049922,27,0.32285331208829643,-1.6310492674029977,2.6709163141199097,0.10219716916467586,1457,8333,positive,0.17532667502768715,False
alongside,1,26,1456,8307,0.0006863417982155113,0.0031201248049922,27,0.32285331208829643,-1.6310492674029977,2.6709163141199097,0.10219716916467586,1457,8333,positive,0.17532667502768715,False
fish,1,26,1456,8307,0.0006863417982155113,0.0031201248049922,27,0.32285331208829643,-1.6310492674029977,2.6709163141199097,0.10219716916467586,1457,8333,positive,0.17532667502768715,False
original,34,143,1423,8190,0.023335621139327384,0.0171606864274571,177,1.383311977030654,0.4681265628204774,2.663643857086602,0.10266529749725752,1457,8333,negative,0.17601651648082864,False
engaging,21,174,1436,8159,0.014413177762525738,0.020880835233409337,195,0.6998435188999049,-0.5148957153211043,2.657406897503832,0.10306863994573048,1457,8333,positive,0.17659446921292896,False
satisfaction,10,32,1447,8301,0.0068634179821551134,0.0038401536061442457,42,1.8528656835392587,0.8897583024578715,2.6535731725177314,0.10331742626423909,1457,8333,negative,0.1769070381634306,False
wise,21,81,1436,8252,0.014413177762525738,0.009720388815552622,102,1.515516795893222,0.599809841048395,2.648935410684359,0.10361926882281883,1457,8333,negative,0.17730999401902117,False
character,78,366,1379,7967,0.053534660260809885,0.04392175687027481,444,1.2370750420180117,0.30693301806975753,2.646939616035792,0.10374945946450444,1457,8333,negative,0.17741889604385427,False
finish,29,119,1428,8214,0.01990391214824983,0.014280571222848914,148,1.4195640744380316,0.5054479690254952,2.633926254475526,0.10460275788305612,1457,8333,negative,0.17780555949529267,False
resident,2,35,1455,8298,0.0013726835964310226,0.004200168006720269,37,0.40151247574764976,-1.3164832792004735,2.633322896131262,0.1046425066947165,1457,8333,positive,0.17780555949529267,False
narratives,2,35,1455,8298,0.0013726835964310226,0.004200168006720269,37,0.40151247574764976,-1.3164832792004735,2.633322896131262,0.1046425066947165,1457,8333,positive,0.17780555949529267,False
shifts,2,35,1455,8298,0.0013726835964310226,0.004200168006720269,37,0.40151247574764976,-1.3164832792004735,2.633322896131262,0.1046425066947165,1457,8333,positive,0.17780555949529267,False
remains,2,35,1455,8298,0.0013726835964310226,0.004200168006720269,37,0.40151247574764976,-1.3164832792004735,2.633322896131262,0.1046425066947165,1457,8333,positive,0.17780555949529267,False
reinforces,2,35,1455,8298,0.0013726835964310226,0.004200168006720269,37,0.40151247574764976,-1.3164832792004735,2.633322896131262,0.1046425066947165,1457,8333,positive,0.17780555949529267,False
metroidvanias,2,35,1455,8298,0.0013726835964310226,0.004200168006720269,37,0.40151247574764976,-1.3164832792004735,2.633322896131262,0.1046425066947165,1457,8333,positive,0.17780555949529267,False
extended,2,35,1455,8298,0.0013726835964310226,0.004200168006720269,37,0.40151247574764976,-1.3164832792004735,2.633322896131262,0.1046425066947165,1457,8333,positive,0.17780555949529267,False
dragon,2,35,1455,8298,0.0013726835964310226,0.004200168006720269,37,0.40151247574764976,-1.3164832792004735,2.633322896131262,0.1046425066947165,1457,8333,positive,0.17780555949529267,False
races,2,35,1455,8298,0.0013726835964310226,0.004200168006720269,37,0.40151247574764976,-1.3164832792004735,2.633322896131262,0.1046425066947165,1457,8333,positive,0.17780555949529267,False
golf,7,75,1450,8258,0.004804392587508579,0.009000360014400577,82,0.5655848291637275,-0.822184672023984,2.6288404074471967,0.10493832849973306,1457,8333,positive,0.17808121182704542,False
fresh,7,75,1450,8258,0.004804392587508579,0.009000360014400577,82,0.5655848291637275,-0.822184672023984,2.6288404074471967,0.10493832849973306,1457,8333,positive,0.17808121182704542,False
small,39,168,1418,8165,0.026767330130404943,0.02016080643225729,207,1.3494308465183997,0.4323510457626888,2.61527755235205,0.1058390051757829,1457,8333,negative,0.1794954120856471,False
holding,9,28,1448,8305,0.0061770761839396015,0.003360134405376215,37,1.9112875388332757,0.9345448372599925,2.6137221541675277,0.1059428359128932,1457,8333,negative,0.1795572794302437,False
case,13,45,1444,8288,0.008922443376801648,0.005400216008640346,58,1.7024750949984595,0.767633693635278,2.6124519186160984,0.10602771344968451,1457,8333,negative,0.179586965728627,False
below,7,20,1450,8313,0.004804392587508579,0.0024000960038401535,27,2.0968799656972785,1.0682442778151666,2.6065895546987243,0.10642040592473179,1457,8333,negative,0.18013765218751424,False
along,11,104,1446,8229,0.0075497597803706245,0.0124804992199688,115,0.6260897034088222,-0.6755587198514641,2.5972808763416446,0.10704723288068206,1457,8333,positive,0.18108022584890024,False
animations,22,86,1435,8247,0.015099519560741249,0.01032041281651266,108,1.4944642760070306,0.5796284109380614,2.5962604244880736,0.10711619398635364,1457,8333,negative,0.18108022584890024,False
heck,8,24,1449,8309,0.00549073438572409,0.0028801152046081845,32,1.9888842739579446,0.9919593333641121,2.5942981293487435,0.10724894096602156,1457,8333,negative,0.18108022584890024,False
machine,8,24,1449,8309,0.00549073438572409,0.0028801152046081845,32,1.9888842739579446,0.9919593333641121,2.5942981293487435,0.10724894096602156,1457,8333,negative,0.18108022584890024,False
especially,42,311,1415,8022,0.028826355525051476,0.03732149285971439,353,0.7732692337131948,-0.37095728162287744,2.5749913431518685,0.10856469557398504,1457,8333,positive,0.1831857458229393,False
take,40,298,1417,8035,0.027453671928620454,0.03576143045721829,338,0.7691313711414214,-0.3786980567689759,2.567857633645967,0.10905533379743933,1457,8333,positive,0.18389722954078006,False
bits,3,43,1454,8290,0.002059025394646534,0.00516020640825633,46,0.45861239198207704,-1.1246527569561133,2.550367416881356,0.11026860933631508,1457,8333,positive,0.1857082201456829,False
tend,3,43,1454,8290,0.002059025394646534,0.00516020640825633,46,0.45861239198207704,-1.1246527569561133,2.550367416881356,0.11026860933631508,1457,8333,positive,0.1857082201456829,False
limits,5,59,1452,8274,0.0034317089910775567,0.007080283211328453,64,0.526588466711986,-0.9252521709200874,2.5420012314236975,0.11085420310175409,1457,8333,positive,0.1865765817356543,False
sandbox,12,41,1445,8292,0.008236101578586136,0.004920196807872315,53,1.7279425554171026,0.7890552566261351,2.5324838526980376,0.11152453846527298,1457,8333,negative,0.18746810816419784,False
mod,12,41,1445,8292,0.008236101578586136,0.004920196807872315,53,1.7279425554171026,0.7890552566261351,2.5324838526980376,0.11152453846527298,1457,8333,negative,0.18746810816419784,False
opponents,4,51,1453,8282,0.002745367192862045,0.0061202448097923915,55,0.49791096816856534,-1.0060402989087665,2.5284888179725042,0.11180724813506387,1457,8333,positive,0.18760588543339593,False
easily,28,115,1429,8218,0.019217570350034317,0.013800552022080883,143,1.4186369768741227,0.5045054571447217,2.5283425838717557,0.11181761138547117,1457,8333,negative,0.18760588543339593,False
click,28,115,1429,8218,0.019217570350034317,0.013800552022080883,143,1.4186369768741227,0.5045054571447217,2.5283425838717557,0.11181761138547117,1457,8333,negative,0.18760588543339593,False
platforming,7,74,1450,8259,0.004804392587508579,0.008880355214208569,81,0.5732459762775622,-0.8027737715963917,2.51098715961447,0.11305509290778226,1457,8333,positive,0.1889026082747094,False
pizza,1,25,1456,8308,0.0006863417982155113,0.003000120004800192,26,0.3355546131944024,-1.5753805035062107,2.5066053309807588,0.11336990744168605,1457,8333,positive,0.1889026082747094,False
country,1,25,1456,8308,0.0006863417982155113,0.003000120004800192,26,0.3355546131944024,-1.5753805035062107,2.5066053309807588,0.11336990744168605,1457,8333,positive,0.1889026082747094,False
rooted,1,25,1456,8308,0.0006863417982155113,0.003000120004800192,26,0.3355546131944024,-1.5753805035062107,2.5066053309807588,0.11336990744168605,1457,8333,positive,0.1889026082747094,False
paint,1,25,1456,8308,0.0006863417982155113,0.003000120004800192,26,0.3355546131944024,-1.5753805035062107,2.5066053309807588,0.11336990744168605,1457,8333,positive,0.1889026082747094,False
atm,1,25,1456,8308,0.0006863417982155113,0.003000120004800192,26,0.3355546131944024,-1.5753805035062107,2.5066053309807588,0.11336990744168605,1457,8333,positive,0.1889026082747094,False
coffee,1,25,1456,8308,0.0006863417982155113,0.003000120004800192,26,0.3355546131944024,-1.5753805035062107,2.5066053309807588,0.11336990744168605,1457,8333,positive,0.1889026082747094,False
packed,1,25,1456,8308,0.0006863417982155113,0.003000120004800192,26,0.3355546131944024,-1.5753805035062107,2.5066053309807588,0.11336990744168605,1457,8333,positive,0.1889026082747094,False
interactivity,1,25,1456,8308,0.0006863417982155113,0.003000120004800192,26,0.3355546131944024,-1.5753805035062107,2.5066053309807588,0.11336990744168605,1457,8333,positive,0.1889026082747094,False
unpredictable,1,25,1456,8308,0.0006863417982155113,0.003000120004800192,26,0.3355546131944024,-1.5753805035062107,2.5066053309807588,0.11336990744168605,1457,8333,positive,0.1889026082747094,False
fluidity,1,25,1456,8308,0.0006863417982155113,0.003000120004800192,26,0.3355546131944024,-1.5753805035062107,2.5066053309807588,0.11336990744168605,1457,8333,positive,0.1889026082747094,False
features,12,110,1445,8223,0.008236101578586136,0.013200528021120844,122,0.6435559882362332,-0.6358624290566701,2.4836209429281064,0.11503714088565467,1457,8333,positive,0.19147834318561155,False
island,2,34,1455,8299,0.0013726835964310226,0.004080163206528261,36,0.41320030469135066,-1.275086776849592,2.4813542045004606,0.11520302418219089,1457,8333,positive,0.19147834318561155,False
workshop,2,34,1455,8299,0.0013726835964310226,0.004080163206528261,36,0.41320030469135066,-1.275086776849592,2.4813542045004606,0.11520302418219089,1457,8333,positive,0.19147834318561155,False
listening,2,34,1455,8299,0.0013726835964310226,0.004080163206528261,36,0.41320030469135066,-1.275086776849592,2.4813542045004606,0.11520302418219089,1457,8333,positive,0.19147834318561155,False
dlc,20,165,1437,8168,0.013726835964310227,0.019800792031681266,185,0.703866544069355,-0.5066261808841442,2.467844667019281,0.11619716418396864,1457,8333,positive,0.1930103674233398,False
lead,11,37,1446,8296,0.0075497597803706245,0.004440177607104284,48,1.7589077082613205,0.8146797850686138,2.457866773094547,0.11693749900678413,1457,8333,negative,0.19411916086680356,False
project,19,73,1438,8260,0.013040494166094716,0.00876035041401656,92,1.523504500861867,0.6073937621586314,2.440564720492157,0.1182336537931174,1457,8333,negative,0.19614867517887427,False
version,18,151,1439,8182,0.012354152367879203,0.01812072482899316,169,0.6941182134885945,-0.5267467094753098,2.430928657220196,0.11896240443890918,1457,8333,positive,0.1972349317376442,False
between,45,200,1412,8133,0.03088538091969801,0.024000960038401537,245,1.3067305188356542,0.38596165129038756,2.408997973750716,0.12063956473506324,1457,8333,negative,0.1996515271255225,False
term,3,42,1454,8291,0.002059025394646534,0.005040201608064322,45,0.4694598912098356,-1.0909261898825686,2.408932122700395,0.12064463998470246,1457,8333,positive,0.1996515271255225,False
overwhelming,3,42,1454,8291,0.002059025394646534,0.005040201608064322,45,0.4694598912098356,-1.0909261898825686,2.408932122700395,0.12064463998470246,1457,8333,positive,0.1996515271255225,False
endless,13,46,1444,8287,0.008922443376801648,0.005520220808832354,59,1.6656617425384384,0.7360954523781341,2.396401503062733,0.12161471437554727,1457,8333,negative,0.20113202762109741,False
fights,15,130,1442,8203,0.01029512697323267,0.015600624024960999,145,0.6754676387975856,-0.5660414422344073,2.3923545674389204,0.12192985732292572,1457,8333,positive,0.20152820807372596,False
titles,20,78,1437,8255,0.013726835964310227,0.0093603744149766,98,1.4997529770146774,0.5847248952653424,2.385961461296389,0.12242954761205749,1457,8333,negative,0.2022287323009574,False
genuinely,20,164,1437,8169,0.013726835964310227,0.01968078723148926,184,0.7082320602616625,-0.49770594173520727,2.3839314954229205,0.12258868600959699,1457,8333,positive,0.2023662147997434,False
casual,8,80,1449,8253,0.00549073438572409,0.009600384015360614,88,0.6012332374196285,-0.7340033282561428,2.3513066809563252,0.1251780416708074,1457,8333,positive,0.2060005606925428,False
alligator,1,24,1456,8309,0.0006863417982155113,0.0028801152046081845,25,0.3492927552071292,-1.5174913752440224,2.343229920368836,0.1258284165834724,1457,8333,positive,0.2060005606925428,False
accessory,1,24,1456,8309,0.0006863417982155113,0.0028801152046081845,25,0.3492927552071292,-1.5174913752440224,2.343229920368836,0.1258284165834724,1457,8333,positive,0.2060005606925428,False
revenge,1,24,1456,8309,0.0006863417982155113,0.0028801152046081845,25,0.3492927552071292,-1.5174913752440224,2.343229920368836,0.1258284165834724,1457,8333,positive,0.2060005606925428,False
programming,1,24,1456,8309,0.0006863417982155113,0.0028801152046081845,25,0.3492927552071292,-1.5174913752440224,2.343229920368836,0.1258284165834724,1457,8333,positive,0.2060005606925428,False
simulate,1,24,1456,8309,0.0006863417982155113,0.0028801152046081845,25,0.3492927552071292,-1.5174913752440224,2.343229920368836,0.1258284165834724,1457,8333,positive,0.2060005606925428,False
simultaneously,1,24,1456,8309,0.0006863417982155113,0.0028801152046081845,25,0.3492927552071292,-1.5174913752440224,2.343229920368836,0.1258284165834724,1457,8333,positive,0.2060005606925428,False
neighborhoods,1,24,1456,8309,0.0006863417982155113,0.0028801152046081845,25,0.3492927552071292,-1.5174913752440224,2.343229920368836,0.1258284165834724,1457,8333,positive,0.2060005606925428,False
ideal,1,24,1456,8309,0.0006863417982155113,0.0028801152046081845,25,0.3492927552071292,-1.5174913752440224,2.343229920368836,0.1258284165834724,1457,8333,positive,0.2060005606925428,False
speedway,1,24,1456,8309,0.0006863417982155113,0.0028801152046081845,25,0.3492927552071292,-1.5174913752440224,2.343229920368836,0.1258284165834724,1457,8333,positive,0.2060005606925428,False
criminality,1,24,1456,8309,0.0006863417982155113,0.0028801152046081845,25,0.3492927552071292,-1.5174913752440224,2.343229920368836,0.1258284165834724,1457,8333,positive,0.2060005606925428,False
dos,1,24,1456,8309,0.0006863417982155113,0.0028801152046081845,25,0.3492927552071292,-1.5174913752440224,2.343229920368836,0.1258284165834724,1457,8333,positive,0.2060005606925428,False
fishing,1,24,1456,8309,0.0006863417982155113,0.0028801152046081845,25,0.3492927552071292,-1.5174913752440224,2.343229920368836,0.1258284165834724,1457,8333,positive,0.2060005606925428,False
during,25,102,1432,8231,0.017158544955387784,0.012240489619584783,127,1.4295543353339293,0.5155654558046546,2.3426895847612097,0.12587206052818914,1457,8333,negative,0.2060005606925428,False
rest,21,83,1436,8250,0.014413177762525738,0.009960398415936638,104,1.4788585029731696,0.5644840221296761,2.3395275867782868,0.12612779879290212,1457,8333,negative,0.2062924610931761,False
punk,9,29,1448,8304,0.0061770761839396015,0.0034801392055682227,38,1.8462758084049542,0.8846180880300655,2.3329634360286904,0.12666054525476003,1457,8333,negative,0.2063158999473427,False
beginner,9,29,1448,8304,0.0061770761839396015,0.0034801392055682227,38,1.8462758084049542,0.8846180880300655,2.3329634360286904,0.12666054525476003,1457,8333,negative,0.2063158999473427,False
standards,9,29,1448,8304,0.0061770761839396015,0.0034801392055682227,38,1.8462758084049542,0.8846180880300655,2.3329634360286904,0.12666054525476003,1457,8333,negative,0.2063158999473427,False
mine,9,29,1448,8304,0.0061770761839396015,0.0034801392055682227,38,1.8462758084049542,0.8846180880300655,2.3329634360286904,0.12666054525476003,1457,8333,negative,0.2063158999473427,False
skill,33,141,1424,8192,0.022649279341111873,0.016920676827073083,174,1.3615774923195418,0.4452790937321612,2.331295368908865,0.12679632401236485,1457,8333,negative,0.2063158999473427,False
routes,2,33,1455,8300,0.0013726835964310226,0.003960158406336254,35,0.4255859144675113,-1.2324776918493598,2.3307761648665504,0.12683861966005053,1457,8333,positive,0.2063158999473427,False
accept,2,33,1455,8300,0.0013726835964310226,0.003960158406336254,35,0.4255859144675113,-1.2324776918493598,2.3307761648665504,0.12683861966005053,1457,8333,positive,0.2063158999473427,False
blind,2,33,1455,8300,0.0013726835964310226,0.003960158406336254,35,0.4255859144675113,-1.2324776918493598,2.3307761648665504,0.12683861966005053,1457,8333,positive,0.2063158999473427,False
raise,2,33,1455,8300,0.0013726835964310226,0.003960158406336254,35,0.4255859144675113,-1.2324776918493598,2.3307761648665504,0.12683861966005053,1457,8333,positive,0.2063158999473427,False
friendly,12,42,1445,8291,0.008236101578586136,0.005040201608064322,54,1.6870816123059393,0.7545297654578088,2.3091686663548696,0.12861281995910182,1457,8333,negative,0.20907425488473502,False
two,55,252,1402,8081,0.03774879890185312,0.030241209648385937,307,1.26654524275957,0.340898613046513,2.301232544759125,0.12927138209660274,1457,8333,negative,0.2100167609198921,False
aware,8,25,1449,8308,0.00549073438572409,0.003000120004800192,33,1.9106588478785789,0.934070205101924,2.2899519167652085,0.1302139569646359,1457,8333,negative,0.21084928662605015,False
recomend,8,25,1449,8308,0.00549073438572409,0.003000120004800192,33,1.9106588478785789,0.934070205101924,2.2899519167652085,0.1302139569646359,1457,8333,negative,0.21084928662605015,False
results,8,25,1449,8308,0.00549073438572409,0.003000120004800192,33,1.9106588478785789,0.934070205101924,2.2899519167652085,0.1302139569646359,1457,8333,negative,0.21084928662605015,False
killer,8,25,1449,8308,0.00549073438572409,0.003000120004800192,33,1.9106588478785789,0.934070205101924,2.2899519167652085,0.1302139569646359,1457,8333,negative,0.21084928662605015,False
tight,5,57,1452,8276,0.0034317089910775567,0.006840273610944437,62,0.5450362942453042,-0.8755757919991121,2.2896623220263925,0.13023825526998442,1457,8333,positive,0.21084928662605015,False
track,12,108,1445,8225,0.008236101578586136,0.01296051842073683,120,0.6555781728453313,-0.6091602734762449,2.286295299158762,0.13052113509338042,1457,8333,positive,0.21084928662605015,False
pet,6,17,1451,8316,0.004118050789293068,0.0020400816032641305,23,2.1281334579991142,1.0895886269463262,2.2847190770092394,0.13065379651396655,1457,8333,negative,0.21084928662605015,False
unnecessary,6,17,1451,8316,0.004118050789293068,0.0020400816032641305,23,2.1281334579991142,1.0895886269463262,2.2847190770092394,0.13065379651396655,1457,8333,negative,0.21084928662605015,False
equip,6,17,1451,8316,0.004118050789293068,0.0020400816032641305,23,2.1281334579991142,1.0895886269463262,2.2847190770092394,0.13065379651396655,1457,8333,negative,0.21084928662605015,False
materials,6,17,1451,8316,0.004118050789293068,0.0020400816032641305,23,2.1281334579991142,1.0895886269463262,2.2847190770092394,0.13065379651396655,1457,8333,negative,0.21084928662605015,False
library,6,17,1451,8316,0.004118050789293068,0.0020400816032641305,23,2.1281334579991142,1.0895886269463262,2.2847190770092394,0.13065379651396655,1457,8333,negative,0.21084928662605015,False
previous,19,74,1438,8259,0.013040494166094716,0.008880355214208569,93,1.5028728191418634,0.5877229261160485,2.281071794691854,0.13096134397022133,1457,8333,negative,0.21121775137604965,False
reality,3,41,1454,8292,0.002059025394646534,0.004920196807872315,44,0.4808301614847151,-1.0564006987142425,2.2690930015351705,0.13197712078734428,1457,8333,positive,0.21247209673409007,False
strategies,3,41,1454,8292,0.002059025394646534,0.004920196807872315,44,0.4808301614847151,-1.0564006987142425,2.2690930015351705,0.13197712078734428,1457,8333,positive,0.21247209673409007,False
hurts,7,21,1450,8312,0.004804392587508579,0.002520100804032161,28,1.9991101705105698,0.9993579808716999,2.269080721461986,0.13197816661352332,1457,8333,negative,0.21247209673409007,False
watch,23,93,1434,8240,0.015785861358956762,0.011160446417856714,116,1.4438073971627372,0.5298783006108231,2.2661098105550264,0.1322314548183792,1457,8333,negative,0.21275139320808625,False
combo,4,49,1453,8284,0.002745367192862045,0.005880235209408376,53,0.5181536729524345,-0.9485480619813158,2.263503173745676,0.13245413349610752,1457,8333,positive,0.21298113383632247,False
across,20,79,1437,8254,0.013726835964310227,0.009480379215168607,99,1.4807087776866283,0.5662879226651455,2.2340518447561895,0.1349994138677323,1457,8333,negative,0.21694300022385432,False
takes,43,192,1414,8141,0.029512697323266987,0.023040921636865476,235,1.3006486620484499,0.3792313064262971,2.217134214205595,0.136486200277872,1457,8333,negative,0.21911330417767166,False
distinct,6,64,1451,8269,0.004118050789293068,0.007680307212288491,70,0.574137419990547,-0.8005320070965563,2.2168161507696427,0.13651432792164767,1457,8333,positive,0.21911330417767166,False
quite,47,337,1410,7996,0.03225806451612903,0.04044161766470659,384,0.797896726928985,-0.3257260667218264,2.2038967336560025,0.1376623518178078,1457,8333,positive,0.22082300237441374,False
faster,15,56,1442,8277,0.01029512697323267,0.00672026881075243,71,1.574224321712857,0.6546411347232043,2.2013106008527092,0.1378934536970667,1457,8333,negative,0.2210607020784004,False
comparison,2,32,1455,8301,0.0013726835964310226,0.0038401536061442457,34,0.4387337156145126,-1.1885825166796935,2.18170829273744,0.13965936865108225,1457,8333,positive,0.22213884470890566,False
detective,2,32,1455,8301,0.0013726835964310226,0.0038401536061442457,34,0.4387337156145126,-1.1885825166796935,2.18170829273744,0.13965936865108225,1457,8333,positive,0.22213884470890566,False
failure,1,23,1456,8310,0.0006863417982155113,0.002760110404416177,24,0.3642001007954072,-1.4571967732947033,2.1809025232786805,0.13973249909108582,1457,8333,positive,0.22213884470890566,False
prior,1,23,1456,8310,0.0006863417982155113,0.002760110404416177,24,0.3642001007954072,-1.4571967732947033,2.1809025232786805,0.13973249909108582,1457,8333,positive,0.22213884470890566,False
compact,1,23,1456,8310,0.0006863417982155113,0.002760110404416177,24,0.3642001007954072,-1.4571967732947033,2.1809025232786805,0.13973249909108582,1457,8333,positive,0.22213884470890566,False
decorations,1,23,1456,8310,0.0006863417982155113,0.002760110404416177,24,0.3642001007954072,-1.4571967732947033,2.1809025232786805,0.13973249909108582,1457,8333,positive,0.22213884470890566,False
happily,1,23,1456,8310,0.0006863417982155113,0.002760110404416177,24,0.3642001007954072,-1.4571967732947033,2.1809025232786805,0.13973249909108582,1457,8333,positive,0.22213884470890566,False
towers,1,23,1456,8310,0.0006863417982155113,0.002760110404416177,24,0.3642001007954072,-1.4571967732947033,2.1809025232786805,0.13973249909108582,1457,8333,positive,0.22213884470890566,False
musical,1,23,1456,8310,0.0006863417982155113,0.002760110404416177,24,0.3642001007954072,-1.4571967732947033,2.1809025232786805,0.13973249909108582,1457,8333,positive,0.22213884470890566,False
humble,1,23,1456,8310,0.0006863417982155113,0.002760110404416177,24,0.3642001007954072,-1.4571967732947033,2.1809025232786805,0.13973249909108582,1457,8333,positive,0.22213884470890566,False
refined,1,23,1456,8310,0.0006863417982155113,0.002760110404416177,24,0.3642001007954072,-1.4571967732947033,2.1809025232786805,0.13973249909108582,1457,8333,positive,0.22213884470890566,False
underrated,1,23,1456,8310,0.0006863417982155113,0.002760110404416177,24,0.3642001007954072,-1.4571967732947033,2.1809025232786805,0.13973249909108582,1457,8333,positive,0.22213884470890566,False
balatro,1,23,1456,8310,0.0006863417982155113,0.002760110404416177,24,0.3642001007954072,-1.4571967732947033,2.1809025232786805,0.13973249909108582,1457,8333,positive,0.22213884470890566,False
shmups,1,23,1456,8310,0.0006863417982155113,0.002760110404416177,24,0.3642001007954072,-1.4571967732947033,2.1809025232786805,0.13973249909108582,1457,8333,positive,0.22213884470890566,False
thrown,5,56,1452,8277,0.0034317089910775567,0.00672026881075243,61,0.5547499733447062,-0.8500904017854202,2.1659931526977036,0.14109343957340126,1457,8333,positive,0.22416871865476026,False
black,10,34,1447,8299,0.0068634179821551134,0.004080163206528261,44,1.745032665014643,0.8032540422879729,2.1471899596348374,0.14283109607263858,1457,8333,negative,0.22625531915012148,False
missed,10,34,1447,8299,0.0068634179821551134,0.004080163206528261,44,1.745032665014643,0.8032540422879729,2.1471899596348374,0.14283109607263858,1457,8333,negative,0.22625531915012148,False
farming,10,34,1447,8299,0.0068634179821551134,0.004080163206528261,44,1.745032665014643,0.8032540422879729,2.1471899596348374,0.14283109607263858,1457,8333,negative,0.22625531915012148,False
reward,10,34,1447,8299,0.0068634179821551134,0.004080163206528261,44,1.745032665014643,0.8032540422879729,2.1471899596348374,0.14283109607263858,1457,8333,negative,0.22625531915012148,False
leaving,10,34,1447,8299,0.0068634179821551134,0.004080163206528261,44,1.745032665014643,0.8032540422879729,2.1471899596348374,0.14283109607263858,1457,8333,negative,0.22625531915012148,False
series,23,181,1434,8152,0.015785861358956762,0.02172086883475339,204,0.7358367732587449,-0.44254231845094993,2.141009399678266,0.14340750476397404,1457,8333,positive,0.2270334962593556,False
enjoying,8,78,1449,8255,0.00549073438572409,0.0093603744149766,86,0.616700685279132,-0.6973576454446989,2.132728242841602,0.14418392666992394,1457,8333,positive,0.2278128763850702,False
wide,3,40,1454,8293,0.002059025394646534,0.004800192007680307,43,0.4927619265879837,-1.0210373048543013,2.130958886845591,0.14435043030142786,1457,8333,positive,0.2278128763850702,False
source,3,40,1454,8293,0.002059025394646534,0.004800192007680307,43,0.4927619265879837,-1.0210373048543013,2.130958886845591,0.14435043030142786,1457,8333,positive,0.2278128763850702,False
spells,3,40,1454,8293,0.002059025394646534,0.004800192007680307,43,0.4927619265879837,-1.0210373048543013,2.130958886845591,0.14435043030142786,1457,8333,positive,0.2278128763850702,False
purely,3,40,1454,8293,0.002059025394646534,0.004800192007680307,43,0.4927619265879837,-1.0210373048543013,2.130958886845591,0.14435043030142786,1457,8333,positive,0.2278128763850702,False
uses,16,61,1441,8272,0.01098146877144818,0.007320292811712469,77,1.539681733966143,0.6226321637242082,2.130299745579986,0.1444125135374226,1457,8333,negative,0.2278128763850702,False
saying,14,52,1443,8281,0.009608785175017159,0.0062402496099844,66,1.5845316443168884,0.6640564717385627,2.1015368694201926,0.14715116581913887,1457,8333,negative,0.23144501608953538,False
call,14,52,1443,8281,0.009608785175017159,0.0062402496099844,66,1.5845316443168884,0.6640564717385627,2.1015368694201926,0.14715116581913887,1457,8333,negative,0.23144501608953538,False
major,14,52,1443,8281,0.009608785175017159,0.0062402496099844,66,1.5845316443168884,0.6640564717385627,2.1015368694201926,0.14715116581913887,1457,8333,negative,0.23144501608953538,False
grow,12,43,1445,8290,0.008236101578586136,0.00516020640825633,55,1.648099333245864,0.7208031983842641,2.10033244110961,0.14726711631282,1457,8333,negative,0.23144501608953538,False
strike,6,63,1451,8270,0.004118050789293068,0.007560302412096484,69,0.5832494758341222,-0.7778149892262843,2.0997559386344946,0.14732265277717238,1457,8333,positive,0.23144501608953538,False
impressive,6,63,1451,8270,0.004118050789293068,0.007560302412096484,69,0.5832494758341222,-0.7778149892262843,2.0997559386344946,0.14732265277717238,1457,8333,positive,0.23144501608953538,False
heard,6,63,1451,8270,0.004118050789293068,0.007560302412096484,69,0.5832494758341222,-0.7778149892262843,2.0997559386344946,0.14732265277717238,1457,8333,positive,0.23144501608953538,False
deck,11,99,1446,8234,0.0075497597803706245,0.01188047521900876,110,0.6579510063278716,-0.6039479357891806,2.093605638528904,0.14791660596615078,1457,8333,positive,0.2322412670823074,False
truly,21,167,1436,8166,0.014413177762525738,0.020040801632065283,188,0.7297161945233803,-0.45459262317579835,2.085327164284511,0.14872035715342605,1457,8333,positive,0.23336578703415764,False
virtual,9,30,1448,8303,0.0061770761839396015,0.0036001440057602304,39,1.7855271422670145,0.836350064876873,2.0755626126568303,0.14967473981632423,1457,8333,negative,0.2345872171371666,False
tiny,9,30,1448,8303,0.0061770761839396015,0.0036001440057602304,39,1.7855271422670145,0.836350064876873,2.0755626126568303,0.14967473981632423,1457,8333,negative,0.2345872171371666,False
able,47,214,1410,8119,0.03225806451612903,0.025681027241089643,261,1.2747426270999471,0.3502059936816289,2.067361372827703,0.15048167685038305,1457,8333,negative,0.23571336691135206,False
guide,7,70,1450,8263,0.004804392587508579,0.008400336013440538,77,0.6060639398006556,-0.7224580887020258,2.055063342047615,0.15170094583792862,1457,8333,positive,0.2374836885519188,False
blend,2,31,1455,8302,0.0013726835964310226,0.003720148805952238,33,0.45271629778672035,-1.143320850345249,2.03428459169629,0.15378652852090527,1457,8333,positive,0.2401844669225152,False
inclusion,2,31,1455,8302,0.0013726835964310226,0.003720148805952238,33,0.45271629778672035,-1.143320850345249,2.03428459169629,0.15378652852090527,1457,8333,positive,0.2401844669225152,False
streets,2,31,1455,8302,0.0013726835964310226,0.003720148805952238,33,0.45271629778672035,-1.143320850345249,2.03428459169629,0.15378652852090527,1457,8333,positive,0.2401844669225152,False
book,2,31,1455,8302,0.0013726835964310226,0.003720148805952238,33,0.45271629778672035,-1.143320850345249,2.03428459169629,0.15378652852090527,1457,8333,positive,0.2401844669225152,False
store,18,71,1439,8262,0.012354152367879203,0.008520340813632545,89,1.4851334840914556,0.5705926065695422,2.023478703814773,0.15488396033988375,1457,8333,negative,0.24136110575399486,False
gift,1,22,1456,8311,0.0006863417982155113,0.0026401056042241688,23,0.38043254376931,-1.3942874293241163,2.019755137585855,0.1552641771823335,1457,8333,positive,0.24136110575399486,False
bargain,1,22,1456,8311,0.0006863417982155113,0.0026401056042241688,23,0.38043254376931,-1.3942874293241163,2.019755137585855,0.1552641771823335,1457,8333,positive,0.24136110575399486,False
racer,1,22,1456,8311,0.0006863417982155113,0.0026401056042241688,23,0.38043254376931,-1.3942874293241163,2.019755137585855,0.1552641771823335,1457,8333,positive,0.24136110575399486,False
round,1,22,1456,8311,0.0006863417982155113,0.0026401056042241688,23,0.38043254376931,-1.3942874293241163,2.019755137585855,0.1552641771823335,1457,8333,positive,0.24136110575399486,False
miku,1,22,1456,8311,0.0006863417982155113,0.0026401056042241688,23,0.38043254376931,-1.3942874293241163,2.019755137585855,0.1552641771823335,1457,8333,positive,0.24136110575399486,False
stylish,1,22,1456,8311,0.0006863417982155113,0.0026401056042241688,23,0.38043254376931,-1.3942874293241163,2.019755137585855,0.1552641771823335,1457,8333,positive,0.24136110575399486,False
diverse,1,22,1456,8311,0.0006863417982155113,0.0026401056042241688,23,0.38043254376931,-1.3942874293241163,2.019755137585855,0.1552641771823335,1457,8333,positive,0.24136110575399486,False
monitor,8,26,1449,8307,0.00549073438572409,0.0031201248049922,34,1.8383372275410519,0.8784014412051372,2.0137844695457443,0.15587606142336577,1457,8333,negative,0.2420300406259133,False
improvements,8,26,1449,8307,0.00549073438572409,0.0031201248049922,34,1.8383372275410519,0.8784014412051372,2.0137844695457443,0.15587606142336577,1457,8333,negative,0.2420300406259133,False
etc,34,149,1423,8184,0.023335621139327384,0.017880715228609144,183,1.326821755694253,0.40797457308337676,2.011774379713894,0.1560826745889122,1457,8333,negative,0.24220978489757852,False
tho,4,47,1453,8286,0.002745367192862045,0.005640225609024361,51,0.5401010265602085,-0.8886988044906,2.005458775794248,0.15673387006731027,1457,8333,positive,0.24307882350171564,False
test,13,48,1444,8285,0.008922443376801648,0.005760230409216369,61,1.596589266788708,0.6749932175826576,2.0027549673655587,0.1570136002686067,1457,8333,negative,0.24337108041634037,False
situations,3,39,1454,8294,0.002059025394646534,0.0046801872074883,42,0.505297831696481,-0.9847941057239877,1.9946489782447911,0.15785563549561932,1457,8333,positive,0.2442502171975166,False
passion,3,39,1454,8294,0.002059025394646534,0.0046801872074883,42,0.505297831696481,-0.9847941057239877,1.9946489782447911,0.15785563549561932,1457,8333,positive,0.2442502171975166,False
air,3,39,1454,8294,0.002059025394646534,0.0046801872074883,42,0.505297831696481,-0.9847941057239877,1.9946489782447911,0.15785563549561932,1457,8333,positive,0.2442502171975166,False
nice,99,487,1358,7846,0.06794783802333562,0.05844233769350774,586,1.1788669629965176,0.23740091708385322,1.9912205326245893,0.15821332043468694,1457,8333,negative,0.24466166605503215,False
form,6,62,1451,8271,0.004118050789293068,0.007440297611904476,68,0.5926531174646917,-0.7547401589886942,1.9844624492097946,0.15892108532391852,1457,8333,positive,0.24561368897018362,False
name,16,62,1441,8271,0.01098146877144818,0.007440297611904476,78,1.5148636836628513,0.5991879773604222,1.967588094346938,0.16070410502697163,1457,8333,negative,0.24790855920588895,False
advance,7,22,1450,8311,0.004804392587508579,0.0026401056042241688,29,1.9100310237849019,0.9335960715055971,1.966894245202032,0.1607779065517562,1457,8333,negative,0.24790855920588895,False
floor,7,22,1450,8311,0.004804392587508579,0.0026401056042241688,29,1.9100310237849019,0.9335960715055971,1.966894245202032,0.1607779065517562,1457,8333,negative,0.24790855920588895,False
initially,7,22,1450,8311,0.004804392587508579,0.0026401056042241688,29,1.9100310237849019,0.9335960715055971,1.966894245202032,0.1607779065517562,1457,8333,negative,0.24790855920588895,False
dialogue,20,81,1437,8252,0.013726835964310227,0.009720388815552622,101,1.4440224059749267,0.5300931277778046,1.9496745914292803,0.16262192091313327,1457,8333,negative,0.25051626313159087,False
relief,6,18,1451,8315,0.004118050789293068,0.002160086403456138,24,2.0128571561571906,1.0092447940099827,1.9441297214457074,0.16322083610636662,1457,8333,negative,0.25051626313159087,False
entertainment,6,18,1451,8315,0.004118050789293068,0.002160086403456138,24,2.0128571561571906,1.0092447940099827,1.9441297214457074,0.16322083610636662,1457,8333,negative,0.25051626313159087,False
manner,6,18,1451,8315,0.004118050789293068,0.002160086403456138,24,2.0128571561571906,1.0092447940099827,1.9441297214457074,0.16322083610636662,1457,8333,negative,0.25051626313159087,False
versions,6,18,1451,8315,0.004118050789293068,0.002160086403456138,24,2.0128571561571906,1.0092447940099827,1.9441297214457074,0.16322083610636662,1457,8333,negative,0.25051626313159087,False
inside,6,18,1451,8315,0.004118050789293068,0.002160086403456138,24,2.0128571561571906,1.0092447940099827,1.9441297214457074,0.16322083610636662,1457,8333,negative,0.25051626313159087,False
hurt,6,18,1451,8315,0.004118050789293068,0.002160086403456138,24,2.0128571561571906,1.0092447940099827,1.9441297214457074,0.16322083610636662,1457,8333,negative,0.25051626313159087,False
ultimate,6,18,1451,8315,0.004118050789293068,0.002160086403456138,24,2.0128571561571906,1.0092447940099827,1.9441297214457074,0.16322083610636662,1457,8333,negative,0.25051626313159087,False
narrative,14,118,1443,8215,0.009608785175017159,0.014160566422656905,132,0.6964129905775782,-0.5219849802569755,1.9317248101221016,0.16456986547701064,1457,8333,positive,0.2524414622334352,False
mods,14,53,1443,8280,0.009608785175017159,0.006360254410176407,67,1.5547264728447536,0.6366607855125783,1.9254954870244014,0.16525210492237072,1457,8333,negative,0.2531966159327818,False
taking,14,53,1443,8280,0.009608785175017159,0.006360254410176407,67,1.5547264728447536,0.6366607855125783,1.9254954870244014,0.16525210492237072,1457,8333,negative,0.2531966159327818,False
collecting,5,54,1452,8279,0.0034317089910775567,0.006480259210368415,59,0.5752467274076647,-0.7977472239411055,1.9240699127202017,0.1654086890888004,1457,8333,positive,0.25329096215436064,False
putting,10,35,1447,8298,0.0068634179821551134,0.004200168006720269,45,1.6956724804787273,0.7618575399370913,1.922530026990851,0.16557801982488635,1457,8333,negative,0.25340470772281687,False
classic,30,130,1427,8203,0.02059025394646534,0.015600624024960999,160,1.3431125067938885,0.4255801582242433,1.9205871836136656,0.1657919440359835,1457,8333,negative,0.25358653057942165,False
community,13,111,1444,8222,0.008922443376801648,0.013320532821312852,124,0.6891999497087298,-0.537005498598687,1.9182414196642967,0.1660506548374967,1457,8333,positive,0.253836608828421,False
says,12,44,1445,8289,0.008236101578586136,0.0052802112084483375,56,1.6108690667278147,0.6878392349140449,1.9052014429876076,0.16749726578444907,1457,8333,negative,0.25590126680879155,False
psychological,2,30,1455,8303,0.0013726835964310226,0.0036001440057602304,32,0.46761577059317117,-1.0966045085317127,1.8886558171625594,0.16935361007755423,1457,8333,positive,0.25799812826671975,False
experimental,2,30,1455,8303,0.0013726835964310226,0.0036001440057602304,32,0.46761577059317117,-1.0966045085317127,1.8886558171625594,0.16935361007755423,1457,8333,positive,0.25799812826671975,False
creators,2,30,1455,8303,0.0013726835964310226,0.0036001440057602304,32,0.46761577059317117,-1.0966045085317127,1.8886558171625594,0.16935361007755423,1457,8333,positive,0.25799812826671975,False
thoroughly,2,30,1455,8303,0.0013726835964310226,0.0036001440057602304,32,0.46761577059317117,-1.0966045085317127,1.8886558171625594,0.16935361007755423,1457,8333,positive,0.25799812826671975,False
notice,2,30,1455,8303,0.0013726835964310226,0.0036001440057602304,32,0.46761577059317117,-1.0966045085317127,1.8886558171625594,0.16935361007755423,1457,8333,positive,0.25799812826671975,False
rules,4,46,1453,8287,0.002745367192862045,0.005520220808832354,50,0.5517826825127334,-0.8578279159146439,1.8792943970693397,0.1704143657827053,1457,8333,positive,0.25914134108127196,False
optional,4,46,1453,8287,0.002745367192862045,0.005520220808832354,50,0.5517826825127334,-0.8578279159146439,1.8792943970693397,0.1704143657827053,1457,8333,positive,0.25914134108127196,False
tone,6,61,1451,8272,0.004118050789293068,0.007320292811712469,67,0.6023625685791821,-0.7312959726249084,1.8710131580643734,0.17135908636426098,1457,8333,positive,0.25914134108127196,False
race,6,61,1451,8272,0.004118050789293068,0.007320292811712469,67,0.6023625685791821,-0.7312959726249084,1.8710131580643734,0.17135908636426098,1457,8333,positive,0.25914134108127196,False
interest,15,58,1442,8275,0.01029512697323267,0.0069602784111364455,73,1.5200373283562192,0.6041067531248759,1.8635489148190931,0.17221576279785109,1457,8333,negative,0.25914134108127196,False
shapes,3,38,1454,8295,0.002059025394646534,0.004560182407296292,41,0.5184849526547705,-0.947625974788786,1.8602941056636042,0.17259086009281124,1457,8333,positive,0.25914134108127196,False
experiences,3,38,1454,8295,0.002059025394646534,0.004560182407296292,41,0.5184849526547705,-0.947625974788786,1.8602941056636042,0.17259086009281124,1457,8333,positive,0.25914134108127196,False
largely,3,38,1454,8295,0.002059025394646534,0.004560182407296292,41,0.5184849526547705,-0.947625974788786,1.8602941056636042,0.17259086009281124,1457,8333,positive,0.25914134108127196,False
boost,3,38,1454,8295,0.002059025394646534,0.004560182407296292,41,0.5184849526547705,-0.947625974788786,1.8602941056636042,0.17259086009281124,1457,8333,positive,0.25914134108127196,False
members,3,38,1454,8295,0.002059025394646534,0.004560182407296292,41,0.5184849526547705,-0.947625974788786,1.8602941056636042,0.17259086009281124,1457,8333,positive,0.25914134108127196,False
meter,1,21,1456,8312,0.0006863417982155113,0.002520100804032161,22,0.39817498143845953,-1.3285255199580135,1.8599437627915993,0.17263129098287283,1457,8333,positive,0.25914134108127196,False
stardew,1,21,1456,8312,0.0006863417982155113,0.002520100804032161,22,0.39817498143845953,-1.3285255199580135,1.8599437627915993,0.17263129098287283,1457,8333,positive,0.25914134108127196,False
emotion,1,21,1456,8312,0.0006863417982155113,0.002520100804032161,22,0.39817498143845953,-1.3285255199580135,1.8599437627915993,0.17263129098287283,1457,8333,positive,0.25914134108127196,False
animals,1,21,1456,8312,0.0006863417982155113,0.002520100804032161,22,0.39817498143845953,-1.3285255199580135,1.8599437627915993,0.17263129098287283,1457,8333,positive,0.25914134108127196,False
grandma,1,21,1456,8312,0.0006863417982155113,0.002520100804032161,22,0.39817498143845953,-1.3285255199580135,1.8599437627915993,0.17263129098287283,1457,8333,positive,0.25914134108127196,False
studio,1,21,1456,8312,0.0006863417982155113,0.002520100804032161,22,0.39817498143845953,-1.3285255199580135,1.8599437627915993,0.17263129098287283,1457,8333,positive,0.25914134108127196,False
voices,1,21,1456,8312,0.0006863417982155113,0.002520100804032161,22,0.39817498143845953,-1.3285255199580135,1.8599437627915993,0.17263129098287283,1457,8333,positive,0.25914134108127196,False
glass,1,21,1456,8312,0.0006863417982155113,0.002520100804032161,22,0.39817498143845953,-1.3285255199580135,1.8599437627915993,0.17263129098287283,1457,8333,positive,0.25914134108127196,False
preference,1,21,1456,8312,0.0006863417982155113,0.002520100804032161,22,0.39817498143845953,-1.3285255199580135,1.8599437627915993,0.17263129098287283,1457,8333,positive,0.25914134108127196,False
wacky,1,21,1456,8312,0.0006863417982155113,0.002520100804032161,22,0.39817498143845953,-1.3285255199580135,1.8599437627915993,0.17263129098287283,1457,8333,positive,0.25914134108127196,False
bikes,1,21,1456,8312,0.0006863417982155113,0.002520100804032161,22,0.39817498143845953,-1.3285255199580135,1.8599437627915993,0.17263129098287283,1457,8333,positive,0.25914134108127196,False
reaching,1,21,1456,8312,0.0006863417982155113,0.002520100804032161,22,0.39817498143845953,-1.3285255199580135,1.8599437627915993,0.17263129098287283,1457,8333,positive,0.25914134108127196,False
meow,1,21,1456,8312,0.0006863417982155113,0.002520100804032161,22,0.39817498143845953,-1.3285255199580135,1.8599437627915993,0.17263129098287283,1457,8333,positive,0.25914134108127196,False
aliya,1,21,1456,8312,0.0006863417982155113,0.002520100804032161,22,0.39817498143845953,-1.3285255199580135,1.8599437627915993,0.17263129098287283,1457,8333,positive,0.25914134108127196,False
extreme,1,21,1456,8312,0.0006863417982155113,0.002520100804032161,22,0.39817498143845953,-1.3285255199580135,1.8599437627915993,0.17263129098287283,1457,8333,positive,0.25914134108127196,False
customers,1,21,1456,8312,0.0006863417982155113,0.002520100804032161,22,0.39817498143845953,-1.3285255199580135,1.8599437627915993,0.17263129098287283,1457,8333,positive,0.25914134108127196,False
monster,9,31,1448,8302,0.0061770761839396015,0.003720148805952238,40,1.728635534296563,0.7896337230633365,1.8397705299479599,0.1749778449205948,1457,8333,negative,0.2625160014396768,False
general,20,82,1437,8251,0.013726835964310227,0.00984039361574463,102,1.4263462450592885,0.512324238019652,1.8168278688975295,0.17769132861828454,1457,8333,negative,0.2662872861699531,False
girl,20,82,1437,8251,0.013726835964310227,0.00984039361574463,102,1.4263462450592885,0.512324238019652,1.8168278688975295,0.17769132861828454,1457,8333,negative,0.2662872861699531,False
chapter,11,40,1446,8293,0.0075497597803706245,0.004800192007680307,51,1.6280293428582402,0.7031267023158141,1.8092056742881506,0.17860354610013504,1457,8333,negative,0.2675039628668315,False
modern,9,82,1448,8251,0.0061770761839396015,0.00984039361574463,91,0.6559701258355038,-0.6082979817061495,1.807275573404418,0.17883539634183837,1457,8333,positive,0.2677008234965419,False
joy,5,53,1452,8280,0.0034317089910775567,0.006360254410176407,58,0.5860697797867036,-0.7708556470336058,1.8059988084479157,0.17898895676055462,1457,8333,positive,0.2677803359840845,False
definitely,48,336,1409,7997,0.032944406314344546,0.04032161286451458,384,0.817797612992288,-0.29018424299057505,1.7909823791652038,0.18080651562880268,1457,8333,positive,0.2703478242660617,False
controls,31,228,1426,8105,0.02127659574468085,0.02736109444377775,259,0.7833076779711325,-0.3523489951691106,1.7826044935182823,0.18182983460171198,1457,8333,positive,0.2717255263722893,False
choose,22,92,1435,8241,0.015099519560741249,0.011040441617664707,114,1.3965093620266034,0.4818252452999825,1.7754060519398105,0.18271445014524118,1457,8333,negative,0.27289452329815855,False
upon,17,68,1440,8265,0.011667810569663692,0.008160326413056522,85,1.4658966244992995,0.5517833677413272,1.7726402077779786,0.18305566977869892,1457,8333,negative,0.27325107258119335,False
combination,4,45,1453,8288,0.002745367192862045,0.005400216008640346,49,0.5639778178477869,-0.8262896746574999,1.7551877986696947,0.18522588075911814,1457,8333,positive,0.2760269413660195,False
lean,4,45,1453,8288,0.002745367192862045,0.005400216008640346,49,0.5639778178477869,-0.8262896746574999,1.7551877986696947,0.18522588075911814,1457,8333,positive,0.2760269413660195,False
enjoyment,4,45,1453,8288,0.002745367192862045,0.005400216008640346,49,0.5639778178477869,-0.8262896746574999,1.7551877986696947,0.18522588075911814,1457,8333,positive,0.2760269413660195,False
example,24,102,1433,8231,0.016472203157172273,0.012240489619584783,126,1.37253524122266,0.45684319235211085,1.7480291902639185,0.18612468253525039,1457,8333,negative,0.2771622430268435,False
praise,2,29,1455,8304,0.0013726835964310226,0.0034801392055682227,31,0.48352537714921195,-1.04833648537852,1.7449921783003506,0.1865075258777784,1457,8333,positive,0.2771622430268435,False
experiment,2,29,1455,8304,0.0013726835964310226,0.0034801392055682227,31,0.48352537714921195,-1.04833648537852,1.7449921783003506,0.1865075258777784,1457,8333,positive,0.2771622430268435,False
criticism,2,29,1455,8304,0.0013726835964310226,0.0034801392055682227,31,0.48352537714921195,-1.04833648537852,1.7449921783003506,0.1865075258777784,1457,8333,positive,0.2771622430268435,False
knowledge,2,29,1455,8304,0.0013726835964310226,0.0034801392055682227,31,0.48352537714921195,-1.04833648537852,1.7449921783003506,0.1865075258777784,1457,8333,positive,0.2771622430268435,False
bunch,7,67,1450,8266,0.004804392587508579,0.008040321612864514,74,0.6332299207169941,-0.6591986690866479,1.7311008698061727,0.1882703673550867,1457,8333,positive,0.2796260720716775,False
storytelling,3,37,1454,8296,0.002059025394646534,0.004440177607104284,40,0.5323753867308353,-0.9094842221015019,1.728038183139701,0.18866163371016476,1457,8333,positive,0.2800511778793425,False
pre,10,36,1447,8297,0.0068634179821551134,0.004320172806912276,46,1.6490169635886152,0.7216062399878063,1.715240319710774,0.19030687499019924,1457,8333,negative,0.2823361873811192,False
steamcommunity,1,20,1456,8313,0.0006863417982155113,0.0024000960038401535,21,0.41764838863630654,-1.2596392230145468,1.7016541146945323,0.19207179699606294,1457,8333,positive,0.2833776484734387,False
slight,1,20,1456,8313,0.0006863417982155113,0.0024000960038401535,21,0.41764838863630654,-1.2596392230145468,1.7016541146945323,0.19207179699606294,1457,8333,positive,0.2833776484734387,False
afraid,1,20,1456,8313,0.0006863417982155113,0.0024000960038401535,21,0.41764838863630654,-1.2596392230145468,1.7016541146945323,0.19207179699606294,1457,8333,positive,0.2833776484734387,False
center,1,20,1456,8313,0.0006863417982155113,0.0024000960038401535,21,0.41764838863630654,-1.2596392230145468,1.7016541146945323,0.19207179699606294,1457,8333,positive,0.2833776484734387,False
playstyles,1,20,1456,8313,0.0006863417982155113,0.0024000960038401535,21,0.41764838863630654,-1.2596392230145468,1.7016541146945323,0.19207179699606294,1457,8333,positive,0.2833776484734387,False
upgraded,1,20,1456,8313,0.0006863417982155113,0.0024000960038401535,21,0.41764838863630654,-1.2596392230145468,1.7016541146945323,0.19207179699606294,1457,8333,positive,0.2833776484734387,False
versus,1,20,1456,8313,0.0006863417982155113,0.0024000960038401535,21,0.41764838863630654,-1.2596392230145468,1.7016541146945323,0.19207179699606294,1457,8333,positive,0.2833776484734387,False
framing,1,20,1456,8313,0.0006863417982155113,0.0024000960038401535,21,0.41764838863630654,-1.2596392230145468,1.7016541146945323,0.19207179699606294,1457,8333,positive,0.2833776484734387,False
angeline,1,20,1456,8313,0.0006863417982155113,0.0024000960038401535,21,0.41764838863630654,-1.2596392230145468,1.7016541146945323,0.19207179699606294,1457,8333,positive,0.2833776484734387,False
sales,1,20,1456,8313,0.0006863417982155113,0.0024000960038401535,21,0.41764838863630654,-1.2596392230145468,1.7016541146945323,0.19207179699606294,1457,8333,positive,0.2833776484734387,False
sorts,7,23,1450,8310,0.004804392587508579,0.002760110404416177,30,1.8285330810358864,0.8706867275350102,1.6965014694290304,0.1927461448971992,1457,8333,negative,0.2840581660010686,False
immersion,7,23,1450,8310,0.004804392587508579,0.002760110404416177,30,1.8285330810358864,0.8706867275350102,1.6965014694290304,0.1927461448971992,1457,8333,negative,0.2840581660010686,False
visuals,18,142,1439,8191,0.012354152367879203,0.01704068162726509,160,0.7387689438949928,-0.4368048747911687,1.6943378832231097,0.1930301263806284,1457,8333,positive,0.2843195121164394,False
platform,5,52,1452,8281,0.0034317089910775567,0.0062402496099844,57,0.597305138923039,-0.7434599608076214,1.689987393336438,0.19360263101508435,1457,8333,positive,0.28484802112925767,False
complexity,5,52,1452,8281,0.0034317089910775567,0.0062402496099844,57,0.597305138923039,-0.7434599608076214,1.689987393336438,0.19360263101508435,1457,8333,positive,0.28484802112925767,False
com,16,64,1441,8269,0.01098146877144818,0.007680307212288491,80,1.4675362388984343,0.5533961292525603,1.6675081569259376,0.1965926289673312,1457,8333,negative,0.2890150708290488,False
elements,17,135,1440,8198,0.011667810569663692,0.016200648025921038,152,0.7350550943898887,-0.444075706946235,1.6670683537460387,0.19665166484767238,1457,8333,positive,0.2890150708290488,False
strong,13,108,1444,8225,0.008922443376801648,0.01296051842073683,121,0.7085145785778888,-0.4971305561750672,1.6566297878817877,0.19805897815206464,1457,8333,positive,0.2909229949054569,False
concepts,6,19,1451,8314,0.004118050789293068,0.002280091203648146,25,1.9094040647605925,0.9331224356603128,1.6447628355325936,0.19967323870614073,1457,8333,negative,0.2929713012606336,False
rid,6,19,1451,8314,0.004118050789293068,0.002280091203648146,25,1.9094040647605925,0.9331224356603128,1.6447628355325936,0.19967323870614073,1457,8333,negative,0.2929713012606336,False
forcing,4,44,1453,8289,0.002745367192862045,0.0052802112084483375,48,0.5767210491529551,-0.7940544160775553,1.6332653261604904,0.2012520023101624,1457,8333,positive,0.29512532351974313,False
pacing,7,66,1450,8267,0.004804392587508579,0.007920316812672508,73,0.6428299290107378,-0.6374909950121914,1.626905539727308,0.20213159067182254,1457,8333,positive,0.2960894619401533,False
secrets,7,66,1450,8267,0.004804392587508579,0.007920316812672508,73,0.6428299290107378,-0.6374909950121914,1.626905539727308,0.20213159067182254,1457,8333,positive,0.2960894619401533,False
interact,9,32,1448,8301,0.0061770761839396015,0.0038401536061442457,41,1.6752449483550622,0.7443720567288922,1.6240086840549526,0.20253373853666837,1457,8333,negative,0.2963069687408895,False
perform,5,15,1452,8318,0.0034317089910775567,0.0018000720028801152,20,2.032169229915052,1.023020548268147,1.6194448020845085,0.20316921937672394,1457,8333,negative,0.2963069687408895,False
manual,5,15,1452,8318,0.0034317089910775567,0.0018000720028801152,20,2.032169229915052,1.023020548268147,1.6194448020845085,0.20316921937672394,1457,8333,negative,0.2963069687408895,False
sun,5,15,1452,8318,0.0034317089910775567,0.0018000720028801152,20,2.032169229915052,1.023020548268147,1.6194448020845085,0.20316921937672394,1457,8333,negative,0.2963069687408895,False
loads,5,15,1452,8318,0.0034317089910775567,0.0018000720028801152,20,2.032169229915052,1.023020548268147,1.6194448020845085,0.20316921937672394,1457,8333,negative,0.2963069687408895,False
highest,5,15,1452,8318,0.0034317089910775567,0.0018000720028801152,20,2.032169229915052,1.023020548268147,1.6194448020845085,0.20316921937672394,1457,8333,negative,0.2963069687408895,False
functional,5,15,1452,8318,0.0034317089910775567,0.0018000720028801152,20,2.032169229915052,1.023020548268147,1.6194448020845085,0.20316921937672394,1457,8333,negative,0.2963069687408895,False
context,5,15,1452,8318,0.0034317089910775567,0.0018000720028801152,20,2.032169229915052,1.023020548268147,1.6194448020845085,0.20316921937672394,1457,8333,negative,0.2963069687408895,False
pack,2,28,1455,8305,0.0013726835964310226,0.003360134405376215,30,0.5005514473232204,-0.9984097361485931,1.6034865803084253,0.20540981051758272,1457,8333,positive,0.2985946318647086,False
address,2,28,1455,8305,0.0013726835964310226,0.003360134405376215,30,0.5005514473232204,-0.9984097361485931,1.6034865803084253,0.20540981051758272,1457,8333,positive,0.2985946318647086,False
raw,2,28,1455,8305,0.0013726835964310226,0.003360134405376215,30,0.5005514473232204,-0.9984097361485931,1.6034865803084253,0.20540981051758272,1457,8333,positive,0.2985946318647086,False
lighting,2,28,1455,8305,0.0013726835964310226,0.003360134405376215,30,0.5005514473232204,-0.9984097361485931,1.6034865803084253,0.20540981051758272,1457,8333,positive,0.2985946318647086,False
knowing,2,28,1455,8305,0.0013726835964310226,0.003360134405376215,30,0.5005514473232204,-0.9984097361485931,1.6034865803084253,0.20540981051758272,1457,8333,positive,0.2985946318647086,False
theyd,2,28,1455,8305,0.0013726835964310226,0.003360134405376215,30,0.5005514473232204,-0.9984097361485931,1.6034865803084253,0.20540981051758272,1457,8333,positive,0.2985946318647086,False
achievements,22,167,1435,8166,0.015099519560741249,0.020040801632065283,189,0.7641884620783231,-0.38799961922287957,1.5993541582338422,0.20599475993641764,1457,8333,positive,0.29906371191924597,False
selection,3,36,1454,8297,0.002059025394646534,0.004320172806912276,39,0.547026940482301,-0.8703162089570572,1.598039886266599,0.20618120874252588,1457,8333,positive,0.29906371191924597,False
bright,3,36,1454,8297,0.002059025394646534,0.004320172806912276,39,0.547026940482301,-0.8703162089570572,1.598039886266599,0.20618120874252588,1457,8333,positive,0.29906371191924597,False
history,3,36,1454,8297,0.002059025394646534,0.004320172806912276,39,0.547026940482301,-0.8703162089570572,1.598039886266599,0.20618120874252588,1457,8333,positive,0.29906371191924597,False
nostalgic,5,51,1452,8282,0.0034317089910775567,0.0061202448097923915,56,0.6089768226860285,-0.7155407738694354,1.5761440621313614,0.209316985640553,1457,8333,positive,0.3032821107161491,False
details,5,51,1452,8282,0.0034317089910775567,0.0061202448097923915,56,0.6089768226860285,-0.7155407738694354,1.5761440621313614,0.209316985640553,1457,8333,positive,0.3032821107161491,False
purchase,20,84,1437,8249,0.013726835964310227,0.010080403216128644,104,1.3922490352456907,0.4774172929245709,1.568925196797892,0.21036316985432704,1457,8333,negative,0.3046323795935013,False
normal,21,89,1436,8244,0.014413177762525738,0.010680427217088683,110,1.3787137809736965,0.46332298649047454,1.5553692840918854,0.21234453628551367,1457,8333,negative,0.3068610937732724,False
focused,12,100,1445,8233,0.008236101578586136,0.012000480019200769,112,0.7084518603798716,-0.4972582701855395,1.553912427049238,0.21255878884889023,1457,8333,positive,0.3068610937732724,False
process,12,46,1445,8287,0.008236101578586136,0.005520220808832354,58,1.5412124390488837,0.6240657350769564,1.5532270008525402,0.21265967975491623,1457,8333,negative,0.3068610937732724,False
absolutely,39,275,1418,8058,0.026767330130404943,0.03300132005280211,314,0.814517392992649,-0.29598258887281653,1.552462494697374,0.2127722778621608,1457,8333,positive,0.3068610937732724,False
little,120,771,1337,7562,0.08236101578586136,0.09252370094803793,891,0.8831260864561693,-0.1793086645799633,1.548252027698877,0.21339367453234592,1457,8333,positive,0.3068610937732724,False
mainline,1,19,1456,8314,0.0006863417982155113,0.002280091203648146,20,0.4391190683672661,-1.1873159112733098,1.5451090544638653,0.21385893181948246,1457,8333,positive,0.3068610937732724,False
steampowered,1,19,1456,8314,0.0006863417982155113,0.002280091203648146,20,0.4391190683672661,-1.1873159112733098,1.5451090544638653,0.21385893181948246,1457,8333,positive,0.3068610937732724,False
victims,1,19,1456,8314,0.0006863417982155113,0.002280091203648146,20,0.4391190683672661,-1.1873159112733098,1.5451090544638653,0.21385893181948246,1457,8333,positive,0.3068610937732724,False
deaths,1,19,1456,8314,0.0006863417982155113,0.002280091203648146,20,0.4391190683672661,-1.1873159112733098,1.5451090544638653,0.21385893181948246,1457,8333,positive,0.3068610937732724,False
campaigns,1,19,1456,8314,0.0006863417982155113,0.002280091203648146,20,0.4391190683672661,-1.1873159112733098,1.5451090544638653,0.21385893181948246,1457,8333,positive,0.3068610937732724,False
strict,1,19,1456,8314,0.0006863417982155113,0.002280091203648146,20,0.4391190683672661,-1.1873159112733098,1.5451090544638653,0.21385893181948246,1457,8333,positive,0.3068610937732724,False
qualities,1,19,1456,8314,0.0006863417982155113,0.002280091203648146,20,0.4391190683672661,-1.1873159112733098,1.5451090544638653,0.21385893181948246,1457,8333,positive,0.3068610937732724,False
layer,1,19,1456,8314,0.0006863417982155113,0.002280091203648146,20,0.4391190683672661,-1.1873159112733098,1.5451090544638653,0.21385893181948246,1457,8333,positive,0.3068610937732724,False
brief,1,19,1456,8314,0.0006863417982155113,0.002280091203648146,20,0.4391190683672661,-1.1873159112733098,1.5451090544638653,0.21385893181948246,1457,8333,positive,0.3068610937732724,False
scare,1,19,1456,8314,0.0006863417982155113,0.002280091203648146,20,0.4391190683672661,-1.1873159112733098,1.5451090544638653,0.21385893181948246,1457,8333,positive,0.3068610937732724,False
emotionally,1,19,1456,8314,0.0006863417982155113,0.002280091203648146,20,0.4391190683672661,-1.1873159112733098,1.5451090544638653,0.21385893181948246,1457,8333,positive,0.3068610937732724,False
ing,1,19,1456,8314,0.0006863417982155113,0.002280091203648146,20,0.4391190683672661,-1.1873159112733098,1.5451090544638653,0.21385893181948246,1457,8333,positive,0.3068610937732724,False
career,6,58,1451,8275,0.004118050789293068,0.0069602784111364455,64,0.6334826042025491,-0.6586230922147239,1.542577873873915,0.21423450132283553,1457,8333,positive,0.30706945189606427,False
kids,6,58,1451,8275,0.004118050789293068,0.0069602784111364455,64,0.6334826042025491,-0.6586230922147239,1.542577873873915,0.21423450132283553,1457,8333,positive,0.30706945189606427,False
wonder,8,28,1449,8305,0.00549073438572409,0.003360134405376215,36,1.7089195911475827,0.773084516275753,1.5366048893193227,0.21512386886675824,1457,8333,negative,0.3076825291838935,False
hear,8,28,1449,8305,0.00549073438572409,0.003360134405376215,36,1.7089195911475827,0.773084516275753,1.5366048893193227,0.21512386886675824,1457,8333,negative,0.3076825291838935,False
unlocked,8,28,1449,8305,0.00549073438572409,0.003360134405376215,36,1.7089195911475827,0.773084516275753,1.5366048893193227,0.21512386886675824,1457,8333,negative,0.3076825291838935,False
alternative,8,28,1449,8305,0.00549073438572409,0.003360134405376215,36,1.7089195911475827,0.773084516275753,1.5366048893193227,0.21512386886675824,1457,8333,negative,0.3076825291838935,False
cause,16,65,1441,8268,0.01098146877144818,0.0078003120124804995,81,1.4449563511291514,0.5310259128224073,1.5295167819863587,0.2161849816336869,1457,8333,negative,0.30903440269995136,False
mix,10,86,1447,8247,0.0068634179821551134,0.01032041281651266,96,0.6916349696007668,-0.5319172802822701,1.5263946605365242,0.21665434940261288,1457,8333,positive,0.30943392561010474,False
goes,28,124,1429,8209,0.019217570350034317,0.014880595223808952,152,1.3146436743827357,0.3946718193942072,1.5261140062318141,0.21669660131810414,1457,8333,negative,0.30943392561010474,False
encountered,4,43,1453,8290,0.002745367192862045,0.00516020640825633,47,0.590050176150315,-0.7610904526073359,1.5136640788709406,0.2185808306655357,1457,8333,positive,0.31162379387931455,False
zones,4,43,1453,8290,0.002745367192862045,0.00516020640825633,47,0.590050176150315,-0.7610904526073359,1.5136640788709406,0.2185808306655357,1457,8333,positive,0.31162379387931455,False
picked,4,43,1453,8290,0.002745367192862045,0.00516020640825633,47,0.590050176150315,-0.7610904526073359,1.5136640788709406,0.2185808306655357,1457,8333,positive,0.31162379387931455,False
variety,27,198,1430,8135,0.018531228551818806,0.02376095043801752,225,0.7878954092076452,-0.3439239660081026,1.5105437934587418,0.2190561270677606,1457,8333,positive,0.3121344921232762,False
believe,17,70,1440,8263,0.011667810569663692,0.008400336013440538,87,1.4239662646687394,0.5099149676725492,1.5032900059871313,0.2201658339065929,1457,8333,negative,0.31354813739047893,False
sucked,3,35,1454,8298,0.002059025394646534,0.004200168006720269,38,0.5625039338817366,-0.8300649090077724,1.470474594503043,0.22527082831313278,1457,8333,positive,0.3196344725167942,False
gamer,3,35,1454,8298,0.002059025394646534,0.004200168006720269,38,0.5625039338817366,-0.8300649090077724,1.470474594503043,0.22527082831313278,1457,8333,positive,0.3196344725167942,False
roguelite,3,35,1454,8298,0.002059025394646534,0.004200168006720269,38,0.5625039338817366,-0.8300649090077724,1.470474594503043,0.22527082831313278,1457,8333,positive,0.3196344725167942,False
mainly,2,27,1455,8306,0.0013726835964310226,0.0032401296051842074,29,0.5188157771462478,-0.9467057423899662,1.4643585375288455,0.22623790309046915,1457,8333,positive,0.3196344725167942,False
fills,2,27,1455,8306,0.0013726835964310226,0.0032401296051842074,29,0.5188157771462478,-0.9467057423899662,1.4643585375288455,0.22623790309046915,1457,8333,positive,0.3196344725167942,False
four,2,27,1455,8306,0.0013726835964310226,0.0032401296051842074,29,0.5188157771462478,-0.9467057423899662,1.4643585375288455,0.22623790309046915,1457,8333,positive,0.3196344725167942,False
animal,2,27,1455,8306,0.0013726835964310226,0.0032401296051842074,29,0.5188157771462478,-0.9467057423899662,1.4643585375288455,0.22623790309046915,1457,8333,positive,0.3196344725167942,False
alter,2,27,1455,8306,0.0013726835964310226,0.0032401296051842074,29,0.5188157771462478,-0.9467057423899662,1.4643585375288455,0.22623790309046915,1457,8333,positive,0.3196344725167942,False
drives,2,27,1455,8306,0.0013726835964310226,0.0032401296051842074,29,0.5188157771462478,-0.9467057423899662,1.4643585375288455,0.22623790309046915,1457,8333,positive,0.3196344725167942,False
fake,2,27,1455,8306,0.0013726835964310226,0.0032401296051842074,29,0.5188157771462478,-0.9467057423899662,1.4643585375288455,0.22623790309046915,1457,8333,positive,0.3196344725167942,False
wheel,2,27,1455,8306,0.0013726835964310226,0.0032401296051842074,29,0.5188157771462478,-0.9467057423899662,1.4643585375288455,0.22623790309046915,1457,8333,positive,0.3196344725167942,False
sisters,2,27,1455,8306,0.0013726835964310226,0.0032401296051842074,29,0.5188157771462478,-0.9467057423899662,1.4643585375288455,0.22623790309046915,1457,8333,positive,0.3196344725167942,False
harsh,2,27,1455,8306,0.0013726835964310226,0.0032401296051842074,29,0.5188157771462478,-0.9467057423899662,1.4643585375288455,0.22623790309046915,1457,8333,positive,0.3196344725167942,False
gods,2,27,1455,8306,0.0013726835964310226,0.0032401296051842074,29,0.5188157771462478,-0.9467057423899662,1.4643585375288455,0.22623790309046915,1457,8333,positive,0.3196344725167942,False
reactions,2,27,1455,8306,0.0013726835964310226,0.0032401296051842074,29,0.5188157771462478,-0.9467057423899662,1.4643585375288455,0.22623790309046915,1457,8333,positive,0.3196344725167942,False
finishing,7,24,1450,8309,0.004804392587508579,0.0028801152046081845,31,1.753688031572505,0.8103921255856908,1.454829049587682,0.2277546684925977,1457,8333,negative,0.32143671053534434,False
falls,7,24,1450,8309,0.004804392587508579,0.0028801152046081845,31,1.753688031572505,0.8103921255856908,1.454829049587682,0.2277546684925977,1457,8333,negative,0.32143671053534434,False
beyond,20,85,1437,8248,0.013726835964310227,0.010200408016320653,105,1.3757986270022884,0.46026932099528406,1.4535324466279909,0.2279619862825975,1457,8333,negative,0.32155907694677516,False
combat,51,348,1406,7985,0.035003431708991076,0.041761670466818675,399,0.8390093953008705,-0.25324112870607707,1.4488584247737624,0.22871121625639876,1457,8333,positive,0.32244532127951303,False
meaning,9,33,1448,8300,0.0061770761839396015,0.003960158406336254,42,1.625041860081711,0.7004768815592257,1.4268489058813119,0.2322793878731264,1457,8333,negative,0.327285646085636,False
emotional,7,64,1450,8269,0.004804392587508579,0.007680307212288491,71,0.6629229696255501,-0.5930868532004655,1.4246745727248058,0.23263552112988756,1457,8333,positive,0.327285646085636,False
locations,7,64,1450,8269,0.004804392587508579,0.007680307212288491,71,0.6629229696255501,-0.5930868532004655,1.4246745727248058,0.23263552112988756,1457,8333,positive,0.327285646085636,False
tactical,7,64,1450,8269,0.004804392587508579,0.007680307212288491,71,0.6629229696255501,-0.5930868532004655,1.4246745727248058,0.23263552112988756,1457,8333,positive,0.327285646085636,False
artwork,8,71,1449,8262,0.00549073438572409,0.008520340813632545,79,0.6776510829632596,-0.5613854623070305,1.4220832040888487,0.2330608220511558,1457,8333,positive,0.32771105041581294,False
ever,50,341,1407,7992,0.03431708991077557,0.04092163686547462,391,0.8397208012919701,-0.2520183688380051,1.410818944162225,0.23492049143096205,1457,8333,positive,0.3301518345571665,False
souls,4,42,1453,8291,0.002745367192862045,0.005040201608064322,46,0.6040065561828446,-0.7273638855337914,1.3965330787811934,0.2373049097603258,1457,8333,positive,0.33315160053766646,False
experienced,4,42,1453,8291,0.002745367192862045,0.005040201608064322,46,0.6040065561828446,-0.7273638855337914,1.3965330787811934,0.2373049097603258,1457,8333,positive,0.33315160053766646,False
near,12,47,1445,8286,0.008236101578586136,0.005640225609024361,59,1.5085838081887528,0.5931948465010002,1.3950893309881962,0.23754751017811704,1457,8333,negative,0.3333166642815053,False
quest,15,118,1442,8215,0.01029512697323267,0.014160566422656905,133,0.7449575499638023,-0.42476987629453533,1.3827622106377262,0.23963120221108802,1457,8333,positive,0.3352191446021035,False
older,6,20,1451,8313,0.004118050789293068,0.0024000960038401535,26,1.8160439578904917,0.8607991239190759,1.381866109245989,0.2397835366677462,1457,8333,negative,0.3352191446021035,False
destroy,6,20,1451,8313,0.004118050789293068,0.0024000960038401535,26,1.8160439578904917,0.8607991239190759,1.381866109245989,0.2397835366677462,1457,8333,negative,0.3352191446021035,False
front,6,20,1451,8313,0.004118050789293068,0.0024000960038401535,26,1.8160439578904917,0.8607991239190759,1.381866109245989,0.2397835366677462,1457,8333,negative,0.3352191446021035,False
qol,6,20,1451,8313,0.004118050789293068,0.0024000960038401535,26,1.8160439578904917,0.8607991239190759,1.381866109245989,0.2397835366677462,1457,8333,negative,0.3352191446021035,False
awkward,6,20,1451,8313,0.004118050789293068,0.0024000960038401535,26,1.8160439578904917,0.8607991239190759,1.381866109245989,0.2397835366677462,1457,8333,negative,0.3352191446021035,False
location,6,20,1451,8313,0.004118050789293068,0.0024000960038401535,26,1.8160439578904917,0.8607991239190759,1.381866109245989,0.2397835366677462,1457,8333,negative,0.3352191446021035,False
magic,5,49,1452,8284,0.0034317089910775567,0.005880235209408376,54,0.6337349397590362,-0.6580485369419847,1.355435380769905,0.2443301391734658,1457,8333,positive,0.34121747042245143,False
expectations,5,49,1452,8284,0.0034317089910775567,0.005880235209408376,54,0.6337349397590362,-0.6580485369419847,1.355435380769905,0.2443301391734658,1457,8333,positive,0.34121747042245143,False
title,19,81,1438,8252,0.013040494166094716,0.009720388815552622,100,1.3726274173634345,0.4569400770017821,1.3521459680089203,0.24490330590062448,1457,8333,negative,0.3418388552518664,False
core,29,131,1428,8202,0.01990391214824983,0.015720628825153005,160,1.2881376007963896,0.3652867125389491,1.3499942355951828,0.24527912455018602,1457,8333,negative,0.34218427318199685,False
combinations,3,34,1454,8299,0.002059025394646534,0.004080163206528261,37,0.5788781442898352,-0.7886684066568906,1.3455366484514708,0.24605992413608496,1457,8333,positive,0.3429146668828032,False
repetition,3,34,1454,8299,0.002059025394646534,0.004080163206528261,37,0.5788781442898352,-0.7886684066568906,1.3455366484514708,0.24605992413608496,1457,8333,positive,0.3429146668828032,False
come,43,203,1414,8130,0.029512697323266987,0.02436097443897756,246,1.228681009168814,0.29711041105264024,1.3436404677021698,0.24639298335958276,1457,8333,negative,0.3430224054995597,False
past,20,86,1437,8247,0.013726835964310227,0.01032041281651266,106,1.359728575018849,0.44331869371455235,1.3436314785634824,0.2463945635902689,1457,8333,negative,0.3430224054995597,False
eye,6,56,1451,8277,0.004118050789293068,0.00672026881075243,62,0.6560652849203905,-0.6080887106163957,1.334491261845046,0.24800778661181383,1457,8333,positive,0.3445700941114308,False
nostalgia,6,56,1451,8277,0.004118050789293068,0.00672026881075243,62,0.6560652849203905,-0.6080887106163957,1.334491261845046,0.24800778661181383,1457,8333,positive,0.3445700941114308,False
both,47,224,1410,8109,0.03225806451612903,0.02688107524300972,271,1.21646117371385,0.2826902739266554,1.3321752103173339,0.2484186140097807,1457,8333,negative,0.3445700941114308,False
route,8,29,1449,8304,0.00549073438572409,0.0034801392055682227,37,1.6507913307335669,0.723157767045826,1.331536118477375,0.24853212449550593,1457,8333,negative,0.3445700941114308,False
usage,8,29,1449,8304,0.00549073438572409,0.0034801392055682227,37,1.6507913307335669,0.723157767045826,1.331536118477375,0.24853212449550593,1457,8333,negative,0.3445700941114308,False
solo,8,70,1449,8263,0.00549073438572409,0.008400336013440538,78,0.6873463336587085,-0.5408908809236043,1.3283343731729749,0.24910175078494867,1457,8333,positive,0.3445700941114308,False
needing,2,26,1455,8307,0.0013726835964310226,0.0031201248049922,28,0.5384585469559187,-0.8930928112192088,1.3278589250788926,0.24918647466122978,1457,8333,positive,0.3445700941114308,False
passes,2,26,1455,8307,0.0013726835964310226,0.0031201248049922,28,0.5384585469559187,-0.8930928112192088,1.3278589250788926,0.24918647466122978,1457,8333,positive,0.3445700941114308,False
mental,2,26,1455,8307,0.0013726835964310226,0.0031201248049922,28,0.5384585469559187,-0.8930928112192088,1.3278589250788926,0.24918647466122978,1457,8333,positive,0.3445700941114308,False
arena,2,26,1455,8307,0.0013726835964310226,0.0031201248049922,28,0.5384585469559187,-0.8930928112192088,1.3278589250788926,0.24918647466122978,1457,8333,positive,0.3445700941114308,False
code,2,26,1455,8307,0.0013726835964310226,0.0031201248049922,28,0.5384585469559187,-0.8930928112192088,1.3278589250788926,0.24918647466122978,1457,8333,positive,0.3445700941114308,False
greater,2,26,1455,8307,0.0013726835964310226,0.0031201248049922,28,0.5384585469559187,-0.8930928112192088,1.3278589250788926,0.24918647466122978,1457,8333,positive,0.3445700941114308,False
presents,2,26,1455,8307,0.0013726835964310226,0.0031201248049922,28,0.5384585469559187,-0.8930928112192088,1.3278589250788926,0.24918647466122978,1457,8333,positive,0.3445700941114308,False
nonsense,5,16,1452,8317,0.0034317089910775567,0.0019200768030721229,21,1.9087779690189328,0.932649296757181,1.3239344500820374,0.24988715878242307,1457,8333,negative,0.34464519674802896,False
speak,5,16,1452,8317,0.0034317089910775567,0.0019200768030721229,21,1.9087779690189328,0.932649296757181,1.3239344500820374,0.24988715878242307,1457,8333,negative,0.34464519674802896,False
twitch,5,16,1452,8317,0.0034317089910775567,0.0019200768030721229,21,1.9087779690189328,0.932649296757181,1.3239344500820374,0.24988715878242307,1457,8333,negative,0.34464519674802896,False
dimensional,5,16,1452,8317,0.0034317089910775567,0.0019200768030721229,21,1.9087779690189328,0.932649296757181,1.3239344500820374,0.24988715878242307,1457,8333,negative,0.34464519674802896,False
def,5,16,1452,8317,0.0034317089910775567,0.0019200768030721229,21,1.9087779690189328,0.932649296757181,1.3239344500820374,0.24988715878242307,1457,8333,negative,0.34464519674802896,False
initial,11,43,1446,8290,0.0075497597803706245,0.00516020640825633,54,1.5152031657866194,0.5995112502140023,1.2909302295549265,0.25587659196428325,1457,8333,negative,0.35217707494929223,False
piece,11,43,1446,8290,0.0075497597803706245,0.00516020640825633,54,1.5152031657866194,0.5995112502140023,1.2909302295549265,0.25587659196428325,1457,8333,negative,0.35217707494929223,False
obvious,11,43,1446,8290,0.0075497597803706245,0.00516020640825633,54,1.5152031657866194,0.5995112502140023,1.2909302295549265,0.25587659196428325,1457,8333,negative,0.35217707494929223,False
moves,11,43,1446,8290,0.0075497597803706245,0.00516020640825633,54,1.5152031657866194,0.5995112502140023,1.2909302295549265,0.25587659196428325,1457,8333,negative,0.35217707494929223,False
flashy,4,41,1453,8292,0.002745367192862045,0.004920196807872315,45,0.6186355328434481,-0.6928383943654652,1.2820345952608152,0.2575210792369449,1457,8333,positive,0.35407488254032754,False
mystery,4,41,1453,8292,0.002745367192862045,0.004920196807872315,45,0.6186355328434481,-0.6928383943654652,1.2820345952608152,0.2575210792369449,1457,8333,positive,0.35407488254032754,False
balance,17,72,1440,8261,0.011667810569663692,0.008640345613824553,89,1.3843493040012447,0.46920801491621256,1.2618140637043314,0.2613079922219769,1457,8333,negative,0.359096447043191,False
ones,27,122,1430,8211,0.018531228551818806,0.014640585623424938,149,1.2886389089015544,0.36584806097074474,1.2525008315879804,0.2630753690103441,1457,8333,negative,0.3613389663995762,False
aspect,18,77,1439,8256,0.012354152367879203,0.009240369614784591,95,1.3691604387724232,0.4532915120883444,1.2512636387084632,0.26331126632505863,1457,8333,negative,0.3614767435749775,False
blocks,5,48,1452,8285,0.0034317089910775567,0.005760230409216369,53,0.6468797132565609,-0.6284306256707893,1.2488292431116885,0.26377620334875773,1457,8333,positive,0.3619286454594895,False
exist,12,48,1445,8285,0.008236101578586136,0.005760230409216369,60,1.4773006878795552,0.5629635002814798,1.248060447360035,0.2639232448807265,1457,8333,negative,0.3619441208086506,False
larger,9,34,1448,8299,0.0061770761839396015,0.004080163206528261,43,1.577749095766235,0.6578677965589937,1.2469958802967425,0.26412702444823943,1457,8333,negative,0.3620373507347076,False
surface,7,25,1450,8308,0.004804392587508579,0.003000120004800192,32,1.6847131820670358,0.7525029973235027,1.239187810568153,0.26562763995729466,1457,8333,negative,0.36316066057751156,False
attempting,7,25,1450,8308,0.004804392587508579,0.003000120004800192,32,1.6847131820670358,0.7525029973235027,1.239187810568153,0.26562763995729466,1457,8333,negative,0.36316066057751156,False
useful,7,25,1450,8308,0.004804392587508579,0.003000120004800192,32,1.6847131820670358,0.7525029973235027,1.239187810568153,0.26562763995729466,1457,8333,negative,0.36316066057751156,False
land,7,25,1450,8308,0.004804392587508579,0.003000120004800192,32,1.6847131820670358,0.7525029973235027,1.239187810568153,0.26562763995729466,1457,8333,negative,0.36316066057751156,False
minimal,7,25,1450,8308,0.004804392587508579,0.003000120004800192,32,1.6847131820670358,0.7525029973235027,1.239187810568153,0.26562763995729466,1457,8333,negative,0.36316066057751156,False
protagonist,7,62,1450,8271,0.004804392587508579,0.007440297611904476,69,0.6843019648397104,-0.5472950050926036,1.2312411089294402,0.26716580765954345,1457,8333,positive,0.36507639324466573,False
himself,3,33,1454,8300,0.002059025394646534,0.003960158406336254,36,0.5962299194984172,-0.7460593216566587,1.2234419833495616,0.2686862176075075,1457,8333,positive,0.36565464836223327,False
mario,3,33,1454,8300,0.002059025394646534,0.003960158406336254,36,0.5962299194984172,-0.7460593216566587,1.2234419833495616,0.2686862176075075,1457,8333,positive,0.36565464836223327,False
goofy,3,33,1454,8300,0.002059025394646534,0.003960158406336254,36,0.5962299194984172,-0.7460593216566587,1.2234419833495616,0.2686862176075075,1457,8333,positive,0.36565464836223327,False
absurd,3,33,1454,8300,0.002059025394646534,0.003960158406336254,36,0.5962299194984172,-0.7460593216566587,1.2234419833495616,0.2686862176075075,1457,8333,positive,0.36565464836223327,False
gimmick,3,33,1454,8300,0.002059025394646534,0.003960158406336254,36,0.5962299194984172,-0.7460593216566587,1.2234419833495616,0.2686862176075075,1457,8333,positive,0.36565464836223327,False
sitting,3,33,1454,8300,0.002059025394646534,0.003960158406336254,36,0.5962299194984172,-0.7460593216566587,1.2234419833495616,0.2686862176075075,1457,8333,positive,0.36565464836223327,False
wanting,3,33,1454,8300,0.002059025394646534,0.003960158406336254,36,0.5962299194984172,-0.7460593216566587,1.2234419833495616,0.2686862176075075,1457,8333,positive,0.36565464836223327,False
hero,3,33,1454,8300,0.002059025394646534,0.003960158406336254,36,0.5962299194984172,-0.7460593216566587,1.2234419833495616,0.2686862176075075,1457,8333,positive,0.36565464836223327,False
systems,13,53,1444,8280,0.008922443376801648,0.006360254410176407,66,1.446501877893266,0.5325681962198412,1.2158417522395173,0.2701782561862437,1457,8333,negative,0.3674975668329213,False
true,11,89,1446,8244,0.0075497597803706245,0.010680427217088683,100,0.7323533785075514,-0.44938814255168635,1.2022470507222982,0.272873027381431,1457,8333,positive,0.3709737332987736,False
cohesive,2,25,1455,8308,0.0013726835964310226,0.003000120004800192,27,0.5596419261624265,-0.837424047322422,1.1942757864011944,0.27446877312554563,1457,8333,positive,0.3718159294475125,False
question,2,25,1455,8308,0.0013726835964310226,0.003000120004800192,27,0.5596419261624265,-0.837424047322422,1.1942757864011944,0.27446877312554563,1457,8333,positive,0.3718159294475125,False
loving,2,25,1455,8308,0.0013726835964310226,0.003000120004800192,27,0.5596419261624265,-0.837424047322422,1.1942757864011944,0.27446877312554563,1457,8333,positive,0.3718159294475125,False
develop,2,25,1455,8308,0.0013726835964310226,0.003000120004800192,27,0.5596419261624265,-0.837424047322422,1.1942757864011944,0.27446877312554563,1457,8333,positive,0.3718159294475125,False
alley,2,25,1455,8308,0.0013726835964310226,0.003000120004800192,27,0.5596419261624265,-0.837424047322422,1.1942757864011944,0.27446877312554563,1457,8333,positive,0.3718159294475125,False
decorating,2,25,1455,8308,0.0013726835964310226,0.003000120004800192,27,0.5596419261624265,-0.837424047322422,1.1942757864011944,0.27446877312554563,1457,8333,positive,0.3718159294475125,False
standalone,2,25,1455,8308,0.0013726835964310226,0.003000120004800192,27,0.5596419261624265,-0.837424047322422,1.1942757864011944,0.27446877312554563,1457,8333,positive,0.3718159294475125,False
difficult,28,199,1429,8134,0.019217570350034317,0.023880955238209527,227,0.8129216009593764,-0.29881187095233724,1.1907652014852437,0.2751752604177252,1457,8333,positive,0.3725836690064273,False
expecting,10,39,1447,8294,0.0068634179821551134,0.0046801872074883,49,1.5232242408342624,0.6071283432208759,1.186979698331003,0.2759396345577836,1457,8333,negative,0.37342896737616804,False
zelda,4,40,1453,8293,0.002745367192862045,0.004800192007680307,44,0.6339869281045751,-0.6574750005055242,1.1703456504534306,0.2793302300378812,1457,8333,positive,0.37744267272224596,False
patterns,4,40,1453,8293,0.002745367192862045,0.004800192007680307,44,0.6339869281045751,-0.6574750005055242,1.1703456504534306,0.2793302300378812,1457,8333,positive,0.37744267272224596,False
street,4,40,1453,8293,0.002745367192862045,0.004800192007680307,44,0.6339869281045751,-0.6574750005055242,1.1703456504534306,0.2793302300378812,1457,8333,positive,0.37744267272224596,False
added,27,123,1430,8210,0.018531228551818806,0.014760590423616944,150,1.27804892544862,0.35394306566757155,1.1687053763858264,0.2796674105420115,1457,8333,negative,0.37770684726697196,False
anime,15,115,1442,8218,0.01029512697323267,0.013800552022080883,130,0.7645861937023115,-0.3872489455348915,1.163066422896332,0.2808304979531467,1457,8333,positive,0.37908562407245017,False
glad,9,75,1448,8258,0.0061770761839396015,0.009000360014400577,84,0.7173966217621792,-0.4791571432613231,1.1620722596061088,0.28103618628347266,1457,8333,positive,0.3791712918176812,False
models,16,68,1441,8265,0.01098146877144818,0.008160326413056522,84,1.3811722885984035,0.465893293819778,1.160310055272375,0.2814012469851617,1457,8333,negative,0.3792799415886962,False
fairly,16,68,1441,8265,0.01098146877144818,0.008160326413056522,84,1.3811722885984035,0.465893293819778,1.160310055272375,0.2814012469851617,1457,8333,negative,0.3792799415886962,False
internet,6,21,1451,8312,0.004118050789293068,0.002520100804032161,27,1.7313685121245865,0.7919128269756093,1.1513912801204043,0.28325809528380663,1457,8333,negative,0.3810121503666138,False
updated,6,21,1451,8312,0.004118050789293068,0.002520100804032161,27,1.7313685121245865,0.7919128269756093,1.1513912801204043,0.28325809528380663,1457,8333,negative,0.3810121503666138,False
hollow,6,21,1451,8312,0.004118050789293068,0.002520100804032161,27,1.7313685121245865,0.7919128269756093,1.1513912801204043,0.28325809528380663,1457,8333,negative,0.3810121503666138,False
earlier,6,21,1451,8312,0.004118050789293068,0.002520100804032161,27,1.7313685121245865,0.7919128269756093,1.1513912801204043,0.28325809528380663,1457,8333,negative,0.3810121503666138,False
apart,8,30,1449,8303,0.00549073438572409,0.0036001440057602304,38,1.5964747595270274,0.6748897438926335,1.1464661159512475,0.2842901389948641,1457,8333,negative,0.381923656914971,False
gorgeous,5,47,1452,8286,0.0034317089910775567,0.005640225609024361,52,0.6605779509013497,-0.598199279451269,1.144911333419425,0.2846169248940252,1457,8333,positive,0.381923656914971,False
strengths,5,47,1452,8286,0.0034317089910775567,0.005640225609024361,52,0.6605779509013497,-0.598199279451269,1.144911333419425,0.2846169248940252,1457,8333,positive,0.381923656914971,False
sprites,5,47,1452,8286,0.0034317089910775567,0.005640225609024361,52,0.6605779509013497,-0.598199279451269,1.144911333419425,0.2846169248940252,1457,8333,positive,0.381923656914971,False
quests,18,78,1439,8255,0.012354152367879203,0.0093603744149766,96,1.3515551887929946,0.43462042343187385,1.1447444550154486,0.2846520278657342,1457,8333,negative,0.381923656914971,False
controller,20,88,1437,8245,0.013726835964310227,0.010560422416896675,108,1.328677966101695,0.40999147857490403,1.1396987227732107,0.28571599790619334,1457,8333,negative,0.38315837546172604,False
local,6,54,1451,8279,0.004118050789293068,0.006480259210368415,60,0.6803054100945873,-0.555745532772081,1.1360984348851608,0.286478259920963,1457,8333,positive,0.38398745145766083,False
touch,12,49,1445,8284,0.008236101578586136,0.005880235209408376,61,1.4472815320272947,0.5333455890102844,1.1115957867501425,0.2917353228349667,1457,8333,negative,0.3908373722000107,False
spikes,3,32,1454,8301,0.002059025394646534,0.0038401536061442457,35,0.6146494962582966,-0.7021641464869921,1.1044312140174743,0.2932956906364169,1457,8333,positive,0.39233633278308455,False
today,3,32,1454,8301,0.002059025394646534,0.0038401536061442457,35,0.6146494962582966,-0.7021641464869921,1.1044312140174743,0.2932956906364169,1457,8333,positive,0.39233633278308455,False
greatly,3,32,1454,8301,0.002059025394646534,0.0038401536061442457,35,0.6146494962582966,-0.7021641464869921,1.1044312140174743,0.2932956906364169,1457,8333,positive,0.39233633278308455,False
ultimately,13,54,1444,8279,0.008922443376801648,0.006480259210368415,67,1.419789076566921,0.5056766193123415,1.0882416897587752,0.29686112214625654,1457,8333,negative,0.3967076449332932,False
turned,13,54,1444,8279,0.008922443376801648,0.006480259210368415,67,1.419789076566921,0.5056766193123415,1.0882416897587752,0.29686112214625654,1457,8333,negative,0.3967076449332932,False
imo,9,35,1448,8298,0.0061770761839396015,0.004200168006720269,44,1.5331207125389548,0.616471294208112,1.08327204909605,0.29796672780746364,1457,8333,negative,0.3975872354027518,False
smart,9,35,1448,8298,0.0061770761839396015,0.004200168006720269,44,1.5331207125389548,0.616471294208112,1.08327204909605,0.29796672780746364,1457,8333,negative,0.3975872354027518,False
throw,9,35,1448,8298,0.0061770761839396015,0.004200168006720269,44,1.5331207125389548,0.616471294208112,1.08327204909605,0.29796672780746364,1457,8333,negative,0.3975872354027518,False
plus,9,74,1448,8259,0.0061770761839396015,0.008880355214208569,83,0.7271141402932448,-0.45974624283373067,1.0781079646951601,0.2991212030664822,1457,8333,positive,0.39892802770147157,False
similar,25,114,1432,8219,0.017158544955387784,0.013680547221888875,139,1.2778664349893687,0.35373705095746494,1.0718033221019088,0.3005384730674425,1457,8333,negative,0.3996072805651022,False
console,5,17,1452,8316,0.0034317089910775567,0.0020400816032641305,22,1.7994885665109417,0.8475869357773018,1.0711769731061183,0.30067974674178355,1457,8333,negative,0.3996072805651022,False
dodge,5,17,1452,8316,0.0034317089910775567,0.0020400816032641305,22,1.7994885665109417,0.8475869357773018,1.0711769731061183,0.30067974674178355,1457,8333,negative,0.3996072805651022,False
itd,5,17,1452,8316,0.0034317089910775567,0.0020400816032641305,22,1.7994885665109417,0.8475869357773018,1.0711769731061183,0.30067974674178355,1457,8333,negative,0.3996072805651022,False
modest,5,17,1452,8316,0.0034317089910775567,0.0020400816032641305,22,1.7994885665109417,0.8475869357773018,1.0711769731061183,0.30067974674178355,1457,8333,negative,0.3996072805651022,False
standing,5,17,1452,8316,0.0034317089910775567,0.0020400816032641305,22,1.7994885665109417,0.8475869357773018,1.0711769731061183,0.30067974674178355,1457,8333,negative,0.3996072805651022,False
genres,5,17,1452,8316,0.0034317089910775567,0.0020400816032641305,22,1.7994885665109417,0.8475869357773018,1.0711769731061183,0.30067974674178355,1457,8333,negative,0.3996072805651022,False
hard,91,464,1366,7869,0.06245710363761153,0.055682227289091564,555,1.1344174005310055,0.1819515669806699,1.0644284864426115,0.30220731865202133,1457,8333,negative,0.3999898937312725,False
confused,2,24,1455,8309,0.0013726835964310226,0.0028801152046081845,26,0.5825545608143635,-0.7795349190602338,1.0639414810177255,0.3023179429364269,1457,8333,positive,0.3999898937312725,False
borders,2,24,1455,8309,0.0013726835964310226,0.0028801152046081845,26,0.5825545608143635,-0.7795349190602338,1.0639414810177255,0.3023179429364269,1457,8333,positive,0.3999898937312725,False
angles,2,24,1455,8309,0.0013726835964310226,0.0028801152046081845,26,0.5825545608143635,-0.7795349190602338,1.0639414810177255,0.3023179429364269,1457,8333,positive,0.3999898937312725,False
archetypes,2,24,1455,8309,0.0013726835964310226,0.0028801152046081845,26,0.5825545608143635,-0.7795349190602338,1.0639414810177255,0.3023179429364269,1457,8333,positive,0.3999898937312725,False
continuous,2,24,1455,8309,0.0013726835964310226,0.0028801152046081845,26,0.5825545608143635,-0.7795349190602338,1.0639414810177255,0.3023179429364269,1457,8333,positive,0.3999898937312725,False
among,2,24,1455,8309,0.0013726835964310226,0.0028801152046081845,26,0.5825545608143635,-0.7795349190602338,1.0639414810177255,0.3023179429364269,1457,8333,positive,0.3999898937312725,False
intrigued,2,24,1455,8309,0.0013726835964310226,0.0028801152046081845,26,0.5825545608143635,-0.7795349190602338,1.0639414810177255,0.3023179429364269,1457,8333,positive,0.3999898937312725,False
beaten,2,24,1455,8309,0.0013726835964310226,0.0028801152046081845,26,0.5825545608143635,-0.7795349190602338,1.0639414810177255,0.3023179429364269,1457,8333,positive,0.3999898937312725,False
colors,4,39,1453,8294,0.002745367192862045,0.0046801872074883,43,0.6501156092017086,-0.6212318013752104,1.0616597347150356,0.3028369430286074,1457,8333,positive,0.40008091680588076,False
box,4,39,1453,8294,0.002745367192862045,0.0046801872074883,43,0.6501156092017086,-0.6212318013752104,1.0616597347150356,0.3028369430286074,1457,8333,positive,0.40008091680588076,False
regular,4,39,1453,8294,0.002745367192862045,0.0046801872074883,43,0.6501156092017086,-0.6212318013752104,1.0616597347150356,0.3028369430286074,1457,8333,positive,0.40008091680588076,False
somehow,16,69,1441,8264,0.01098146877144818,0.00828033121324853,85,1.3611346094820294,0.44480974930269573,1.0512900723158258,0.30521015863329864,1457,8333,negative,0.4030164848520922,False
fill,7,26,1450,8307,0.004804392587508579,0.0031201248049922,33,1.6209439815808473,0.6968342334267159,1.0472145392150227,0.3061494767621752,1457,8333,negative,0.4038567565798907,False
dying,7,26,1450,8307,0.004804392587508579,0.0031201248049922,33,1.6209439815808473,0.6968342334267159,1.0472145392150227,0.3061494767621752,1457,8333,negative,0.4038567565798907,False
armor,5,46,1452,8287,0.0034317089910775567,0.005520220808832354,51,0.6748653600577424,-0.567328390875313,1.0438376506302616,0.3069306125660972,1457,8333,positive,0.4040874138771433,False
collect,5,46,1452,8287,0.0034317089910775567,0.005520220808832354,51,0.6748653600577424,-0.567328390875313,1.0438376506302616,0.3069306125660972,1457,8333,positive,0.4040874138771433,False
practice,5,46,1452,8287,0.0034317089910775567,0.005520220808832354,51,0.6748653600577424,-0.567328390875313,1.0438376506302616,0.3069306125660972,1457,8333,positive,0.4040874138771433,False
audience,5,46,1452,8287,0.0034317089910775567,0.005520220808832354,51,0.6748653600577424,-0.567328390875313,1.0438376506302616,0.3069306125660972,1457,8333,positive,0.4040874138771433,False
recommendation,6,53,1451,8280,0.004118050789293068,0.006360254410176407,59,0.693105102359467,-0.5288539558645815,1.040840638231298,0.30762604228008933,1457,8333,positive,0.40460336887948606,False
momentum,6,53,1451,8280,0.004118050789293068,0.006360254410176407,59,0.693105102359467,-0.5288539558645815,1.040840638231298,0.30762604228008933,1457,8333,positive,0.40460336887948606,False
hey,10,40,1447,8293,0.0068634179821551134,0.004800192007680307,50,1.485434657455383,0.5708851440905622,1.038982559275594,0.30805821980088793,1457,8333,negative,0.4047724070917532,False
cutscenes,10,40,1447,8293,0.0068634179821551134,0.004800192007680307,50,1.485434657455383,0.5708851440905622,1.038982559275594,0.30805821980088793,1457,8333,negative,0.4047724070917532,False
coming,13,100,1444,8233,0.008922443376801648,0.012000480019200769,113,0.7656576928441903,-0.3852285528843616,1.0298453490986519,0.3101949934836007,1457,8333,positive,0.4073792377474283,False
moments,28,130,1429,8203,0.019217570350034317,0.015600624024960999,158,1.2532836414950972,0.3257129604452058,1.0217724588920702,0.31209894557683393,1457,8333,negative,0.40967788720228426,False
performance,11,45,1446,8288,0.0075497597803706245,0.005400216008640346,56,1.4482513684034597,0.5343120281638383,1.007527346968099,0.31549593972137446,1457,8333,negative,0.4139331571344411,False
effects,14,106,1443,8227,0.009608785175017159,0.012720508820352814,120,0.776013894241793,-0.36584561132253657,0.9918316099193784,0.31929512471384053,1457,8333,positive,0.41866192184434026,False
fleshed,3,31,1454,8302,0.002059025394646534,0.003720148805952238,34,0.6342385699553111,-0.6569024801525479,0.9887732642075452,0.32004238436562843,1457,8333,positive,0.41866192184434026,False
camp,3,31,1454,8302,0.002059025394646534,0.003720148805952238,34,0.6342385699553111,-0.6569024801525479,0.9887732642075452,0.32004238436562843,1457,8333,positive,0.41866192184434026,False
glory,3,31,1454,8302,0.002059025394646534,0.003720148805952238,34,0.6342385699553111,-0.6569024801525479,0.9887732642075452,0.32004238436562843,1457,8333,positive,0.41866192184434026,False
difficulties,3,31,1454,8302,0.002059025394646534,0.003720148805952238,34,0.6342385699553111,-0.6569024801525479,0.9887732642075452,0.32004238436562843,1457,8333,positive,0.41866192184434026,False
strikes,3,31,1454,8302,0.002059025394646534,0.003720148805952238,34,0.6342385699553111,-0.6569024801525479,0.9887732642075452,0.32004238436562843,1457,8333,positive,0.41866192184434026,False
knows,8,31,1449,8302,0.00549073438572409,0.003720148805952238,39,1.5456068595082049,0.6281734020790969,0.9798592745511978,0.322233551476939,1457,8333,negative,0.42132155381928366,False
theme,8,66,1449,8267,0.00549073438572409,0.007920316812672508,74,0.7290432013113155,-0.45592378723377003,0.9758603551552159,0.32322295921602967,1457,8333,positive,0.4224080437597721,False
post,13,55,1444,8278,0.008922443376801648,0.006600264010560422,68,1.394038898711796,0.4792708181615992,0.9695509128132251,0.32479220547811216,1457,8333,negative,0.42425086712623566,False
completed,13,99,1444,8234,0.008922443376801648,0.01188047521900876,112,0.7734466726154136,-0.3706262703177407,0.9595015361960919,0.3273124973407475,1457,8333,positive,0.42687291952805695,False
surprised,7,59,1450,8274,0.004804392587508579,0.007080283211328453,66,0.719065288990467,-0.4758053258549722,0.9593067778773785,0.32736159641684826,1457,8333,positive,0.42687291952805695,False
man,14,60,1443,8273,0.009608785175017159,0.007200288011520461,74,1.3736785304313723,0.4580444227763608,0.9589957398191901,0.32744003017062134,1457,8333,negative,0.42687291952805695,False
bring,14,60,1443,8273,0.009608785175017159,0.007200288011520461,74,1.3736785304313723,0.4580444227763608,0.9589957398191901,0.32744003017062134,1457,8333,negative,0.42687291952805695,False
lilies,4,38,1453,8295,0.002745367192862045,0.004560182407296292,42,0.6670821438623297,-0.5840636704400085,0.9561887671149262,0.3281489867774851,1457,8333,positive,0.4271705072015504,False
kid,4,38,1453,8295,0.002745367192862045,0.004560182407296292,42,0.6670821438623297,-0.5840636704400085,0.9561887671149262,0.3281489867774851,1457,8333,positive,0.4271705072015504,False
house,4,38,1453,8295,0.002745367192862045,0.004560182407296292,42,0.6670821438623297,-0.5840636704400085,0.9561887671149262,0.3281489867774851,1457,8333,positive,0.4271705072015504,False
everyone,20,144,1437,8189,0.013726835964310227,0.017280691227649105,164,0.8082310816909885,-0.30716026138229785,0.950940606852329,0.3294799894600996,1457,8333,positive,0.4275880108371503,False
niche,6,22,1451,8311,0.004118050789293068,0.0026401056042241688,28,1.6542197726489838,0.7261509176095062,0.9498684104712852,0.3297527945540814,1457,8333,negative,0.4275880108371503,False
lag,6,22,1451,8311,0.004118050789293068,0.0026401056042241688,28,1.6542197726489838,0.7261509176095062,0.9498684104712852,0.3297527945540814,1457,8333,negative,0.4275880108371503,False
tbh,6,22,1451,8311,0.004118050789293068,0.0026401056042241688,28,1.6542197726489838,0.7261509176095062,0.9498684104712852,0.3297527945540814,1457,8333,negative,0.4275880108371503,False
opening,6,22,1451,8311,0.004118050789293068,0.0026401056042241688,28,1.6542197726489838,0.7261509176095062,0.9498684104712852,0.3297527945540814,1457,8333,negative,0.4275880108371503,False
berserk,6,22,1451,8311,0.004118050789293068,0.0026401056042241688,28,1.6542197726489838,0.7261509176095062,0.9498684104712852,0.3297527945540814,1457,8333,negative,0.4275880108371503,False
navigate,6,22,1451,8311,0.004118050789293068,0.0026401056042241688,28,1.6542197726489838,0.7261509176095062,0.9498684104712852,0.3297527945540814,1457,8333,negative,0.4275880108371503,False
seemingly,6,22,1451,8311,0.004118050789293068,0.0026401056042241688,28,1.6542197726489838,0.7261509176095062,0.9498684104712852,0.3297527945540814,1457,8333,negative,0.4275880108371503,False
gaming,16,70,1441,8263,0.01098146877144818,0.008400336013440538,86,1.341665375163283,0.42402489375100005,0.9488882559177733,0.3300024437157322,1457,8333,negative,0.4276613375373156,False
simplistic,6,52,1451,8281,0.004118050789293068,0.0062402496099844,58,0.706392401948723,-0.5014582696385969,0.948387168226403,0.33013016978687004,1457,8333,positive,0.4276613375373156,False
custom,5,45,1452,8288,0.0034317089910775567,0.005400216008640346,50,0.6897807871990316,-0.5357901496181691,0.9457766744894434,0.33079664334078246,1457,8333,positive,0.42831658627806024,False
delight,2,23,1455,8310,0.0013726835964310226,0.002760110404416177,25,0.6074172069260398,-0.7192403171109145,0.9372415477447705,0.3329882560795118,1457,8333,positive,0.42948557847507424,False
child,2,23,1455,8310,0.0013726835964310226,0.002760110404416177,25,0.6074172069260398,-0.7192403171109145,0.9372415477447705,0.3329882560795118,1457,8333,positive,0.42948557847507424,False
bump,2,23,1455,8310,0.0013726835964310226,0.002760110404416177,25,0.6074172069260398,-0.7192403171109145,0.9372415477447705,0.3329882560795118,1457,8333,positive,0.42948557847507424,False
arenas,2,23,1455,8310,0.0013726835964310226,0.002760110404416177,25,0.6074172069260398,-0.7192403171109145,0.9372415477447705,0.3329882560795118,1457,8333,positive,0.42948557847507424,False
soul,2,23,1455,8310,0.0013726835964310226,0.002760110404416177,25,0.6074172069260398,-0.7192403171109145,0.9372415477447705,0.3329882560795118,1457,8333,positive,0.42948557847507424,False
dodging,2,23,1455,8310,0.0013726835964310226,0.002760110404416177,25,0.6074172069260398,-0.7192403171109145,0.9372415477447705,0.3329882560795118,1457,8333,positive,0.42948557847507424,False
simulators,2,23,1455,8310,0.0013726835964310226,0.002760110404416177,25,0.6074172069260398,-0.7192403171109145,0.9372415477447705,0.3329882560795118,1457,8333,positive,0.42948557847507424,False
reccomend,2,23,1455,8310,0.0013726835964310226,0.002760110404416177,25,0.6074172069260398,-0.7192403171109145,0.9372415477447705,0.3329882560795118,1457,8333,positive,0.42948557847507424,False
known,9,36,1448,8297,0.0061770761839396015,0.004320172806912276,45,1.4909377201734435,0.5762199942588272,0.9346045268968554,0.3336692930077546,1457,8333,negative,0.43015586806512274,False
vibes,12,92,1445,8241,0.008236101578586136,0.011040441617664707,104,0.7704712668393056,-0.37618693952483523,0.9279555354266833,0.33539474201212893,1457,8333,positive,0.4321712818773976,False
quick,26,121,1431,8212,0.017844886753603295,0.01452058082323293,147,1.2512774737713612,0.32340174605511957,0.926650773504654,0.3357347344055272,1457,8333,negative,0.4324003874034471,False
sense,36,173,1421,8160,0.024708304735758406,0.020760830433217328,209,1.2077117466328644,0.27227615720627796,0.9249646218619021,0.33617479228386493,1457,8333,negative,0.4327580860592873,False
may,39,189,1418,8144,0.026767330130404943,0.02268090723628945,228,1.1968038258110179,0.25918669219460505,0.9104302023993198,0.3400002991330344,1457,8333,negative,0.4374714273593966,False
fail,7,27,1450,8306,0.004804392587508579,0.0032401296051842074,34,1.5618125411300179,0.6432213022559583,0.8768240487464148,0.3490730248018443,1457,8333,negative,0.4476520143599169,False
tutorials,3,30,1454,8303,0.002059025394646534,0.0036001440057602304,33,0.6551121730750807,-0.6101861383390114,0.8767696558357436,0.3490879736887724,1457,8333,positive,0.4476520143599169,False
entry,3,30,1454,8303,0.002059025394646534,0.0036001440057602304,33,0.6551121730750807,-0.6101861383390114,0.8767696558357436,0.3490879736887724,1457,8333,positive,0.4476520143599169,False
novelty,3,30,1454,8303,0.002059025394646534,0.0036001440057602304,33,0.6551121730750807,-0.6101861383390114,0.8767696558357436,0.3490879736887724,1457,8333,positive,0.4476520143599169,False
understanding,3,30,1454,8303,0.002059025394646534,0.0036001440057602304,33,0.6551121730750807,-0.6101861383390114,0.8767696558357436,0.3490879736887724,1457,8333,positive,0.4476520143599169,False
expand,3,30,1454,8303,0.002059025394646534,0.0036001440057602304,33,0.6551121730750807,-0.6101861383390114,0.8767696558357436,0.3490879736887724,1457,8333,positive,0.4476520143599169,False
steal,3,30,1454,8303,0.002059025394646534,0.0036001440057602304,33,0.6551121730750807,-0.6101861383390114,0.8767696558357436,0.3490879736887724,1457,8333,positive,0.4476520143599169,False
third,12,51,1445,8282,0.008236101578586136,0.0061202448097923915,63,1.3907405977036198,0.47585335208283364,0.868353762450422,0.3514114602515046,1457,8333,negative,0.45041488126466883,False
person,19,86,1438,8247,0.013040494166094716,0.01032041281651266,105,1.2925012205633277,0.3701656429385299,0.8648055869604785,0.35239736722522336,1457,8333,negative,0.4514614997705168,False
memorable,6,51,1451,8282,0.004118050789293068,0.0061202448097923915,57,0.7201957131725132,-0.47353908270041106,0.8588837112479948,0.35405126567126705,1457,8333,positive,0.45314482682649926,False
deeply,6,51,1451,8282,0.004118050789293068,0.0061202448097923915,57,0.7201957131725132,-0.47353908270041106,0.8588837112479948,0.35405126567126705,1457,8333,positive,0.45314482682649926,False
aiming,5,18,1452,8315,0.0034317089910775567,0.002160086403456138,23,1.702014234544355,0.7672431028409582,0.8556005772121318,0.35497277453605103,1457,8333,negative,0.45323631078214177,False
kick,5,18,1452,8315,0.0034317089910775567,0.002160086403456138,23,1.702014234544355,0.7672431028409582,0.8556005772121318,0.35497277453605103,1457,8333,negative,0.45323631078214177,False
ais,5,18,1452,8315,0.0034317089910775567,0.002160086403456138,23,1.702014234544355,0.7672431028409582,0.8556005772121318,0.35497277453605103,1457,8333,negative,0.45323631078214177,False
travel,5,18,1452,8315,0.0034317089910775567,0.002160086403456138,23,1.702014234544355,0.7672431028409582,0.8556005772121318,0.35497277453605103,1457,8333,negative,0.45323631078214177,False
iron,5,18,1452,8315,0.0034317089910775567,0.002160086403456138,23,1.702014234544355,0.7672431028409582,0.8556005772121318,0.35497277453605103,1457,8333,negative,0.45323631078214177,False
improvement,4,37,1453,8296,0.002745367192862045,0.004440177607104284,41,0.684953560371517,-0.5459219177527245,0.8541653428392014,0.35537664691792126,1457,8333,positive,0.45353477294551364,False
switching,5,44,1452,8289,0.0034317089910775567,0.0052802112084483375,49,0.7053665706163337,-0.5035548910382245,0.8509106391016918,0.3562948499941811,1457,8333,positive,0.4544890287485583,False
setting,25,117,1432,8216,0.017158544955387784,0.014040561622464899,142,1.2447855631057145,0.31589723330582054,0.8434620846256906,0.3584084864834569,1457,8333,negative,0.45696653513385754,False
otherwise,24,112,1433,8221,0.016472203157172273,0.01344053762150486,136,1.2490129054761074,0.32078838372744845,0.8320702527379105,0.3616745761982773,1457,8333,negative,0.46091033467715453,False
block,8,32,1449,8301,0.00549073438572409,0.0038401536061442457,40,1.4978692917982328,0.5829117357446526,0.8303335489103002,0.3621760975988946,1457,8333,negative,0.46132894228315957,False
day,24,167,1433,8166,0.016472203157172273,0.020040801632065283,191,0.8332772829261436,-0.2631314454706881,0.8256189215452416,0.3635424305151741,1457,8333,positive,0.4628481947246677,False
finished,23,107,1434,8226,0.015785861358956762,0.012840513620544822,130,1.253643194695502,0.32612679431959585,0.8211004681316539,0.3648586111976485,1457,8333,negative,0.4632527483923459,False
loose,2,22,1455,8311,0.0013726835964310226,0.0026401056042241688,24,0.6344898660254208,-0.6563309731403276,0.8146257837116269,0.3667561608119426,1457,8333,positive,0.4632527483923459,False
children,2,22,1455,8311,0.0013726835964310226,0.0026401056042241688,24,0.6344898660254208,-0.6563309731403276,0.8146257837116269,0.3667561608119426,1457,8333,positive,0.4632527483923459,False
quote,2,22,1455,8311,0.0013726835964310226,0.0026401056042241688,24,0.6344898660254208,-0.6563309731403276,0.8146257837116269,0.3667561608119426,1457,8333,positive,0.4632527483923459,False
controlled,2,22,1455,8311,0.0013726835964310226,0.0026401056042241688,24,0.6344898660254208,-0.6563309731403276,0.8146257837116269,0.3667561608119426,1457,8333,positive,0.4632527483923459,False
introduction,2,22,1455,8311,0.0013726835964310226,0.0026401056042241688,24,0.6344898660254208,-0.6563309731403276,0.8146257837116269,0.3667561608119426,1457,8333,positive,0.4632527483923459,False
court,2,22,1455,8311,0.0013726835964310226,0.0026401056042241688,24,0.6344898660254208,-0.6563309731403276,0.8146257837116269,0.3667561608119426,1457,8333,positive,0.4632527483923459,False
fascinating,2,22,1455,8311,0.0013726835964310226,0.0026401056042241688,24,0.6344898660254208,-0.6563309731403276,0.8146257837116269,0.3667561608119426,1457,8333,positive,0.4632527483923459,False
data,2,22,1455,8311,0.0013726835964310226,0.0026401056042241688,24,0.6344898660254208,-0.6563309731403276,0.8146257837116269,0.3667561608119426,1457,8333,positive,0.4632527483923459,False
consistently,2,22,1455,8311,0.0013726835964310226,0.0026401056042241688,24,0.6344898660254208,-0.6563309731403276,0.8146257837116269,0.3667561608119426,1457,8333,positive,0.4632527483923459,False
elaborate,2,22,1455,8311,0.0013726835964310226,0.0026401056042241688,24,0.6344898660254208,-0.6563309731403276,0.8146257837116269,0.3667561608119426,1457,8333,positive,0.4632527483923459,False
dialogues,2,22,1455,8311,0.0013726835964310226,0.0026401056042241688,24,0.6344898660254208,-0.6563309731403276,0.8146257837116269,0.3667561608119426,1457,8333,positive,0.4632527483923459,False
hyper,2,22,1455,8311,0.0013726835964310226,0.0026401056042241688,24,0.6344898660254208,-0.6563309731403276,0.8146257837116269,0.3667561608119426,1457,8333,positive,0.4632527483923459,False
viewers,2,22,1455,8311,0.0013726835964310226,0.0026401056042241688,24,0.6344898660254208,-0.6563309731403276,0.8146257837116269,0.3667561608119426,1457,8333,positive,0.4632527483923459,False
environmental,2,22,1455,8311,0.0013726835964310226,0.0026401056042241688,24,0.6344898660254208,-0.6563309731403276,0.8146257837116269,0.3667561608119426,1457,8333,positive,0.4632527483923459,False
themselves,8,64,1449,8269,0.00549073438572409,0.007680307212288491,72,0.7518310243307637,-0.411519645422044,0.8144286138114107,0.3668141604862124,1457,8333,positive,0.4632527483923459,False
ups,8,64,1449,8269,0.00549073438572409,0.007680307212288491,72,0.7518310243307637,-0.411519645422044,0.8144286138114107,0.3668141604862124,1457,8333,positive,0.4632527483923459,False
aspects,9,37,1448,8296,0.0061770761839396015,0.004440177607104284,46,1.4510044874007595,0.5370519811143827,0.8000137236593492,0.37108926640611894,1457,8333,negative,0.4679867475112172,False
anywhere,9,37,1448,8296,0.0061770761839396015,0.004440177607104284,46,1.4510044874007595,0.5370519811143827,0.8000137236593492,0.37108926640611894,1457,8333,negative,0.4679867475112172,False
changing,9,37,1448,8296,0.0061770761839396015,0.004440177607104284,46,1.4510044874007595,0.5370519811143827,0.8000137236593492,0.37108926640611894,1457,8333,negative,0.4679867475112172,False
gives,31,149,1426,8184,0.02127659574468085,0.017880715228609144,180,1.2088982201449627,0.2736927859656702,0.7924147210683669,0.37337096421316285,1457,8333,negative,0.470641603116923,False
places,12,90,1445,8243,0.008236101578586136,0.010800432017280691,102,0.7876893617265242,-0.3443013035990459,0.7909650582170751,0.3738084725471092,1457,8333,positive,0.4707479394476113,False
complex,12,90,1445,8243,0.008236101578586136,0.010800432017280691,102,0.7876893617265242,-0.3443013035990459,0.7909650582170751,0.3738084725471092,1457,8333,positive,0.4707479394476113,False
school,19,87,1438,8246,0.013040494166094716,0.010440417616704669,106,1.2775748547594221,0.353407823003547,0.7828079867629445,0.376283731079353,1457,8333,negative,0.4736413725484207,False
hell,34,165,1423,8168,0.023335621139327384,0.019800792031681266,199,1.196205896491457,0.2584657342527756,0.7781503248479842,0.37770743378476035,1457,8333,negative,0.47501669257601914,False
experience,102,532,1355,7801,0.07000686341798215,0.06384255370214809,634,1.1078548012531106,0.14776880987189017,0.7780678769703201,0.3777327037738787,1457,8333,negative,0.47501669257601914,False
tool,6,23,1451,8310,0.004118050789293068,0.002760110404416177,29,1.5836368833415175,0.6632415736389194,0.7743061762266633,0.37888819006004454,1457,8333,negative,0.4760206949576243,False
handle,6,23,1451,8310,0.004118050789293068,0.002760110404416177,29,1.5836368833415175,0.6632415736389194,0.7743061762266633,0.37888819006004454,1457,8333,negative,0.4760206949576243,False
stage,15,109,1442,8224,0.01029512697323267,0.013080523220928838,124,0.8070701075473042,-0.3092340937291877,0.7693945786711037,0.3804044094334914,1457,8333,positive,0.4770486164442155,False
refreshing,3,29,1454,8304,0.002059025394646534,0.0034801392055682227,32,0.6774009357283941,-0.5619181151858188,0.7687596024440305,0.38060105295455604,1457,8333,positive,0.4770486164442155,False
inspiration,3,29,1454,8304,0.002059025394646534,0.0034801392055682227,32,0.6774009357283941,-0.5619181151858188,0.7687596024440305,0.38060105295455604,1457,8333,positive,0.4770486164442155,False
dedicated,3,29,1454,8304,0.002059025394646534,0.0034801392055682227,32,0.6774009357283941,-0.5619181151858188,0.7687596024440305,0.38060105295455604,1457,8333,positive,0.4770486164442155,False
stars,3,29,1454,8304,0.002059025394646534,0.0034801392055682227,32,0.6774009357283941,-0.5619181151858188,0.7687596024440305,0.38060105295455604,1457,8333,positive,0.4770486164442155,False
living,11,47,1446,8286,0.0075497597803706245,0.005640225609024361,58,1.386937617115724,0.4719028983307382,0.7678358770868491,0.38088737477902535,1457,8333,negative,0.4771831490417676,False
attempt,12,52,1445,8281,0.008236101578586136,0.0062402496099844,64,1.364085585808173,0.44793416514464784,0.7606520492782068,0.38312454251318284,1457,8333,negative,0.47917220867485977,False
regardless,5,43,1452,8290,0.0034317089910775567,0.00516020640825633,48,0.7216689417769601,-0.470590927568005,0.7594369656765071,0.38350478023948165,1457,8333,positive,0.47917220867485977,False
solution,5,43,1452,8290,0.0034317089910775567,0.00516020640825633,48,0.7216689417769601,-0.470590927568005,0.7594369656765071,0.38350478023948165,1457,8333,positive,0.47917220867485977,False
originally,5,43,1452,8290,0.0034317089910775567,0.00516020640825633,48,0.7216689417769601,-0.470590927568005,0.7594369656765071,0.38350478023948165,1457,8333,positive,0.47917220867485977,False
eventually,13,57,1444,8276,0.008922443376801648,0.006840273610944437,70,1.3452255180820805,0.427848051254335,0.7573760934093471,0.3841509169165,1457,8333,negative,0.47917220867485977,False
knew,14,62,1443,8271,0.009608785175017159,0.007440297611904476,76,1.329399376515414,0.4107745823884655,0.7570870286216916,0.3842416697436101,1457,8333,negative,0.47917220867485977,False
structure,4,36,1453,8297,0.002745367192862045,0.004320172806912276,40,0.703804232579838,-0.5067539046082797,0.7558453177047941,0.3846318554254313,1457,8333,positive,0.47917220867485977,False
solving,4,36,1453,8297,0.002745367192862045,0.004320172806912276,40,0.703804232579838,-0.5067539046082797,0.7558453177047941,0.3846318554254313,1457,8333,positive,0.47917220867485977,False
beating,4,36,1453,8297,0.002745367192862045,0.004320172806912276,40,0.703804232579838,-0.5067539046082797,0.7558453177047941,0.3846318554254313,1457,8333,positive,0.47917220867485977,False
loves,4,36,1453,8297,0.002745367192862045,0.004320172806912276,40,0.703804232579838,-0.5067539046082797,0.7558453177047941,0.3846318554254313,1457,8333,positive,0.47917220867485977,False
memory,4,36,1453,8297,0.002745367192862045,0.004320172806912276,40,0.703804232579838,-0.5067539046082797,0.7558453177047941,0.3846318554254313,1457,8333,positive,0.47917220867485977,False
spoil,4,36,1453,8297,0.002745367192862045,0.004320172806912276,40,0.703804232579838,-0.5067539046082797,0.7558453177047941,0.3846318554254313,1457,8333,positive,0.47917220867485977,False
rare,8,63,1449,8270,0.00549073438572409,0.007560302412096484,71,0.7637632308724431,-0.38880262755177236,0.7377735935692579,0.3903750101860161,1457,8333,positive,0.4860998492087431,False
scary,7,28,1450,8305,0.004804392587508579,0.003360134405376215,35,1.5068306754476677,0.5915173084973315,0.7261694607012813,0.3941276402351306,1457,8333,negative,0.4898574773272066,False
consistent,7,28,1450,8305,0.004804392587508579,0.003360134405376215,35,1.5068306754476677,0.5915173084973315,0.7261694607012813,0.3941276402351306,1457,8333,negative,0.4898574773272066,False
behavior,7,28,1450,8305,0.004804392587508579,0.003360134405376215,35,1.5068306754476677,0.5915173084973315,0.7261694607012813,0.3941276402351306,1457,8333,negative,0.4898574773272066,False
following,7,28,1450,8305,0.004804392587508579,0.003360134405376215,35,1.5068306754476677,0.5915173084973315,0.7261694607012813,0.3941276402351306,1457,8333,negative,0.4898574773272066,False
makes,87,452,1370,7881,0.05971173644474949,0.054242169686787474,539,1.112037184477174,0.15320502993542887,0.7131354636331103,0.3984048749882879,1457,8333,negative,0.49494286892766803,False
forget,7,56,1450,8277,0.004804392587508579,0.00672026881075243,63,0.7575202935820117,-0.40064355672030494,0.7119656739376867,0.3987920271439463,1457,8333,positive,0.49496254393191846,False
written,7,56,1450,8277,0.004804392587508579,0.00672026881075243,63,0.7575202935820117,-0.40064355672030494,0.7119656739376867,0.3987920271439463,1457,8333,positive,0.49496254393191846,False
excited,13,95,1444,8238,0.008922443376801648,0.01140045601824073,108,0.8062337916523952,-0.3107298427977632,0.6980102928247834,0.4034530734037762,1457,8333,positive,0.4994681906407147,False
image,2,21,1455,8312,0.0013726835964310226,0.002520100804032161,23,0.6640809120177674,-0.5905690637742247,0.6966222135581012,0.40392101238611433,1457,8333,positive,0.4994681906407147,False
physical,2,21,1455,8312,0.0013726835964310226,0.002520100804032161,23,0.6640809120177674,-0.5905690637742247,0.6966222135581012,0.40392101238611433,1457,8333,positive,0.4994681906407147,False
readable,2,21,1455,8312,0.0013726835964310226,0.002520100804032161,23,0.6640809120177674,-0.5905690637742247,0.6966222135581012,0.40392101238611433,1457,8333,positive,0.4994681906407147,False
fluid,2,21,1455,8312,0.0013726835964310226,0.002520100804032161,23,0.6640809120177674,-0.5905690637742247,0.6966222135581012,0.40392101238611433,1457,8333,positive,0.4994681906407147,False
adult,2,21,1455,8312,0.0013726835964310226,0.002520100804032161,23,0.6640809120177674,-0.5905690637742247,0.6966222135581012,0.40392101238611433,1457,8333,positive,0.4994681906407147,False
sci,2,21,1455,8312,0.0013726835964310226,0.002520100804032161,23,0.6640809120177674,-0.5905690637742247,0.6966222135581012,0.40392101238611433,1457,8333,positive,0.4994681906407147,False
genuine,2,21,1455,8312,0.0013726835964310226,0.002520100804032161,23,0.6640809120177674,-0.5905690637742247,0.6966222135581012,0.40392101238611433,1457,8333,positive,0.4994681906407147,False
gear,18,83,1439,8250,0.012354152367879203,0.009960398415936638,101,1.2698541784094195,0.3446628370256172,0.6959888984251342,0.4041347737387948,1457,8333,negative,0.4995008376391409,False
active,6,49,1451,8284,0.004118050789293068,0.005880235209408376,55,0.7494754642532803,-0.4160468457729604,0.689362562811436,0.40638128137388546,1457,8333,positive,0.5011158631557717,False
deserves,6,49,1451,8284,0.004118050789293068,0.005880235209408376,55,0.7494754642532803,-0.4160468457729604,0.689362562811436,0.40638128137388546,1457,8333,positive,0.5011158631557717,False
begin,6,49,1451,8284,0.004118050789293068,0.005880235209408376,55,0.7494754642532803,-0.4160468457729604,0.689362562811436,0.40638128137388546,1457,8333,positive,0.5011158631557717,False
flying,6,49,1451,8284,0.004118050789293068,0.005880235209408376,55,0.7494754642532803,-0.4160468457729604,0.689362562811436,0.40638128137388546,1457,8333,positive,0.5011158631557717,False
engaged,6,49,1451,8284,0.004118050789293068,0.005880235209408376,55,0.7494754642532803,-0.4160468457729604,0.689362562811436,0.40638128137388546,1457,8333,positive,0.5011158631557717,False
personal,16,73,1441,8260,0.01098146877144818,0.00876035041401656,89,1.2864363227080635,0.36338004689921705,0.6791731637907882,0.40987158764067155,1457,8333,negative,0.5051861547156867,False
ridiculously,5,19,1452,8314,0.0034317089910775567,0.002280091203648146,24,1.6145372699589566,0.6911207444912884,0.672562102611843,0.4121597651210973,1457,8333,negative,0.5065581879424041,False
succeeded,5,19,1452,8314,0.0034317089910775567,0.002280091203648146,24,1.6145372699589566,0.6911207444912884,0.672562102611843,0.4121597651210973,1457,8333,negative,0.5065581879424041,False
pain,5,19,1452,8314,0.0034317089910775567,0.002280091203648146,24,1.6145372699589566,0.6911207444912884,0.672562102611843,0.4121597651210973,1457,8333,negative,0.5065581879424041,False
npc,5,19,1452,8314,0.0034317089910775567,0.002280091203648146,24,1.6145372699589566,0.6911207444912884,0.672562102611843,0.4121597651210973,1457,8333,negative,0.5065581879424041,False
bounce,5,19,1452,8314,0.0034317089910775567,0.002280091203648146,24,1.6145372699589566,0.6911207444912884,0.672562102611843,0.4121597651210973,1457,8333,negative,0.5065581879424041,False
power,15,68,1442,8265,0.01029512697323267,0.008160326413056522,83,1.2965654214474567,0.3746950028102615,0.6723495516104048,0.4122336438501037,1457,8333,negative,0.5065581879424041,False
themes,5,42,1452,8291,0.0034317089910775567,0.005040201608064322,47,0.7387384833451452,-0.4368643604944604,0.671569878177125,0.41250481096135005,1457,8333,positive,0.5065581879424041,False
filled,5,42,1452,8291,0.0034317089910775567,0.005040201608064322,47,0.7387384833451452,-0.4368643604944604,0.671569878177125,0.41250481096135005,1457,8333,positive,0.5065581879424041,False
fire,10,43,1447,8290,0.0068634179821551134,0.00516020640825633,53,1.3824906199749867,0.46726969198875035,0.6681589420976052,0.41369422085777297,1457,8333,negative,0.5077848953990897,False
onto,14,63,1443,8270,0.009608785175017159,0.007560302412096484,77,1.308305763823166,0.3876997521508754,0.6669052546509698,0.4141326612818045,1457,8333,negative,0.5079189882128383,False
deliver,3,28,1454,8305,0.002059025394646534,0.003360134405376215,31,0.7012538220766767,-0.5119913659558918,0.665126088494139,0.4147560530155097,1457,8333,positive,0.5079189882128383,False
media,3,28,1454,8305,0.002059025394646534,0.003360134405376215,31,0.7012538220766767,-0.5119913659558918,0.665126088494139,0.4147560530155097,1457,8333,positive,0.5079189882128383,False
phone,3,28,1454,8305,0.002059025394646534,0.003360134405376215,31,0.7012538220766767,-0.5119913659558918,0.665126088494139,0.4147560530155097,1457,8333,positive,0.5079189882128383,False
attempts,3,28,1454,8305,0.002059025394646534,0.003360134405376215,31,0.7012538220766767,-0.5119913659558918,0.665126088494139,0.4147560530155097,1457,8333,positive,0.5079189882128383,False
curve,8,62,1449,8271,0.00549073438572409,0.007440297611904476,70,0.7760772680234563,-0.3657277973141823,0.6639784269672582,0.4151589125949867,1457,8333,positive,0.5081344033635969,False
aside,11,48,1446,8285,0.0075497597803706245,0.005760230409216369,59,1.3581770430580749,0.4416715521112179,0.6629973655655799,0.41550375068741235,1457,8333,negative,0.5081344033635969,False
grab,11,48,1446,8285,0.0075497597803706245,0.005760230409216369,59,1.3581770430580749,0.4416715521112179,0.6629973655655799,0.41550375068741235,1457,8333,negative,0.5081344033635969,False
placement,4,35,1453,8298,0.002745367192862045,0.004200168006720269,39,0.7237169144900362,-0.466502604658995,0.6615107902910436,0.41602708367778873,1457,8333,positive,0.5085411302544635,False
achievement,13,94,1444,8239,0.008922443376801648,0.011280451218048722,107,0.8148642634623943,-0.2953683333825702,0.6378820859646513,0.42447876662623724,1457,8333,positive,0.5186344600483723,False
wait,37,243,1420,8090,0.02539464653397392,0.029161166446657866,280,0.8771349706953114,-0.18912923788387515,0.6332651852910062,0.42616014599805163,1457,8333,positive,0.5204502744987658,False
biggest,11,81,1446,8252,0.0075497597803706245,0.009720388815552622,92,0.8050212168572756,-0.31290128799376593,0.6276894573032702,0.428204104843387,1457,8333,positive,0.5227070254177975,False
cos,6,24,1451,8309,0.004118050789293068,0.0028801152046081845,30,1.5188158625489465,0.6029469716896001,0.6221120979924765,0.43026349840073885,1457,8333,negative,0.5245004511826107,False
odd,6,24,1451,8309,0.004118050789293068,0.0028801152046081845,30,1.5188158625489465,0.6029469716896001,0.6221120979924765,0.43026349840073885,1457,8333,negative,0.5245004511826107,False
falling,6,24,1451,8309,0.004118050789293068,0.0028801152046081845,30,1.5188158625489465,0.6029469716896001,0.6221120979924765,0.43026349840073885,1457,8333,negative,0.5245004511826107,False
powerful,6,48,1451,8285,0.004118050789293068,0.005760230409216369,54,0.7650208991054401,-0.386428934501765,0.6096921684228089,0.43490373770998725,1457,8333,positive,0.5296726197966314,False
listen,6,48,1451,8285,0.004118050789293068,0.005760230409216369,54,0.7650208991054401,-0.386428934501765,0.6096921684228089,0.43490373770998725,1457,8333,positive,0.5296726197966314,False
executed,7,29,1450,8304,0.004804392587508579,0.0034801392055682227,36,1.4555763938793753,0.5415905592674045,0.5936091065621362,0.4410268833673145,1457,8333,negative,0.5368473451610599,False
managed,8,61,1449,8272,0.00549073438572409,0.007320292811712469,69,0.7887917616671855,-0.3422836109503963,0.5931658744006143,0.44119749934279157,1457,8333,positive,0.5368473451610599,False
universe,5,41,1452,8292,0.0034317089910775567,0.004920196807872315,46,0.7566306534226407,-0.4023388693261341,0.5875422297062955,0.4433711000722379,1457,8333,positive,0.5387782385980142,False
revolves,2,20,1455,8313,0.0013726835964310226,0.0024000960038401535,22,0.6965588893264405,-0.521682766830758,0.5838548684131416,0.4448052900053373,1457,8333,positive,0.5387782385980142,False
simplified,2,20,1455,8313,0.0013726835964310226,0.0024000960038401535,22,0.6965588893264405,-0.521682766830758,0.5838548684131416,0.4448052900053373,1457,8333,positive,0.5387782385980142,False
flexible,2,20,1455,8313,0.0013726835964310226,0.0024000960038401535,22,0.6965588893264405,-0.521682766830758,0.5838548684131416,0.4448052900053373,1457,8333,positive,0.5387782385980142,False
frustrations,2,20,1455,8313,0.0013726835964310226,0.0024000960038401535,22,0.6965588893264405,-0.521682766830758,0.5838548684131416,0.4448052900053373,1457,8333,positive,0.5387782385980142,False
flash,2,20,1455,8313,0.0013726835964310226,0.0024000960038401535,22,0.6965588893264405,-0.521682766830758,0.5838548684131416,0.4448052900053373,1457,8333,positive,0.5387782385980142,False
casually,2,20,1455,8313,0.0013726835964310226,0.0024000960038401535,22,0.6965588893264405,-0.521682766830758,0.5838548684131416,0.4448052900053373,1457,8333,positive,0.5387782385980142,False
silent,2,20,1455,8313,0.0013726835964310226,0.0024000960038401535,22,0.6965588893264405,-0.521682766830758,0.5838548684131416,0.4448052900053373,1457,8333,positive,0.5387782385980142,False
trouble,2,20,1455,8313,0.0013726835964310226,0.0024000960038401535,22,0.6965588893264405,-0.521682766830758,0.5838548684131416,0.4448052900053373,1457,8333,positive,0.5387782385980142,False
breath,2,20,1455,8313,0.0013726835964310226,0.0024000960038401535,22,0.6965588893264405,-0.521682766830758,0.5838548684131416,0.4448052900053373,1457,8333,positive,0.5387782385980142,False
certain,20,137,1437,8196,0.013726835964310227,0.016440657626305054,157,0.8501033992094862,-0.23428976604372614,0.5788219901751285,0.4467744339439147,1457,8333,positive,0.540917638916656,False
tools,4,34,1453,8299,0.002745367192862045,0.004080163206528261,38,0.7447839547718401,-0.42510610230811335,0.5714735549341491,0.44967395838094965,1457,8333,positive,0.5436745046692925,False
appealing,4,34,1453,8299,0.002745367192862045,0.004080163206528261,38,0.7447839547718401,-0.42510610230811335,0.5714735549341491,0.44967395838094965,1457,8333,positive,0.5436745046692925,False
multi,4,34,1453,8299,0.002745367192862045,0.004080163206528261,38,0.7447839547718401,-0.42510610230811335,0.5714735549341491,0.44967395838094965,1457,8333,positive,0.5436745046692925,False
ask,12,54,1445,8279,0.008236101578586136,0.006480259210368415,66,1.3137100587397141,0.3936469020111637,0.5709864316646474,0.4498672007878691,1457,8333,negative,0.5436745046692925,False
carry,9,39,1448,8294,0.0061770761839396015,0.0046801872074883,48,1.377203829365166,0.4617420974918967,0.5695520810367358,0.4504369623490781,1457,8333,negative,0.5441164212155153,False
color,10,44,1447,8289,0.0068634179821551134,0.0052802112084483375,54,1.3512604063573384,0.434305728518531,0.5666887342794898,0.45157773355153613,1457,8333,negative,0.5444469661186672,False
increasing,3,27,1454,8306,0.002059025394646534,0.0032401296051842074,30,0.7268414637957437,-0.46028737219726507,0.5663031645201134,0.45173169131826396,1457,8333,positive,0.5444469661186672,False
figuring,3,27,1454,8306,0.002059025394646534,0.0032401296051842074,30,0.7268414637957437,-0.46028737219726507,0.5663031645201134,0.45173169131826396,1457,8333,positive,0.5444469661186672,False
texture,3,27,1454,8306,0.002059025394646534,0.0032401296051842074,30,0.7268414637957437,-0.46028737219726507,0.5663031645201134,0.45173169131826396,1457,8333,positive,0.5444469661186672,False
simulation,3,27,1454,8306,0.002059025394646534,0.0032401296051842074,30,0.7268414637957437,-0.46028737219726507,0.5663031645201134,0.45173169131826396,1457,8333,positive,0.5444469661186672,False
ender,7,54,1450,8279,0.004804392587508579,0.006480259210368415,61,0.7855089513581207,-0.34830037887599036,0.5625025427384945,0.4532536838038847,1457,8333,positive,0.5460344875829899,False
create,19,130,1438,8203,0.013040494166094716,0.015600624024960999,149,0.8521448347776059,-0.23082943596547656,0.5423245490190087,0.4614709514409793,1457,8333,positive,0.555682726531911,False
premise,6,47,1451,8286,0.004118050789293068,0.005640225609024361,53,0.7812208785829541,-0.3561975882822446,0.5336686026214245,0.4650685732616252,1457,8333,positive,0.559761993821893,False
https,16,75,1441,8258,0.01098146877144818,0.009000360014400577,91,1.2520553231664036,0.3242983104290414,0.5285570977144745,0.4672141179941731,1457,8333,negative,0.5620906311247589,False
significant,8,60,1449,8273,0.00549073438572409,0.007200288011520461,68,0.8019265691503767,-0.31845795692628687,0.5254659181243245,0.4685193443450637,1457,8333,positive,0.5631526474409106,False
directly,8,60,1449,8273,0.00549073438572409,0.007200288011520461,68,0.8019265691503767,-0.31845795692628687,0.5254659181243245,0.4685193443450637,1457,8333,positive,0.5631526474409106,False
said,27,179,1430,8154,0.018531228551818806,0.021480859234369376,206,0.8733286664673999,-0.1954033983656764,0.5237992647000029,0.46922550807779,1457,8333,positive,0.563747275590531,False
wish,39,252,1418,8081,0.026767330130404943,0.030241209648385937,291,0.8912475526720808,-0.1661018849046937,0.5189222026440722,0.47130180208762773,1457,8333,positive,0.5648507567860114,False
plan,5,20,1452,8313,0.0034317089910775567,0.0024000960038401535,25,1.53559464338189,0.6187974327500515,0.5181612968430253,0.4716270759961221,1457,8333,negative,0.5648507567860114,False
managing,5,20,1452,8313,0.0034317089910775567,0.0024000960038401535,25,1.53559464338189,0.6187974327500515,0.5181612968430253,0.4716270759961221,1457,8333,negative,0.5648507567860114,False
saved,5,20,1452,8313,0.0034317089910775567,0.0024000960038401535,25,1.53559464338189,0.6187974327500515,0.5181612968430253,0.4716270759961221,1457,8333,negative,0.5648507567860114,False
hint,5,20,1452,8313,0.0034317089910775567,0.0024000960038401535,25,1.53559464338189,0.6187974327500515,0.5181612968430253,0.4716270759961221,1457,8333,negative,0.5648507567860114,False
objectives,5,20,1452,8313,0.0034317089910775567,0.0024000960038401535,25,1.53559464338189,0.6187974327500515,0.5181612968430253,0.4716270759961221,1457,8333,negative,0.5648507567860114,False
word,5,20,1452,8313,0.0034317089910775567,0.0024000960038401535,25,1.53559464338189,0.6187974327500515,0.5181612968430253,0.4716270759961221,1457,8333,negative,0.5648507567860114,False
year,24,117,1433,8216,0.016472203157172273,0.014040561622464899,141,1.1951361420121855,0.2571749698532767,0.516584429912285,0.472302314780458,1457,8333,negative,0.5654054652917382,False
fact,20,96,1437,8237,0.013726835964310227,0.011520460818432738,116,1.2173462491552152,0.28373957141367984,0.5156301059559135,0.4727117306774281,1457,8333,negative,0.5656415951463301,False
spoilers,5,40,1452,8293,0.0034317089910775567,0.004800192007680307,45,0.7754063874545802,-0.36697547546619314,0.5076075724101649,0.47617635771898037,1457,8333,positive,0.5694214141693168,False
graphics,60,378,1397,7955,0.04118050789293068,0.0453618144725789,438,0.9099240718115714,-0.1361819295662377,0.507328243259447,0.4762977320320992,1457,8333,positive,0.5694214141693168,False
levels,55,284,1402,8049,0.03774879890185312,0.03408136325453018,339,1.1196357245566384,0.1630294252660932,0.49898922534430284,0.4799445847712357,1457,8333,negative,0.5735240981623103,False
management,9,66,1448,8267,0.0061770761839396015,0.007920316812672508,75,0.8153755116129987,-0.29446346624953024,0.4957403116978166,0.48137779585017104,1457,8333,positive,0.5749790339321488,False
fully,15,104,1442,8229,0.01029512697323267,0.0124804992199688,119,0.846200028194008,-0.24092936112484706,0.4932602600721212,0.4824765704786332,1457,8333,positive,0.575928667152732,False
asks,6,25,1451,8308,0.004118050789293068,0.003000120004800192,31,1.4590788433871653,0.5450578434274118,0.491028211266538,0.48346900115821995,1457,8333,negative,0.575928667152732,False
correct,6,25,1451,8308,0.004118050789293068,0.003000120004800192,31,1.4590788433871653,0.5450578434274118,0.491028211266538,0.48346900115821995,1457,8333,negative,0.575928667152732,False
dollars,6,25,1451,8308,0.004118050789293068,0.003000120004800192,31,1.4590788433871653,0.5450578434274118,0.491028211266538,0.48346900115821995,1457,8333,negative,0.575928667152732,False
monsters,6,25,1451,8308,0.004118050789293068,0.003000120004800192,31,1.4590788433871653,0.5450578434274118,0.491028211266538,0.48346900115821995,1457,8333,negative,0.575928667152732,False
ghosts,6,25,1451,8308,0.004118050789293068,0.003000120004800192,31,1.4590788433871653,0.5450578434274118,0.491028211266538,0.48346900115821995,1457,8333,negative,0.575928667152732,False
maps,18,86,1439,8247,0.012354152367879203,0.01032041281651266,104,1.2253672698652993,0.2932142218810838,0.4880412050430984,0.48480238150068755,1457,8333,negative,0.5771356367855206,False
continue,12,85,1445,8248,0.008236101578586136,0.010200408016320653,97,0.8342587704127146,-0.2614331466060246,0.48778917514739994,0.48491516369076,1457,8333,positive,0.5771356367855206,False
alright,4,33,1453,8300,0.002745367192862045,0.003960158406336254,37,0.7671087288018114,-0.3824970173078814,0.48607911466667064,0.4856815544342011,1457,8333,positive,0.5777898367343062,False
itll,11,50,1446,8283,0.0075497597803706245,0.006000240009600384,61,1.3040729928506158,0.3830246237686774,0.48088345007242206,0.4880224223475262,1457,8333,negative,0.579531386909344,False
escalating,2,19,1455,8314,0.0013726835964310226,0.002280091203648146,21,0.7323679412308749,-0.44935945508952113,0.47706664458165116,0.489754019019787,1457,8333,positive,0.579531386909344,False
format,2,19,1455,8314,0.0013726835964310226,0.002280091203648146,21,0.7323679412308749,-0.44935945508952113,0.47706664458165116,0.489754019019787,1457,8333,positive,0.579531386909344,False
discovery,2,19,1455,8314,0.0013726835964310226,0.002280091203648146,21,0.7323679412308749,-0.44935945508952113,0.47706664458165116,0.489754019019787,1457,8333,positive,0.579531386909344,False
evolved,2,19,1455,8314,0.0013726835964310226,0.002280091203648146,21,0.7323679412308749,-0.44935945508952113,0.47706664458165116,0.489754019019787,1457,8333,positive,0.579531386909344,False
cyberpunk,2,19,1455,8314,0.0013726835964310226,0.002280091203648146,21,0.7323679412308749,-0.44935945508952113,0.47706664458165116,0.489754019019787,1457,8333,positive,0.579531386909344,False
editor,2,19,1455,8314,0.0013726835964310226,0.002280091203648146,21,0.7323679412308749,-0.44935945508952113,0.47706664458165116,0.489754019019787,1457,8333,positive,0.579531386909344,False
punch,2,19,1455,8314,0.0013726835964310226,0.002280091203648146,21,0.7323679412308749,-0.44935945508952113,0.47706664458165116,0.489754019019787,1457,8333,positive,0.579531386909344,False
dive,2,19,1455,8314,0.0013726835964310226,0.002280091203648146,21,0.7323679412308749,-0.44935945508952113,0.47706664458165116,0.489754019019787,1457,8333,positive,0.579531386909344,False
chests,2,19,1455,8314,0.0013726835964310226,0.002280091203648146,21,0.7323679412308749,-0.44935945508952113,0.47706664458165116,0.489754019019787,1457,8333,positive,0.579531386909344,False
unlockable,2,19,1455,8314,0.0013726835964310226,0.002280091203648146,21,0.7323679412308749,-0.44935945508952113,0.47706664458165116,0.489754019019787,1457,8333,positive,0.579531386909344,False
deaf,2,19,1455,8314,0.0013726835964310226,0.002280091203648146,21,0.7323679412308749,-0.44935945508952113,0.47706664458165116,0.489754019019787,1457,8333,positive,0.579531386909344,False
landing,3,26,1454,8307,0.002059025394646534,0.0031201248049922,29,0.7543602482860609,-0.40667444102650757,0.47278475162275146,0.49170883449185077,1457,8333,positive,0.5802689423934188,False
theyve,3,26,1454,8307,0.002059025394646534,0.0031201248049922,29,0.7543602482860609,-0.40667444102650757,0.47278475162275146,0.49170883449185077,1457,8333,positive,0.5802689423934188,False
unlocking,3,26,1454,8307,0.002059025394646534,0.0031201248049922,29,0.7543602482860609,-0.40667444102650757,0.47278475162275146,0.49170883449185077,1457,8333,positive,0.5802689423934188,False
sized,3,26,1454,8307,0.002059025394646534,0.0031201248049922,29,0.7543602482860609,-0.40667444102650757,0.47278475162275146,0.49170883449185077,1457,8333,positive,0.5802689423934188,False
separate,3,26,1454,8307,0.002059025394646534,0.0031201248049922,29,0.7543602482860609,-0.40667444102650757,0.47278475162275146,0.49170883449185077,1457,8333,positive,0.5802689423934188,False
interaction,8,35,1449,8298,0.00549073438572409,0.004200168006720269,43,1.3707932312745046,0.45501097322387246,0.4723510636824701,0.4919075530821153,1457,8333,negative,0.5802689423934188,False
worked,9,40,1448,8293,0.0061770761839396015,0.004800192007680307,49,1.3430368580523913,0.42549889836158283,0.4721052388758974,0.4920202512355527,1457,8333,negative,0.5802689423934188,False
choice,21,102,1436,8231,0.014413177762525738,0.012240489619584783,123,1.2019542757209682,0.26538201464700056,0.47189087989113926,0.49211855917161285,1457,8333,negative,0.5802689423934188,False
geometry,6,46,1451,8287,0.004118050789293068,0.005520220808832354,52,0.7981176313713289,-0.3253266997062885,0.46150017026816875,0.4969236999912312,1457,8333,positive,0.5843083892177731,False
press,6,46,1451,8287,0.004118050789293068,0.005520220808832354,52,0.7981176313713289,-0.3253266997062885,0.46150017026816875,0.4969236999912312,1457,8333,positive,0.5843083892177731,False
regret,6,46,1451,8287,0.004118050789293068,0.005520220808832354,52,0.7981176313713289,-0.3253266997062885,0.46150017026816875,0.4969236999912312,1457,8333,positive,0.5843083892177731,False
presented,6,46,1451,8287,0.004118050789293068,0.005520220808832354,52,0.7981176313713289,-0.3253266997062885,0.46150017026816875,0.4969236999912312,1457,8333,positive,0.5843083892177731,False
released,16,76,1441,8257,0.01098146877144818,0.009120364814592583,92,1.2355389606414886,0.3051405043437825,0.46143962228785174,0.4969519313073337,1457,8333,negative,0.5843083892177731,False
npcs,8,59,1449,8274,0.00549073438572409,0.007080283211328453,67,0.8155028827674567,-0.2942381180765509,0.46101630119759857,0.4971493861520808,1457,8333,positive,0.5843083892177731,False
range,8,59,1449,8274,0.00549073438572409,0.007080283211328453,67,0.8155028827674567,-0.2942381180765509,0.46101630119759857,0.4971493861520808,1457,8333,positive,0.5843083892177731,False
those,68,424,1389,7909,0.04667124227865477,0.050882035281411254,492,0.9185511731728498,-0.12256799769208512,0.4606984657553579,0.4972977251069495,1457,8333,positive,0.5843083892177731,False
often,26,171,1431,8162,0.017844886753603295,0.020520820832833315,197,0.8810764463462147,-0.18266089528781063,0.4503744821959429,0.5021571723779461,1457,8333,positive,0.5897581592773588,False
found,49,253,1408,8080,0.033630748112560054,0.030361214448577943,302,1.1202336616443276,0.16379968526159,0.4434387415494504,0.5054673739709968,1457,8333,negative,0.5933844205225353,False
class,14,66,1443,8267,0.009608785175017159,0.007920316812672508,80,1.2488312919465272,0.3205785924688777,0.43623475538202866,0.508945399672349,1457,8333,negative,0.5972044170451066,False
purpose,9,65,1448,8268,0.0061770761839396015,0.0078003120124804995,74,0.8279241226117041,-0.27242954086795745,0.4355997677694836,0.5092539422432497,1457,8333,positive,0.5973035679808639,False
introduced,4,16,1453,8317,0.002745367192862045,0.0019200768030721229,20,1.5606529693217,0.6421497717178501,0.4143168936476677,0.5197865129465067,1457,8333,negative,0.6077854576821872,False
primarily,4,16,1453,8317,0.002745367192862045,0.0019200768030721229,20,1.5606529693217,0.6421497717178501,0.4143168936476677,0.5197865129465067,1457,8333,negative,0.6077854576821872,False
flaws,4,16,1453,8317,0.002745367192862045,0.0019200768030721229,20,1.5606529693217,0.6421497717178501,0.4143168936476677,0.5197865129465067,1457,8333,negative,0.6077854576821872,False
existing,4,16,1453,8317,0.002745367192862045,0.0019200768030721229,20,1.5606529693217,0.6421497717178501,0.4143168936476677,0.5197865129465067,1457,8333,negative,0.6077854576821872,False
hated,4,16,1453,8317,0.002745367192862045,0.0019200768030721229,20,1.5606529693217,0.6421497717178501,0.4143168936476677,0.5197865129465067,1457,8333,negative,0.6077854576821872,False
ten,4,16,1453,8317,0.002745367192862045,0.0019200768030721229,20,1.5606529693217,0.6421497717178501,0.4143168936476677,0.5197865129465067,1457,8333,negative,0.6077854576821872,False
hunting,4,16,1453,8317,0.002745367192862045,0.0019200768030721229,20,1.5606529693217,0.6421497717178501,0.4143168936476677,0.5197865129465067,1457,8333,negative,0.6077854576821872,False
company,4,32,1453,8301,0.002745367192862045,0.0038401536061442457,36,0.7908073350797808,-0.3386018421382149,0.4057113629802794,0.5241543137388638,1457,8333,positive,0.6126240247381898,False
hits,11,51,1446,8282,0.0075497597803706245,0.0061202448097923915,62,1.2785968138694337,0.3545614039125717,0.4027224030888446,0.5256866332456367,1457,8333,negative,0.6141457336690918,False
works,30,194,1427,8139,0.02059025394646534,0.02328093123724949,224,0.8941324245111855,-0.1614395788731888,0.4015951480638952,0.5262666037981403,1457,8333,positive,0.6142849236978292,False
clear,30,194,1427,8139,0.02059025394646534,0.02328093123724949,224,0.8941324245111855,-0.1614395788731888,0.4015951480638952,0.5262666037981403,1457,8333,positive,0.6142849236978292,False
linear,8,58,1449,8275,0.00549073438572409,0.0069602784111364455,66,0.8295433438586249,-0.26961073054021206,0.39996311542322155,0.5271083062082527,1457,8333,positive,0.6147291095149613,False
heavy,8,58,1449,8275,0.00549073438572409,0.0069602784111364455,66,0.8295433438586249,-0.26961073054021206,0.39996311542322155,0.5271083062082527,1457,8333,positive,0.6147291095149613,False
exploration,21,139,1436,8194,0.014413177762525738,0.016680667226689067,160,0.879186643162705,-0.18575862624046283,0.3966321473552682,0.5288337018355053,1457,8333,positive,0.6164716436788181,False
resource,6,45,1451,8288,0.004118050789293068,0.005400216008640346,51,0.8157570985679838,-0.2937884584491446,0.39341151473493297,0.5305115937847775,1457,8333,positive,0.6178890510542975,False
words,10,46,1447,8287,0.0068634179821551134,0.005520220808832354,56,1.292829684104964,0.37053222868144237,0.3934085505333674,0.5305131424843537,1457,8333,negative,0.6178890510542975,False
saving,5,21,1452,8312,0.0034317089910775567,0.002520100804032161,26,1.463995516951527,0.5499111358065848,0.38909794797686353,0.5327739399981307,1457,8333,negative,0.6187878196869587,False
cutscene,5,21,1452,8312,0.0034317089910775567,0.002520100804032161,26,1.463995516951527,0.5499111358065848,0.38909794797686353,0.5327739399981307,1457,8333,negative,0.6187878196869587,False
jumping,5,21,1452,8312,0.0034317089910775567,0.002520100804032161,26,1.463995516951527,0.5499111358065848,0.38909794797686353,0.5327739399981307,1457,8333,negative,0.6187878196869587,False
pulling,5,21,1452,8312,0.0034317089910775567,0.002520100804032161,26,1.463995516951527,0.5499111358065848,0.38909794797686353,0.5327739399981307,1457,8333,negative,0.6187878196869587,False
anyway,9,41,1448,8292,0.0061770761839396015,0.004920196807872315,50,1.3105164877667383,0.3901355045016419,0.38556878262694616,0.5346378833966492,1457,8333,negative,0.6187878196869587,False
responsive,9,41,1448,8292,0.0061770761839396015,0.004920196807872315,50,1.3105164877667383,0.3901355045016419,0.38556878262694616,0.5346378833966492,1457,8333,negative,0.6187878196869587,False
stripped,3,25,1454,8308,0.002059025394646534,0.003000120004800192,28,0.7840373688148343,-0.3510056771297208,0.38513533264142913,0.534867626299289,1457,8333,positive,0.6187878196869587,False
pulled,3,25,1454,8308,0.002059025394646534,0.003000120004800192,28,0.7840373688148343,-0.3510056771297208,0.38513533264142913,0.534867626299289,1457,8333,positive,0.6187878196869587,False
reviewer,3,25,1454,8308,0.002059025394646534,0.003000120004800192,28,0.7840373688148343,-0.3510056771297208,0.38513533264142913,0.534867626299289,1457,8333,positive,0.6187878196869587,False
extraordinary,3,25,1454,8308,0.002059025394646534,0.003000120004800192,28,0.7840373688148343,-0.3510056771297208,0.38513533264142913,0.534867626299289,1457,8333,positive,0.6187878196869587,False
exists,3,25,1454,8308,0.002059025394646534,0.003000120004800192,28,0.7840373688148343,-0.3510056771297208,0.38513533264142913,0.534867626299289,1457,8333,positive,0.6187878196869587,False
collection,3,25,1454,8308,0.002059025394646534,0.003000120004800192,28,0.7840373688148343,-0.3510056771297208,0.38513533264142913,0.534867626299289,1457,8333,positive,0.6187878196869587,False
surprises,3,25,1454,8308,0.002059025394646534,0.003000120004800192,28,0.7840373688148343,-0.3510056771297208,0.38513533264142913,0.534867626299289,1457,8333,positive,0.6187878196869587,False
achieve,3,25,1454,8308,0.002059025394646534,0.003000120004800192,28,0.7840373688148343,-0.3510056771297208,0.38513533264142913,0.534867626299289,1457,8333,positive,0.6187878196869587,False
scale,8,36,1449,8297,0.00549073438572409,0.004320172806912276,44,1.3330765923062746,0.4147596732745874,0.37979834882735014,0.5377111763927541,1457,8333,negative,0.6187878196869587,False
crowd,6,26,1451,8307,0.004118050789293068,0.0031201248049922,32,1.403850278501745,0.4893890795306251,0.37907879848738674,0.5380966605492199,1457,8333,negative,0.6187878196869587,False
victory,6,26,1451,8307,0.004118050789293068,0.0031201248049922,32,1.403850278501745,0.4893890795306251,0.37907879848738674,0.5380966605492199,1457,8333,negative,0.6187878196869587,False
sim,9,64,1448,8269,0.0061770761839396015,0.007680307212288491,73,0.8408618378274237,-0.2500593244378044,0.3786517998949627,0.53832565479135,1457,8333,positive,0.6187878196869587,False
combos,2,18,1455,8315,0.0013726835964310226,0.002160086403456138,20,0.7720482419898428,-0.3732370967398512,0.3771490198373461,0.539132995878434,1457,8333,positive,0.6187878196869587,False
ark,2,18,1455,8315,0.0013726835964310226,0.002160086403456138,20,0.7720482419898428,-0.3732370967398512,0.3771490198373461,0.539132995878434,1457,8333,positive,0.6187878196869587,False
outstanding,2,18,1455,8315,0.0013726835964310226,0.002160086403456138,20,0.7720482419898428,-0.3732370967398512,0.3771490198373461,0.539132995878434,1457,8333,positive,0.6187878196869587,False
natural,2,18,1455,8315,0.0013726835964310226,0.002160086403456138,20,0.7720482419898428,-0.3732370967398512,0.3771490198373461,0.539132995878434,1457,8333,positive,0.6187878196869587,False
expanded,2,18,1455,8315,0.0013726835964310226,0.002160086403456138,20,0.7720482419898428,-0.3732370967398512,0.3771490198373461,0.539132995878434,1457,8333,positive,0.6187878196869587,False
incremental,2,18,1455,8315,0.0013726835964310226,0.002160086403456138,20,0.7720482419898428,-0.3732370967398512,0.3771490198373461,0.539132995878434,1457,8333,positive,0.6187878196869587,False
artistic,2,18,1455,8315,0.0013726835964310226,0.002160086403456138,20,0.7720482419898428,-0.3732370967398512,0.3771490198373461,0.539132995878434,1457,8333,positive,0.6187878196869587,False
sides,2,18,1455,8315,0.0013726835964310226,0.002160086403456138,20,0.7720482419898428,-0.3732370967398512,0.3771490198373461,0.539132995878434,1457,8333,positive,0.6187878196869587,False
pattern,2,18,1455,8315,0.0013726835964310226,0.002160086403456138,20,0.7720482419898428,-0.3732370967398512,0.3771490198373461,0.539132995878434,1457,8333,positive,0.6187878196869587,False
moomin,2,18,1455,8315,0.0013726835964310226,0.002160086403456138,20,0.7720482419898428,-0.3732370967398512,0.3771490198373461,0.539132995878434,1457,8333,positive,0.6187878196869587,False
brand,2,18,1455,8315,0.0013726835964310226,0.002160086403456138,20,0.7720482419898428,-0.3732370967398512,0.3771490198373461,0.539132995878434,1457,8333,positive,0.6187878196869587,False
que,2,18,1455,8315,0.0013726835964310226,0.002160086403456138,20,0.7720482419898428,-0.3732370967398512,0.3771490198373461,0.539132995878434,1457,8333,positive,0.6187878196869587,False
decades,2,18,1455,8315,0.0013726835964310226,0.002160086403456138,20,0.7720482419898428,-0.3732370967398512,0.3771490198373461,0.539132995878434,1457,8333,positive,0.6187878196869587,False
believable,2,18,1455,8315,0.0013726835964310226,0.002160086403456138,20,0.7720482419898428,-0.3732370967398512,0.3771490198373461,0.539132995878434,1457,8333,positive,0.6187878196869587,False
obstacles,2,18,1455,8315,0.0013726835964310226,0.002160086403456138,20,0.7720482419898428,-0.3732370967398512,0.3771490198373461,0.539132995878434,1457,8333,positive,0.6187878196869587,False
related,7,31,1450,8302,0.004804392587508579,0.003720148805952238,38,1.3628305510415128,0.44660619430067555,0.3770684678030718,0.539176333508179,1457,8333,negative,0.6187878196869587,False
fight,18,88,1439,8245,0.012354152367879203,0.010560422416896675,106,1.1973849206115588,0.25988700674143533,0.3725607499257192,0.5416117381274248,1457,8333,negative,0.6213153587985003,False
life,47,295,1410,8038,0.03225806451612903,0.035401416056642265,342,0.9160898050696642,-0.12643906099970686,0.36346579108333193,0.5465876960056044,1457,8333,positive,0.6267538914197597,False
mind,20,132,1437,8201,0.013726835964310227,0.015840633625345015,152,0.8827209187858901,-0.1799707076642881,0.3625266530384665,0.5471063347251228,1457,8333,positive,0.6270788858027417,False
remain,12,57,1445,8276,0.008236101578586136,0.006840273610944437,69,1.2447174890589987,0.31581833395315717,0.3452608880475969,0.5568081646937303,1457,8333,negative,0.6379246098296025,False
manage,11,52,1446,8281,0.0075497597803706245,0.0062402496099844,63,1.2540911559922967,0.32664221697438595,0.3326150618682445,0.5641232871416912,1457,8333,negative,0.6460277850170743,False
learned,4,31,1453,8302,0.002745367192862045,0.003720148805952238,35,0.8160106147722247,-0.2933401758037706,0.3307980681764095,0.5651895340838224,1457,8333,positive,0.6461386354491727,False
service,4,31,1453,8302,0.002745367192862045,0.003720148805952238,35,0.8160106147722247,-0.2933401758037706,0.3307980681764095,0.5651895340838224,1457,8333,positive,0.6461386354491727,False
prevent,4,31,1453,8302,0.002745367192862045,0.003720148805952238,35,0.8160106147722247,-0.2933401758037706,0.3307980681764095,0.5651895340838224,1457,8333,positive,0.6461386354491727,False
strongly,4,31,1453,8302,0.002745367192862045,0.003720148805952238,35,0.8160106147722247,-0.2933401758037706,0.3307980681764095,0.5651895340838224,1457,8333,positive,0.6461386354491727,False
keep,62,328,1395,8005,0.0425531914893617,0.03936157446297852,390,1.0914485405633567,0.12624411198316224,0.33027272617874803,0.5654985411374169,1457,8333,negative,0.6462147924013517,False
loud,6,44,1451,8289,0.004118050789293068,0.0052802112084483375,50,0.8341893508071851,-0.2615531998691999,0.3296452517552559,0.5658680513870261,1457,8333,positive,0.6463599935723271,False
given,21,105,1436,8228,0.014413177762525738,0.012600504020160807,126,1.1673498811454248,0.22323703417301446,0.3207417146586094,0.5711622422288437,1457,8333,negative,0.651972017144062,False
balls,10,47,1447,8286,0.0068634179821551134,0.005640225609024361,57,1.2654595036814835,0.3396613401054863,0.3205616577489882,0.5712703045943469,1457,8333,negative,0.651972017144062,False
large,10,69,1447,8264,0.0068634179821551134,0.00828033121324853,79,0.862586200469676,-0.2132594586586898,0.3110563642417192,0.5770326803745418,1457,8333,positive,0.6582666349501619,False
exploring,9,42,1448,8291,0.0061770761839396015,0.005040201608064322,51,1.279526487847469,0.3556100133333158,0.3093030426608913,0.578108181394012,1457,8333,negative,0.6592114677486894,False
vision,3,24,1454,8309,0.002059025394646534,0.0028801152046081845,27,0.8161371114275893,-0.29311654886753263,0.30400301914188604,0.5813837023507262,1457,8333,positive,0.6612495522470291,False
backgrounds,3,24,1454,8309,0.002059025394646534,0.0028801152046081845,27,0.8161371114275893,-0.29311654886753263,0.30400301914188604,0.5813837023507262,1457,8333,positive,0.6612495522470291,False
pushing,3,24,1454,8309,0.002059025394646534,0.0028801152046081845,27,0.8161371114275893,-0.29311654886753263,0.30400301914188604,0.5813837023507262,1457,8333,positive,0.6612495522470291,False
stream,3,24,1454,8309,0.002059025394646534,0.0028801152046081845,27,0.8161371114275893,-0.29311654886753263,0.30400301914188604,0.5813837023507262,1457,8333,positive,0.6612495522470291,False
mechanically,3,24,1454,8309,0.002059025394646534,0.0028801152046081845,27,0.8161371114275893,-0.29311654886753263,0.30400301914188604,0.5813837023507262,1457,8333,positive,0.6612495522470291,False
trust,3,24,1454,8309,0.002059025394646534,0.0028801152046081845,27,0.8161371114275893,-0.29311654886753263,0.30400301914188604,0.5813837023507262,1457,8333,positive,0.6612495522470291,False
chapters,8,37,1449,8296,0.00549073438572409,0.004440177607104284,45,1.2973715074163505,0.3755916601301431,0.2991495313917889,0.5844160800188123,1457,8333,negative,0.6644150402260783,False
beats,5,37,1452,8296,0.0034317089910775567,0.004440177607104284,42,0.8377418244406196,-0.25542239271339345,0.29525930227944186,0.5868697906868698,1457,8333,positive,0.6663521558650746,False
helped,5,37,1452,8296,0.0034317089910775567,0.004440177607104284,42,0.8377418244406196,-0.25542239271339345,0.29525930227944186,0.5868697906868698,1457,8333,positive,0.6663521558650746,False
kinds,5,37,1452,8296,0.0034317089910775567,0.004440177607104284,42,0.8377418244406196,-0.25542239271339345,0.29525930227944186,0.5868697906868698,1457,8333,positive,0.6663521558650746,False
acting,16,79,1441,8254,0.01098146877144818,0.009480379215168607,95,1.188482908919561,0.24912115662970855,0.2907939813009217,0.589712177143071,1457,8333,negative,0.669148689968217,False
reset,7,32,1450,8301,0.004804392587508579,0.0038401536061442457,39,1.320738206984329,0.40134452796623116,0.29060242326180286,0.5898347417199212,1457,8333,negative,0.669148689968217,False
serious,8,56,1449,8277,0.00549073438572409,0.00672026881075243,64,0.8591152884577227,-0.21907634894188358,0.28867606173191973,0.5910701927381136,1457,8333,positive,0.6694681978187788,False
expanding,4,17,1453,8316,0.002745367192862045,0.0020400816032641305,21,1.4712958867757628,0.5570874107379707,0.2882068122754036,0.5913719451850052,1457,8333,negative,0.6694681978187788,False
frustration,4,17,1453,8316,0.002745367192862045,0.0020400816032641305,21,1.4712958867757628,0.5570874107379707,0.2882068122754036,0.5913719451850052,1457,8333,negative,0.6694681978187788,False
indeed,4,17,1453,8316,0.002745367192862045,0.0020400816032641305,21,1.4712958867757628,0.5570874107379707,0.2882068122754036,0.5913719451850052,1457,8333,negative,0.6694681978187788,False
relies,4,17,1453,8316,0.002745367192862045,0.0020400816032641305,21,1.4712958867757628,0.5570874107379707,0.2882068122754036,0.5913719451850052,1457,8333,negative,0.6694681978187788,False
handful,6,27,1451,8306,0.004118050789293068,0.0032401296051842074,33,1.3526383365170827,0.4357761483598676,0.28452762434698325,0.59374889090796,1457,8333,negative,0.6717156617271686,False
compelling,12,58,1445,8275,0.008236101578586136,0.0069602784111364455,70,1.2232924460527366,0.2907693425685207,0.28435462001258077,0.5938611457955499,1457,8333,negative,0.6717156617271686,False
stay,13,87,1444,8246,0.008922443376801648,0.010440417616704669,100,0.8808010680907877,-0.18311187652056138,0.28264977989002077,0.5949696934900042,1457,8333,positive,0.6718948855175094,False
harder,13,87,1444,8246,0.008922443376801648,0.010440417616704669,100,0.8808010680907877,-0.18311187652056138,0.28264977989002077,0.5949696934900042,1457,8333,positive,0.6718948855175094,False
gamers,5,22,1452,8311,0.0034317089910775567,0.0026401056042241688,27,1.3987607573149743,0.484149226440482,0.282560766001491,0.5950276911878619,1457,8333,negative,0.6718948855175094,False
doubt,5,22,1452,8311,0.0034317089910775567,0.0026401056042241688,27,1.3987607573149743,0.484149226440482,0.282560766001491,0.5950276911878619,1457,8333,negative,0.6718948855175094,False
terms,9,62,1448,8271,0.0061770761839396015,0.007440297611904476,71,0.867979288919572,-0.20426747632994258,0.2748670380341488,0.6000854504454562,1457,8333,positive,0.6773191409346259,False
parts,15,99,1442,8234,0.01029512697323267,0.01188047521900876,114,0.8892626041820889,-0.1693185770625635,0.2708271921753364,0.6027774238791714,1457,8333,positive,0.6794816156725388,False
sheer,6,43,1451,8290,0.004118050789293068,0.00516020640825633,49,0.8534690629194531,-0.2285892363989806,0.27046380333831066,0.6030208187101376,1457,8333,positive,0.6794816156725388,False
season,6,43,1451,8290,0.004118050789293068,0.00516020640825633,49,0.8534690629194531,-0.2285892363989806,0.27046380333831066,0.6030208187101376,1457,8333,positive,0.6794816156725388,False
decisions,6,43,1451,8290,0.004118050789293068,0.00516020640825633,49,0.8534690629194531,-0.2285892363989806,0.27046380333831066,0.6030208187101376,1457,8333,positive,0.6794816156725388,False
care,23,117,1434,8216,0.015785861358956762,0.014040561622464899,140,1.1455559428372255,0.1960479138875652,0.2679960065619618,0.6046792468222968,1457,8333,negative,0.6810624723397732,False
searching,4,30,1453,8303,0.002745367192862045,0.0036001440057602304,34,0.8428665685428615,-0.24662383399023405,0.2618173255434954,0.608874367957363,1457,8333,positive,0.6849194366980295,False
deliberately,4,30,1453,8303,0.002745367192862045,0.0036001440057602304,34,0.8428665685428615,-0.24662383399023405,0.2618173255434954,0.608874367957363,1457,8333,positive,0.6849194366980295,False
customize,4,30,1453,8303,0.002745367192862045,0.0036001440057602304,34,0.8428665685428615,-0.24662383399023405,0.2618173255434954,0.608874367957363,1457,8333,positive,0.6849194366980295,False
self,10,48,1447,8285,0.0068634179821551134,0.005760230409216369,58,1.239217990491961,0.30942999388596587,0.2562785473190253,0.6126884483583279,1457,8333,negative,0.688919191616745,False
yeah,11,74,1446,8259,0.0075497597803706245,0.008880355214208569,85,0.8814077952567758,-0.18211843887949958,0.255106319722948,0.6135022911145651,1457,8333,positive,0.6895434688496757,False
watched,7,49,1450,8284,0.004804392587508579,0.005880235209408376,56,0.86537557582025,-0.2086016918768697,0.25238395873783337,0.6154014386981284,1457,8333,positive,0.6913865299490983,False
presentation,12,80,1445,8253,0.008236101578586136,0.009600384015360614,92,0.8866131988114753,-0.17362325514741017,0.2479603237645938,0.6185149519995876,1457,8333,positive,0.6945917700214409,False
light,13,64,1444,8269,0.008922443376801648,0.007680307212288491,77,1.1982177787437513,0.26089014498786645,0.24520985707447135,0.6204683456738995,1457,8333,negative,0.6964920461333121,False
involved,5,36,1452,8297,0.0034317089910775567,0.004320172806912276,41,0.8607973970244972,-0.21625437956894894,0.23473572370398293,0.6280343786226819,1457,8333,positive,0.7046884063165277,False
waiting,18,91,1439,8242,0.012354152367879203,0.0109204368174727,109,1.1577050319156812,0.21126772033922256,0.23153833118329373,0.6303855177372136,1457,8333,negative,0.7068288225623047,False
city,16,104,1441,8229,0.01098146877144818,0.0124804992199688,120,0.9014184785585191,-0.14973107011533066,0.2301742909828564,0.6313946244704252,1457,8333,positive,0.7068288225623047,False
download,3,23,1454,8310,0.002059025394646534,0.002760110404416177,26,0.8509687470286638,-0.23282194691821337,0.23013563386273184,0.6314232762681462,1457,8333,positive,0.7068288225623047,False
burn,3,23,1454,8310,0.002059025394646534,0.002760110404416177,26,0.8509687470286638,-0.23282194691821337,0.23013563386273184,0.6314232762681462,1457,8333,positive,0.7068288225623047,False
hasnt,3,23,1454,8310,0.002059025394646534,0.002760110404416177,26,0.8509687470286638,-0.23282194691821337,0.23013563386273184,0.6314232762681462,1457,8333,positive,0.7068288225623047,False
conclusion,8,38,1449,8295,0.00549073438572409,0.004560182407296292,46,1.2635212321310976,0.3374499074428588,0.22963061663318893,0.6317978560262462,1457,8333,negative,0.7068288225623047,False
wild,8,38,1449,8295,0.00549073438572409,0.004560182407296292,46,1.2635212321310976,0.3374499074428588,0.22963061663318893,0.6317978560262462,1457,8333,negative,0.7068288225623047,False
meet,6,42,1451,8291,0.004118050789293068,0.005040201608064322,48,0.8736560556017102,-0.19486266932543586,0.21615146092214005,0.641988089330607,1457,8333,positive,0.7173261719008375,False
hopefully,6,42,1451,8291,0.004118050789293068,0.005040201608064322,48,0.8736560556017102,-0.19486266932543586,0.21615146092214005,0.641988089330607,1457,8333,positive,0.7173261719008375,False
sections,6,42,1451,8291,0.004118050789293068,0.005040201608064322,48,0.8736560556017102,-0.19486266932543586,0.21615146092214005,0.641988089330607,1457,8333,positive,0.7173261719008375,False
solve,6,28,1451,8305,0.004118050789293068,0.003360134405376215,34,1.305020215022572,0.38407215460124106,0.2058427178129302,0.6500455381742343,1457,8333,negative,0.7254170802731303,False
ahead,6,28,1451,8305,0.004118050789293068,0.003360134405376215,34,1.305020215022572,0.38407215460124106,0.2058427178129302,0.6500455381742343,1457,8333,negative,0.7254170802731303,False
steady,6,28,1451,8305,0.004118050789293068,0.003360134405376215,34,1.305020215022572,0.38407215460124106,0.2058427178129302,0.6500455381742343,1457,8333,negative,0.7254170802731303,False
lol,13,85,1444,8248,0.008922443376801648,0.010200408016320653,98,0.9016232169208067,-0.14940342930484668,0.20438161139099126,0.6512071404611055,1457,8333,positive,0.7261054941318725,False
battle,13,85,1444,8248,0.008922443376801648,0.010200408016320653,98,0.9016232169208067,-0.14940342930484668,0.20438161139099126,0.6512071404611055,1457,8333,positive,0.7261054941318725,False
honestly,32,168,1425,8165,0.02196293754289636,0.02016080643225729,200,1.1048390538173394,0.1438362219504468,0.20126478361869893,0.6537018801877456,1457,8333,negative,0.7281683077337839,False
went,21,108,1436,8225,0.014413177762525738,0.01296051842073683,129,1.1346590936431835,0.1822589073956539,0.201260893130594,0.653705008633947,1457,8333,negative,0.7281683077337839,False
adding,16,81,1441,8252,0.01098146877144818,0.009720388815552622,97,1.1590367906641217,0.2129263617423677,0.20104761439510338,0.653876567409857,1457,8333,negative,0.7281683077337839,False
object,4,29,1453,8304,0.002745367192862045,0.0034801392055682227,33,0.8715432649420161,-0.1983558108370415,0.1993051826573438,0.6552822680084214,1457,8333,positive,0.7291245937021917,False
cards,4,29,1453,8304,0.002745367192862045,0.0034801392055682227,33,0.8715432649420161,-0.1983558108370415,0.1993051826573438,0.6552822680084214,1457,8333,positive,0.7291245937021917,False
upgrading,5,23,1452,8310,0.0034317089910775567,0.002760110404416177,28,1.3390778921155748,0.4212398824698951,0.1961400753376254,0.6578546731925474,1457,8333,negative,0.7307668994713881,False
ship,5,23,1452,8310,0.0034317089910775567,0.002760110404416177,28,1.3390778921155748,0.4212398824698951,0.1961400753376254,0.6578546731925474,1457,8333,negative,0.7307668994713881,False
planning,5,23,1452,8310,0.0034317089910775567,0.002760110404416177,28,1.3390778921155748,0.4212398824698951,0.1961400753376254,0.6578546731925474,1457,8333,negative,0.7307668994713881,False
suck,5,23,1452,8310,0.0034317089910775567,0.002760110404416177,28,1.3390778921155748,0.4212398824698951,0.1961400753376254,0.6578546731925474,1457,8333,negative,0.7307668994713881,False
saw,18,92,1439,8241,0.012354152367879203,0.011040441617664707,110,1.1450503647099688,0.19541105624300492,0.19265269581270553,0.6607179117677294,1457,8333,negative,0.7336417962402193,False
enjoy,74,401,1383,7932,0.05078929306794784,0.04812192487699508,475,1.063902037039454,0.08936531513989256,0.1911318626275921,0.6619762430362816,1457,8333,negative,0.734732999140186,False
folks,4,18,1453,8315,0.002745367192862045,0.002160086403456138,22,1.3915990293699272,0.47674357780162735,0.189471473570401,0.6633568699184915,1457,8333,negative,0.7350413197018697,False
mmos,4,18,1453,8315,0.002745367192862045,0.002160086403456138,22,1.3915990293699272,0.47674357780162735,0.189471473570401,0.6633568699184915,1457,8333,negative,0.7350413197018697,False
literal,4,18,1453,8315,0.002745367192862045,0.002160086403456138,22,1.3915990293699272,0.47674357780162735,0.189471473570401,0.6633568699184915,1457,8333,negative,0.7350413197018697,False
tricks,4,18,1453,8315,0.002745367192862045,0.002160086403456138,22,1.3915990293699272,0.47674357780162735,0.189471473570401,0.6633568699184915,1457,8333,negative,0.7350413197018697,False
recent,12,60,1445,8273,0.008236101578586136,0.007200288011520461,72,1.182567157693726,0.24192211618244577,0.18226254258435312,0.6694360142657624,1457,8333,negative,0.7414692206200759,False
becoming,5,35,1452,8298,0.0034317089910775567,0.004200168006720269,40,0.8851518751060581,-0.17600307961966397,0.17997842156440072,0.6713917853609885,1457,8333,positive,0.7433266195068088,False
war,8,39,1449,8294,0.00549073438572409,0.0046801872074883,47,1.2313848948349715,0.30028177650765714,0.17053348264475823,0.6796381193925174,1457,8333,negative,0.7521441371110218,False
different,75,408,1382,7925,0.05147563486616335,0.04896195847833913,483,1.059537716826656,0.08343494486937089,0.16707270801697846,0.6827265969897706,1457,8333,negative,0.7542805400746018,False
till,6,41,1451,8292,0.004118050789293068,0.004920196807872315,47,0.8948159154011844,-0.16033717815710985,0.16701671190815615,0.6827768750200433,1457,8333,positive,0.7542805400746018,False
edges,6,41,1451,8292,0.004118050789293068,0.004920196807872315,47,0.8948159154011844,-0.16033717815710985,0.16701671190815615,0.6827768750200433,1457,8333,positive,0.7542805400746018,False
pace,11,55,1446,8278,0.0075497597803706245,0.006600264010560422,66,1.1858727029829692,0.2459491526901594,0.1669709076955829,0.682818009220203,1457,8333,negative,0.7542805400746018,False
pick,25,156,1432,8177,0.017158544955387784,0.0187207488299532,181,0.9301473663081478,-0.10446878963524937,0.16678703120874652,0.6829832047037092,1457,8333,positive,0.7542805400746018,False
weeks,3,22,1454,8311,0.002059025394646534,0.0026401056042241688,25,0.8888965280165005,-0.16991260294762642,0.1644006529491138,0.685136840037735,1457,8333,positive,0.7557198243858508,False
ages,3,22,1454,8311,0.002059025394646534,0.0026401056042241688,25,0.8888965280165005,-0.16991260294762642,0.1644006529491138,0.685136840037735,1457,8333,positive,0.7557198243858508,False
safe,3,22,1454,8311,0.002059025394646534,0.0026401056042241688,25,0.8888965280165005,-0.16991260294762642,0.1644006529491138,0.685136840037735,1457,8333,positive,0.7557198243858508,False
hand,18,114,1439,8219,0.012354152367879203,0.013680547221888875,132,0.9225713683335584,-0.11626757530424801,0.16403183741272226,0.6854713061995449,1457,8333,positive,0.7557760555533444,False
mechanic,25,131,1432,8202,0.017158544955387784,0.015720628825153005,156,1.110365695857305,0.15103490244070816,0.1635232447701538,0.6859332501361646,1457,8333,negative,0.7559727345444459,False
particularly,16,82,1441,8251,0.01098146877144818,0.00984039361574463,98,1.1448491155046827,0.1951574719842152,0.1629418502927677,0.6864623434626416,1457,8333,negative,0.7562432263104969,False
late,10,50,1447,8283,0.0068634179821551134,0.006000240009600384,60,1.1898527676601858,0.25078306554342555,0.15169813196597667,0.6969178160362844,1457,8333,negative,0.7674105219957877,False
leaves,8,53,1449,8280,0.00549073438572409,0.006360254410176407,61,0.9076188050665231,-0.13984159419006933,0.15142750366543323,0.6971749003277561,1457,8333,positive,0.7674105219957877,False
automatically,4,28,1453,8305,0.002745367192862045,0.003360134405376215,32,0.9022323610884797,-0.14842906160711447,0.14386469442532543,0.704468814728676,1457,8333,positive,0.7744799422955257,False
white,4,28,1453,8305,0.002745367192862045,0.003360134405376215,32,0.9022323610884797,-0.14842906160711447,0.14386469442532543,0.704468814728676,1457,8333,positive,0.7744799422955257,False
via,4,28,1453,8305,0.002745367192862045,0.003360134405376215,32,0.9022323610884797,-0.14842906160711447,0.14386469442532543,0.704468814728676,1457,8333,positive,0.7744799422955257,False
somewhat,10,65,1447,8268,0.0068634179821551134,0.0078003120124804995,75,0.9157062057508998,-0.1270432951389783,0.14319257551493964,0.7051275643586471,1457,8333,positive,0.7748846193652733,False
others,24,149,1433,8184,0.016472203157172273,0.017880715228609144,173,0.9356627661324284,-0.09593945107784213,0.14173563475345907,0.7065616170502653,1457,8333,positive,0.774937649082817,False
suddenly,6,29,1451,8304,0.004118050789293068,0.0034801392055682227,35,1.260630440748028,0.3341454053713138,0.14166719151831292,0.7066291916430338,1457,8333,negative,0.774937649082817,False
mood,6,29,1451,8304,0.004118050789293068,0.0034801392055682227,35,1.260630440748028,0.3341454053713138,0.14166719151831292,0.7066291916430338,1457,8333,negative,0.774937649082817,False
willing,6,29,1451,8304,0.004118050789293068,0.0034801392055682227,35,1.260630440748028,0.3341454053713138,0.14166719151831292,0.7066291916430338,1457,8333,negative,0.774937649082817,False
admit,6,29,1451,8304,0.004118050789293068,0.0034801392055682227,35,1.260630440748028,0.3341454053713138,0.14166719151831292,0.7066291916430338,1457,8333,negative,0.774937649082817,False
alone,11,71,1446,8262,0.0075497597803706245,0.008520340813632545,82,0.9187235163730152,-0.12229733736855973,0.14065773050066008,0.7076280127993675,1457,8333,positive,0.7750765333291346,False
stories,11,71,1446,8262,0.0075497597803706245,0.008520340813632545,82,0.9187235163730152,-0.12229733736855973,0.14065773050066008,0.7076280127993675,1457,8333,positive,0.7750765333291346,False
flow,11,71,1446,8262,0.0075497597803706245,0.008520340813632545,82,0.9187235163730152,-0.12229733736855973,0.14065773050066008,0.7076280127993675,1457,8333,positive,0.7750765333291346,False
head,12,77,1445,8256,0.008236101578586136,0.009240369614784591,89,0.9212684527063969,-0.11830648367949571,0.138846966105603,0.7094299851540242,1457,8333,positive,0.7767311459632972,False
despite,27,143,1430,8190,0.018531228551818806,0.0171606864274571,170,1.0972443299107182,0.13388481498605073,0.13652255539587782,0.7117628328076878,1457,8333,negative,0.7789653991236846,False
table,5,34,1452,8299,0.0034317089910775567,0.004080163206528261,39,0.9109182069894485,-0.13460657726878247,0.13142818113172575,0.7169558235478153,1457,8333,positive,0.7840050145933041,False
limitations,5,34,1452,8299,0.0034317089910775567,0.004080163206528261,39,0.9109182069894485,-0.13460657726878247,0.13142818113172575,0.7169558235478153,1457,8333,positive,0.7840050145933041,False
road,5,24,1452,8309,0.0034317089910775567,0.0028801152046081845,29,1.2842670975446977,0.3609452805205757,0.12775857097166038,0.7207674438660028,1457,8333,negative,0.7872044266066216,False
message,5,24,1452,8309,0.0034317089910775567,0.0028801152046081845,29,1.2842670975446977,0.3609452805205757,0.12775857097166038,0.7207674438660028,1457,8333,negative,0.7872044266066216,False
step,5,24,1452,8309,0.0034317089910775567,0.0028801152046081845,29,1.2842670975446977,0.3609452805205757,0.12775857097166038,0.7207674438660028,1457,8333,negative,0.7872044266066216,False
yourself,28,149,1429,8184,0.019217570350034317,0.017880715228609144,177,1.0914696417228467,0.12627200358111687,0.12484757323597863,0.7238352398016706,1457,8333,negative,0.7902312650742235,False
breaks,8,40,1449,8293,0.00549073438572409,0.004800192007680307,48,1.2008355371584072,0.26403857737734343,0.1212090186022544,0.7277268928275804,1457,8333,negative,0.7938297447947338,False
realized,8,40,1449,8293,0.00549073438572409,0.004800192007680307,48,1.2008355371584072,0.26403857737734343,0.1212090186022544,0.7277268928275804,1457,8333,negative,0.7938297447947338,False
deal,13,67,1444,8266,0.008922443376801648,0.008040321612864514,80,1.1445482866043615,0.19477832910168413,0.11906701964263118,0.7300485929768763,1457,8333,negative,0.7960366253073016,False
don,4,19,1453,8314,0.002745367192862045,0.002280091203648146,23,1.3200762086211002,0.4006212194519574,0.11454493337123953,0.7350279618769204,1457,8333,negative,0.7982014445474012,False
adjust,4,19,1453,8314,0.002745367192862045,0.002280091203648146,23,1.3200762086211002,0.4006212194519574,0.11454493337123953,0.7350279618769204,1457,8333,negative,0.7982014445474012,False
scared,4,19,1453,8314,0.002745367192862045,0.002280091203648146,23,1.3200762086211002,0.4006212194519574,0.11454493337123953,0.7350279618769204,1457,8333,negative,0.7982014445474012,False
structures,4,19,1453,8314,0.002745367192862045,0.002280091203648146,23,1.3200762086211002,0.4006212194519574,0.11454493337123953,0.7350279618769204,1457,8333,negative,0.7982014445474012,False
rise,4,19,1453,8314,0.002745367192862045,0.002280091203648146,23,1.3200762086211002,0.4006212194519574,0.11454493337123953,0.7350279618769204,1457,8333,negative,0.7982014445474012,False
encourage,4,19,1453,8314,0.002745367192862045,0.002280091203648146,23,1.3200762086211002,0.4006212194519574,0.11454493337123953,0.7350279618769204,1457,8333,negative,0.7982014445474012,False
driving,4,19,1453,8314,0.002745367192862045,0.002280091203648146,23,1.3200762086211002,0.4006212194519574,0.11454493337123953,0.7350279618769204,1457,8333,negative,0.7982014445474012,False
trial,4,19,1453,8314,0.002745367192862045,0.002280091203648146,23,1.3200762086211002,0.4006212194519574,0.11454493337123953,0.7350279618769204,1457,8333,negative,0.7982014445474012,False
roguelikes,4,19,1453,8314,0.002745367192862045,0.002280091203648146,23,1.3200762086211002,0.4006212194519574,0.11454493337123953,0.7350279618769204,1457,8333,negative,0.7982014445474012,False
economy,4,19,1453,8314,0.002745367192862045,0.002280091203648146,23,1.3200762086211002,0.4006212194519574,0.11454493337123953,0.7350279618769204,1457,8333,negative,0.7982014445474012,False
modes,17,106,1440,8227,0.011667810569663692,0.012720508820352814,123,0.9385190001515514,-0.09154214242903078,0.11077827491965754,0.739259814757411,1457,8333,positive,0.80234088581689,False
death,10,51,1447,8282,0.0068634179821551134,0.0061202448097923915,61,1.1666079782685246,0.22231984568731983,0.11061795733239699,0.7394416940930603,1457,8333,negative,0.80234088581689,False
grasp,3,21,1454,8312,0.002059025394646534,0.002520100804032161,24,0.9303524746776244,-0.10415069358152355,0.1078101337448028,0.7426511747884158,1457,8333,positive,0.8028824136195931,False
traps,3,21,1454,8312,0.002059025394646534,0.002520100804032161,24,0.9303524746776244,-0.10415069358152355,0.1078101337448028,0.7426511747884158,1457,8333,positive,0.8028824136195931,False
water,3,21,1454,8312,0.002059025394646534,0.002520100804032161,24,0.9303524746776244,-0.10415069358152355,0.1078101337448028,0.7426511747884158,1457,8333,positive,0.8028824136195931,False
alive,3,21,1454,8312,0.002059025394646534,0.002520100804032161,24,0.9303524746776244,-0.10415069358152355,0.1078101337448028,0.7426511747884158,1457,8333,positive,0.8028824136195931,False
occasionally,3,21,1454,8312,0.002059025394646534,0.002520100804032161,24,0.9303524746776244,-0.10415069358152355,0.1078101337448028,0.7426511747884158,1457,8333,positive,0.8028824136195931,False
appreciated,3,21,1454,8312,0.002059025394646534,0.002520100804032161,24,0.9303524746776244,-0.10415069358152355,0.1078101337448028,0.7426511747884158,1457,8333,positive,0.8028824136195931,False
highlight,3,21,1454,8312,0.002059025394646534,0.002520100804032161,24,0.9303524746776244,-0.10415069358152355,0.1078101337448028,0.7426511747884158,1457,8333,positive,0.8028824136195931,False
sequence,3,21,1454,8312,0.002059025394646534,0.002520100804032161,24,0.9303524746776244,-0.10415069358152355,0.1078101337448028,0.7426511747884158,1457,8333,positive,0.8028824136195931,False
scoring,3,21,1454,8312,0.002059025394646534,0.002520100804032161,24,0.9303524746776244,-0.10415069358152355,0.1078101337448028,0.7426511747884158,1457,8333,positive,0.8028824136195931,False
realize,7,35,1450,8298,0.004804392587508579,0.004200168006720269,42,1.2086895728039384,0.27344376544545107,0.10599261149161542,0.7447534474445566,1457,8333,negative,0.804502711056397,False
insanely,7,35,1450,8298,0.004804392587508579,0.004200168006720269,42,1.2086895728039384,0.27344376544545107,0.10599261149161542,0.7447534474445566,1457,8333,negative,0.804502711056397,False
god,12,62,1445,8271,0.008236101578586136,0.007440297611904476,74,1.1444482877896922,0.19465227579455055,0.10469756920363393,0.7462635751410862,1457,8333,negative,0.805807489399002,False
mechanics,74,407,1383,7926,0.05078929306794784,0.04884195367814713,481,1.0474443540322955,0.06687360211644038,0.1006650737343447,0.7510329746722619,1457,8333,negative,0.8106291135531377,False
shooter,18,95,1439,8238,0.012354152367879203,0.01140045601824073,113,1.1086764783438112,0.148838435668899,0.09886548052340283,0.7531953728915622,1457,8333,negative,0.812634101225781,False
interactive,4,27,1453,8306,0.002745367192862045,0.0032401296051842074,31,0.9351533915001408,-0.09672506784848772,0.0961767307197665,0.7564668639010574,1457,8333,positive,0.8145156135542081,False
role,4,27,1453,8306,0.002745367192862045,0.0032401296051842074,31,0.9351533915001408,-0.09672506784848772,0.0961767307197665,0.7564668639010574,1457,8333,positive,0.8145156135542081,False
slop,4,27,1453,8306,0.002745367192862045,0.0032401296051842074,31,0.9351533915001408,-0.09672506784848772,0.0961767307197665,0.7564668639010574,1457,8333,positive,0.8145156135542081,False
jumps,4,27,1453,8306,0.002745367192862045,0.0032401296051842074,31,0.9351533915001408,-0.09672506784848772,0.0961767307197665,0.7564668639010574,1457,8333,positive,0.8145156135542081,False
intriguing,4,27,1453,8306,0.002745367192862045,0.0032401296051842074,31,0.9351533915001408,-0.09672506784848772,0.0961767307197665,0.7564668639010574,1457,8333,positive,0.8145156135542081,False
improve,9,46,1448,8287,0.0061770761839396015,0.005520220808832354,55,1.1688955203937332,0.22514598295246321,0.09578213125151462,0.7569511879699458,1457,8333,negative,0.8147080610124648,False
total,11,57,1446,8276,0.0075497597803706245,0.006840273610944437,68,1.144348427238161,0.19452638578289508,0.09050383109722328,0.7635376132608406,1457,8333,negative,0.8214654063573046,False
gripe,5,33,1452,8300,0.0034317089910775567,0.003960158406336254,38,0.938222827343489,-0.09199749226855049,0.08957218729452267,0.76472173692999,1457,8333,positive,0.8217445186035282,False
purchased,5,33,1452,8300,0.0034317089910775567,0.003960158406336254,38,0.938222827343489,-0.09199749226855049,0.08957218729452267,0.76472173692999,1457,8333,positive,0.8217445186035282,False
requirements,5,33,1452,8300,0.0034317089910775567,0.003960158406336254,38,0.938222827343489,-0.09199749226855049,0.08957218729452267,0.76472173692999,1457,8333,positive,0.8217445186035282,False
wars,6,39,1451,8294,0.004118050789293068,0.0046801872074883,45,0.9403497909190406,-0.08873058516685486,0.08565105414844362,0.7697805079779172,1457,8333,positive,0.82651423047488,False
builder,6,39,1451,8294,0.004118050789293068,0.0046801872074883,45,0.9403497909190406,-0.08873058516685486,0.08565105414844362,0.7697805079779172,1457,8333,positive,0.82651423047488,False
offer,14,87,1443,8246,0.009608785175017159,0.010440417616704669,101,0.946700974813202,-0.07901928722782427,0.08400519437353875,0.7719413259448094,1457,8333,positive,0.8285006340454354,False
intuitive,7,45,1450,8288,0.004804392587508579,0.005400216008640346,52,0.9419071104696751,-0.08634330455305385,0.08333081957417782,0.772833324893953,1457,8333,positive,0.8291242028842167,False
tier,8,51,1449,8282,0.00549073438572409,0.0061202448097923915,59,0.9430938689939953,-0.08452672102589898,0.08204270920925072,0.7745480457164107,1457,8333,positive,0.83062956149636,False
perhaps,8,41,1449,8292,0.00549073438572409,0.004920196807872315,49,1.171758437683123,0.2286751835174022,0.08106110322541343,0.7758645537412111,1457,8333,negative,0.8313725483416675,False
rewards,8,41,1449,8292,0.00549073438572409,0.004920196807872315,49,1.171758437683123,0.2286751835174022,0.08106110322541343,0.7758645537412111,1457,8333,negative,0.8313725483416675,False
control,24,129,1433,8204,0.016472203157172273,0.015480619224768991,153,1.082806210465785,0.11477506730764113,0.07926277944277153,0.7782989658879405,1457,8333,negative,0.8336460598863998,False
ways,23,140,1434,8193,0.015785861358956762,0.016800672026881076,163,0.9553454586951695,-0.06590558014233623,0.07800727320761379,0.7800162778329239,1457,8333,positive,0.8351499585150904,False
camera,10,52,1447,8281,0.0068634179821551134,0.0062402496099844,62,1.1442487046632124,0.19440065874913395,0.0765313158866807,0.7820542901038388,1457,8333,negative,0.8369958801352204,False
naturally,5,25,1452,8308,0.0034317089910775567,0.003000120004800192,30,1.233755188822517,0.3030561522583874,0.07561592336213899,0.7833289175885216,1457,8333,negative,0.837015989695791,False
impression,5,25,1452,8308,0.0034317089910775567,0.003000120004800192,30,1.233755188822517,0.3030561522583874,0.07561592336213899,0.7833289175885216,1457,8333,negative,0.837015989695791,False
urban,5,25,1452,8308,0.0034317089910775567,0.003000120004800192,30,1.233755188822517,0.3030561522583874,0.07561592336213899,0.7833289175885216,1457,8333,negative,0.837015989695791,False
credits,5,25,1452,8308,0.0034317089910775567,0.003000120004800192,30,1.233755188822517,0.3030561522583874,0.07561592336213899,0.7833289175885216,1457,8333,negative,0.837015989695791,False
including,12,63,1445,8270,0.008236101578586136,0.007560302412096484,75,1.1262892985834398,0.1715774455569604,0.07450318868643808,0.7848895580211187,1457,8333,negative,0.8383475808030059,False
crazy,14,74,1443,8259,0.009608785175017159,0.008880355214208569,88,1.1136499419987307,0.15529581588467728,0.07387122204594597,0.785781488905665,1457,8333,negative,0.8389641367330808,False
course,19,116,1438,8217,0.013040494166094716,0.013920556822272891,135,0.9561775275568704,-0.06464959556364636,0.07062927765047676,0.7904227468218592,1457,8333,positive,0.8435816825568763,False
noticed,7,36,1450,8297,0.004804392587508579,0.004320172806912276,43,1.1754331288691193,0.2331924654961662,0.06649504081716319,0.7965100760032777,1457,8333,negative,0.8493983450498954,False
smaller,7,36,1450,8297,0.004804392587508579,0.004320172806912276,43,1.1754331288691193,0.2331924654961662,0.06649504081716319,0.7965100760032777,1457,8333,negative,0.8493983450498954,False
background,16,98,1441,8235,0.01098146877144818,0.011760470418816752,114,0.9570244616172874,-0.06337229431092783,0.06539125410325147,0.7981692616982613,1457,8333,positive,0.8507419578643262,False
focus,25,151,1432,8182,0.017158544955387784,0.01812072482899316,176,0.9614327924939091,-0.05674208321359674,0.06503383673729475,0.7987097170743613,1457,8333,positive,0.8507419578643262,False
feature,19,102,1438,8231,0.013040494166094716,0.012240489619584783,121,1.0886289071441289,0.12251225060038767,0.06502219184670184,0.7987273520384127,1457,8333,negative,0.8507419578643262,False
completing,9,47,1448,8286,0.0061770761839396015,0.005640225609024361,56,1.1441491197790818,0.19427509437650714,0.06284505368341256,0.8020544441263039,1457,8333,negative,0.8539445479395872,False
impactful,3,20,1454,8313,0.002059025394646534,0.0024000960038401535,23,0.9758529039398335,-0.03526439663805683,0.061552145486562675,0.8040593191809783,1457,8333,positive,0.854373114761454,False
experiencing,3,20,1454,8313,0.002059025394646534,0.0024000960038401535,23,0.9758529039398335,-0.03526439663805683,0.061552145486562675,0.8040593191809783,1457,8333,positive,0.854373114761454,False
dimension,3,20,1454,8313,0.002059025394646534,0.0024000960038401535,23,0.9758529039398335,-0.03526439663805683,0.061552145486562675,0.8040593191809783,1457,8333,positive,0.854373114761454,False
notes,3,20,1454,8313,0.002059025394646534,0.0024000960038401535,23,0.9758529039398335,-0.03526439663805683,0.061552145486562675,0.8040593191809783,1457,8333,positive,0.854373114761454,False
remote,3,20,1454,8313,0.002059025394646534,0.0024000960038401535,23,0.9758529039398335,-0.03526439663805683,0.061552145486562675,0.8040593191809783,1457,8333,positive,0.854373114761454,False
she,13,80,1444,8253,0.008922443376801648,0.009600384015360614,93,0.9582051430893365,-0.061593537846232324,0.06057684040029344,0.8055865328362088,1457,8333,positive,0.854835800490919,False
ticket,4,20,1453,8313,0.002745367192862045,0.0024000960038401535,24,1.2555312240428906,0.3282979077107206,0.060455573378208186,0.805777331820585,1457,8333,negative,0.854835800490919,False
parkour,4,20,1453,8313,0.002745367192862045,0.0024000960038401535,24,1.2555312240428906,0.3282979077107206,0.060455573378208186,0.805777331820585,1457,8333,negative,0.854835800490919,False
memories,4,20,1453,8313,0.002745367192862045,0.0024000960038401535,24,1.2555312240428906,0.3282979077107206,0.060455573378208186,0.805777331820585,1457,8333,negative,0.854835800490919,False
personally,22,119,1435,8214,0.015099519560741249,0.014280571222848914,141,1.077438648496216,0.1076057217225188,0.05859427944884272,0.8087316939860298,1457,8333,negative,0.8576287574251215,False
treat,4,26,1453,8307,0.002745367192862045,0.0031201248049922,30,0.9705590279806063,-0.04311213667773024,0.05701294553801797,0.8112809580575958,1457,8333,positive,0.8589654623437452,False
creation,4,26,1453,8307,0.002745367192862045,0.0031201248049922,30,0.9705590279806063,-0.04311213667773024,0.05701294553801797,0.8112809580575958,1457,8333,positive,0.8589654623437452,False
lock,4,26,1453,8307,0.002745367192862045,0.0031201248049922,30,0.9705590279806063,-0.04311213667773024,0.05701294553801797,0.8112809580575958,1457,8333,positive,0.8589654623437452,False
recently,4,26,1453,8307,0.002745367192862045,0.0031201248049922,30,0.9705590279806063,-0.04311213667773024,0.05701294553801797,0.8112809580575958,1457,8333,positive,0.8589654623437452,False
assets,5,32,1452,8301,0.0034317089910775567,0.0038401536061442457,37,0.9672077320270092,-0.048102317098883865,0.05495029477686094,0.8146629760598967,1457,8333,positive,0.8608368982067715,False
eyes,5,32,1452,8301,0.0034317089910775567,0.0038401536061442457,37,0.9672077320270092,-0.048102317098883865,0.05495029477686094,0.8146629760598967,1457,8333,positive,0.8608368982067715,False
gotten,5,32,1452,8301,0.0034317089910775567,0.0038401536061442457,37,0.9672077320270092,-0.048102317098883865,0.05495029477686094,0.8146629760598967,1457,8333,positive,0.8608368982067715,False
spare,5,32,1452,8301,0.0034317089910775567,0.0038401536061442457,37,0.9672077320270092,-0.048102317098883865,0.05495029477686094,0.8146629760598967,1457,8333,positive,0.8608368982067715,False
depending,5,32,1452,8301,0.0034317089910775567,0.0038401536061442457,37,0.9672077320270092,-0.048102317098883865,0.05495029477686094,0.8146629760598967,1457,8333,positive,0.8608368982067715,False
bonus,8,50,1449,8283,0.00549073438572409,0.006000240009600384,58,0.9618851157278543,-0.05606350116979329,0.05466526977697956,0.8151355512606078,1457,8333,positive,0.8609949998656022,False
human,6,38,1451,8295,0.004118050789293068,0.004560182407296292,44,0.9648907757760669,-0.05156245423165322,0.054183579100214506,0.8159371635617625,1457,8333,positive,0.8615003873487758,False
campaign,16,86,1441,8247,0.01098146877144818,0.01032041281651266,102,1.091378802187028,0.12615192767911518,0.052563680531928794,0.8186608527100028,1457,8333,negative,0.8634177019510231,False
meta,6,31,1451,8302,0.004118050789293068,0.003720148805952238,37,1.1803060872988533,0.2391610404045847,0.0521501887820418,0.8193631508553854,1457,8333,negative,0.8634177019510231,False
necessary,6,31,1451,8302,0.004118050789293068,0.003720148805952238,37,1.1803060872988533,0.2391610404045847,0.0521501887820418,0.8193631508553854,1457,8333,negative,0.8634177019510231,False
normally,6,31,1451,8302,0.004118050789293068,0.003720148805952238,37,1.1803060872988533,0.2391610404045847,0.0521501887820418,0.8193631508553854,1457,8333,negative,0.8634177019510231,False
future,26,156,1431,8177,0.017844886753603295,0.0187207488299532,182,0.96729898596057,-0.04796620839863145,0.052144761783832115,0.8193723878229888,1457,8333,positive,0.8634177019510231,False
engage,8,42,1449,8291,0.00549073438572409,0.005040201608064322,50,1.1440496723007934,0.1941496923490761,0.04954130582400726,0.8238633663601327,1457,8333,negative,0.866779690101071,False
completion,8,42,1449,8291,0.00549073438572409,0.005040201608064322,50,1.1440496723007934,0.1941496923490761,0.04954130582400726,0.8238633663601327,1457,8333,negative,0.866779690101071,False
mention,8,42,1449,8291,0.00549073438572409,0.005040201608064322,50,1.1440496723007934,0.1941496923490761,0.04954130582400726,0.8238633663601327,1457,8333,negative,0.866779690101071,False
toward,8,42,1449,8291,0.00549073438572409,0.005040201608064322,50,1.1440496723007934,0.1941496923490761,0.04954130582400726,0.8238633663601327,1457,8333,negative,0.866779690101071,False
direction,19,103,1438,8230,0.013040494166094716,0.012360494419776791,122,1.0779797796617854,0.10833011681466494,0.04659771859830949,0.8290929430499344,1457,8333,negative,0.8719375882331855,False
developed,13,79,1444,8254,0.008922443376801648,0.009480379215168607,92,0.9703755951331335,-0.04338482763498514,0.041470773493713746,0.8386319084707958,1457,8333,positive,0.8816217145043934,False
epic,5,26,1452,8307,0.0034317089910775567,0.0031201248049922,31,1.1870554996265386,0.2473873883616008,0.03814410497723281,0.845154058854505,1457,8333,negative,0.8870790239787836,False
double,5,26,1452,8307,0.0034317089910775567,0.0031201248049922,31,1.1870554996265386,0.2473873883616008,0.03814410497723281,0.845154058854505,1457,8333,negative,0.8870790239787836,False
fits,5,26,1452,8307,0.0034317089910775567,0.0031201248049922,31,1.1870554996265386,0.2473873883616008,0.03814410497723281,0.845154058854505,1457,8333,negative,0.8870790239787836,False
medium,5,26,1452,8307,0.0034317089910775567,0.0031201248049922,31,1.1870554996265386,0.2473873883616008,0.03814410497723281,0.845154058854505,1457,8333,negative,0.8870790239787836,False
spent,18,98,1439,8235,0.012354152367879203,0.011760470418816752,116,1.0745182601826988,0.10368999989104064,0.037332514450183416,0.8467896226221057,1457,8333,negative,0.8879688384421067,False
sudden,9,48,1448,8285,0.0061770761839396015,0.005760230409216369,57,1.1204231892928695,0.16404374815698658,0.03722826989552497,0.8470010338178084,1457,8333,negative,0.8879688384421067,False
logic,9,48,1448,8285,0.0061770761839396015,0.005760230409216369,57,1.1204231892928695,0.16404374815698658,0.03722826989552497,0.8470010338178084,1457,8333,negative,0.8879688384421067,False
guys,7,37,1450,8296,0.004804392587508579,0.004440177607104284,44,1.1439503619441571,0.19402445235172155,0.03676885882873835,0.8479364116886506,1457,8333,negative,0.888600028915858,False
fighting,10,61,1447,8272,0.0068634179821551134,0.007320292811712469,71,0.975736130418299,-0.03543704423717743,0.0359549061194785,0.8496086460598324,1457,8333,positive,0.8900026131220091,False
options,28,166,1429,8167,0.019217570350034317,0.019920796831873276,194,0.9779926831343411,-0.03210442321219313,0.031574907716060065,0.8589638498761504,1457,8333,positive,0.8994491845128896,False
lines,7,43,1450,8290,0.004804392587508579,0.00516020640825633,50,0.9854509146667617,-0.021144082502889995,0.030900128866777173,0.8604633848235229,1457,8333,positive,0.9003121601018493,False
told,7,43,1450,8290,0.004804392587508579,0.00516020640825633,50,0.9854509146667617,-0.021144082502889995,0.030900128866777173,0.8604633848235229,1457,8333,positive,0.9003121601018493,False
fast,43,253,1414,8080,0.029512697323266987,0.030361214448577943,296,0.9802719509057709,-0.028746051990613336,0.030452567243854752,0.8614673132281139,1457,8333,positive,0.9010089670718523,False
angle,6,37,1451,8296,0.004118050789293068,0.004440177607104284,43,0.9907406131588012,-0.013420701544369012,0.02942781170082181,0.8637949642212506,1457,8333,positive,0.9030891665152369,False
good,262,1483,1195,6850,0.17982155113246398,0.17796711868474738,1745,1.013945115213395,0.019979561461100227,0.029116836051203115,0.8645095477581644,1457,8333,negative,0.90348194995032,False
food,5,31,1452,8302,0.0034317089910775567,0.003720148805952238,36,0.9980329481190067,-0.002840650764439616,0.028162343392614444,0.8667277218190088,1457,8333,positive,0.9043472422278575,False
discover,5,31,1452,8302,0.0034317089910775567,0.003720148805952238,36,0.9980329481190067,-0.002840650764439616,0.028162343392614444,0.8667277218190088,1457,8333,positive,0.9043472422278575,False
complicated,10,54,1447,8279,0.0068634179821551134,0.006480259210368415,64,1.1019917288586776,0.1401133956156499,0.028034120200016954,0.867028631382672,1457,8333,negative,0.9043472422278575,False
obviously,10,54,1447,8279,0.0068634179821551134,0.006480259210368415,64,1.1019917288586776,0.1401133956156499,0.028034120200016954,0.867028631382672,1457,8333,negative,0.9043472422278575,False
spaces,4,25,1453,8308,0.002745367192862045,0.003000120004800192,29,1.0087415771262065,0.012556627219056458,0.027251429437023106,0.8688809597968101,1457,8333,negative,0.9043472422278575,False
crafted,4,25,1453,8308,0.002745367192862045,0.003000120004800192,29,1.0087415771262065,0.012556627219056458,0.027251429437023106,0.8688809597968101,1457,8333,negative,0.9043472422278575,False
died,4,25,1453,8308,0.002745367192862045,0.003000120004800192,29,1.0087415771262065,0.012556627219056458,0.027251429437023106,0.8688809597968101,1457,8333,negative,0.9043472422278575,False
caught,4,25,1453,8308,0.002745367192862045,0.003000120004800192,29,1.0087415771262065,0.012556627219056458,0.027251429437023106,0.8688809597968101,1457,8333,negative,0.9043472422278575,False
dream,3,19,1454,8314,0.002059025394646534,0.002280091203648146,22,1.0260200438956024,0.03705891510317992,0.02703077200607548,0.8694080952100519,1457,8333,negative,0.9043472422278575,False
screens,3,19,1454,8314,0.002059025394646534,0.002280091203648146,22,1.0260200438956024,0.03705891510317992,0.02703077200607548,0.8694080952100519,1457,8333,negative,0.9043472422278575,False
irl,3,19,1454,8314,0.002059025394646534,0.002280091203648146,22,1.0260200438956024,0.03705891510317992,0.02703077200607548,0.8694080952100519,1457,8333,negative,0.9043472422278575,False
navigating,3,19,1454,8314,0.002059025394646534,0.002280091203648146,22,1.0260200438956024,0.03705891510317992,0.02703077200607548,0.8694080952100519,1457,8333,negative,0.9043472422278575,False
average,8,43,1449,8290,0.00549073438572409,0.00516020640825633,51,1.1176148731429387,0.16042312527553146,0.026144210750247775,0.8715486290364278,1457,8333,negative,0.9058669181329889,False
names,8,43,1449,8290,0.00549073438572409,0.00516020640825633,51,1.1176148731429387,0.16042312527553146,0.026144210750247775,0.8715486290364278,1457,8333,negative,0.9058669181329889,False
climb,6,32,1451,8301,0.004118050789293068,0.0038401536061442457,38,1.1438511884257665,0.1938993740701406,0.024770491584163556,0.8749402993648524,1457,8333,negative,0.9081406459178026,False
creates,4,21,1453,8312,0.002745367192862045,0.002520100804032161,25,1.1969904240766074,0.2594116107672538,0.02470723598186537,0.8750987694534265,1457,8333,negative,0.9081406459178026,False
incentive,4,21,1453,8312,0.002745367192862045,0.002520100804032161,25,1.1969904240766074,0.2594116107672538,0.02470723598186537,0.8750987694534265,1457,8333,negative,0.9081406459178026,False
steep,4,21,1453,8312,0.002745367192862045,0.002520100804032161,25,1.1969904240766074,0.2594116107672538,0.02470723598186537,0.8750987694534265,1457,8333,negative,0.9081406459178026,False
physics,23,127,1434,8206,0.015785861358956762,0.015240609624384975,150,1.0544235540155413,0.07645450315385093,0.024438212909578476,0.8757750683720482,1457,8333,negative,0.9084888452450897,False
easier,13,71,1444,8262,0.008922443376801648,0.008520340813632545,84,1.0799947715835567,0.11102432810288014,0.023572070717307075,0.8779787681575396,1457,8333,negative,0.9104206129552705,False
bit,103,580,1354,7753,0.07069320521619767,0.06960278411136446,683,1.0206031574338768,0.029422010099004893,0.02272145205463123,0.880183685010266,1457,8333,negative,0.9123521400611855,False
note,10,60,1447,8273,0.0068634179821551134,0.007200288011520461,70,0.9919838992848885,-0.011611390213067988,0.01982458338157087,0.8880281019058749,1457,8333,positive,0.9200562941442285,False
long,77,433,1380,7900,0.05284831846259437,0.05196207848313933,510,1.0231298774703013,0.032989294339446334,0.01972550581723005,0.8883064145263482,1457,8333,negative,0.9200562941442285,False
special,21,124,1436,8209,0.014413177762525738,0.014880595223808952,145,0.9869159897508586,-0.019000812969862377,0.01856877507970051,0.891609979248714,1457,8333,positive,0.9231193027872123,False
helpful,7,38,1450,8295,0.004804392587508579,0.004560182407296292,45,1.1141030634308815,0.15588269966443755,0.016165040475651652,0.898828158416749,1457,8333,negative,0.9302313161254087,False
rough,12,66,1445,8267,0.008236101578586136,0.007920316812672508,78,1.075089141047014,0.10445628587496289,0.015646697950593553,0.9004548636173613,1457,8333,negative,0.9315532271648759,False
stop,19,112,1438,8221,0.013040494166094716,0.01344053762150486,131,0.9906569343065693,-0.01354255802427481,0.015033306204201484,0.9024156314446931,1457,8333,positive,0.9328577252545761,False
creative,19,112,1438,8221,0.013040494166094716,0.01344053762150486,131,0.9906569343065693,-0.01354255802427481,0.015033306204201484,0.9024156314446931,1457,8333,positive,0.9328577252545761,False
pro,5,27,1452,8306,0.0034317089910775567,0.0032401296051842074,32,1.143752151462995,0.19377445719084327,0.013971093106444194,0.9059096822954857,1457,8333,negative,0.9361066717053352,False
desktop,7,42,1450,8291,0.004804392587508579,0.005040201608064322,49,1.0087596569134376,0.012582484570654832,0.013847291379551195,0.906325560879043,1457,8333,negative,0.9361735549413129,False
forth,6,36,1451,8297,0.004118050789293068,0.004320172806912276,42,1.0180068799871649,0.025747311600075453,0.011860583738338254,0.9132768040169231,1457,8333,negative,0.9422584982620422,False
present,6,36,1451,8297,0.004118050789293068,0.004320172806912276,42,1.0180068799871649,0.025747311600075453,0.011860583738338254,0.9132768040169231,1457,8333,negative,0.9422584982620422,False
search,6,36,1451,8297,0.004118050789293068,0.004320172806912276,42,1.0180068799871649,0.025747311600075453,0.011860583738338254,0.9132768040169231,1457,8333,negative,0.9422584982620422,False
tons,11,65,1446,8268,0.0075497597803706245,0.0078003120124804995,76,1.003609660591636,0.00519826308627366,0.010107144766460179,0.919920156109102,1457,8333,negative,0.9483786296159574,False
neat,11,65,1446,8268,0.0075497597803706245,0.0078003120124804995,76,1.003609660591636,0.00519826308627366,0.010107144766460179,0.919920156109102,1457,8333,negative,0.9483786296159574,False
chase,5,30,1452,8303,0.0034317089910775567,0.0036001440057602304,35,1.0308794898563811,0.04387569104909708,0.009876727343355655,0.9208351919445485,1457,8333,negative,0.9485883391515326,False
telling,5,30,1452,8303,0.0034317089910775567,0.0036001440057602304,35,1.0308794898563811,0.04387569104909708,0.009876727343355655,0.9208351919445485,1457,8333,negative,0.9485883391515326,False
drawn,10,59,1447,8274,0.0068634179821551134,0.007080283211328453,69,1.008777811642792,0.012608448636668008,0.008334190871648299,0.9272607415960266,1457,8333,negative,0.9539928868347515,False
forces,4,24,1453,8309,0.002745367192862045,0.0028801152046081845,28,1.0500410690592026,0.07044575548124468,0.007895716061006714,0.9291948882816905,1457,8333,negative,0.9539928868347515,False
lasted,4,24,1453,8309,0.002745367192862045,0.0028801152046081845,28,1.0500410690592026,0.07044575548124468,0.007895716061006714,0.9291948882816905,1457,8333,negative,0.9539928868347515,False
act,4,24,1453,8309,0.002745367192862045,0.0028801152046081845,28,1.0500410690592026,0.07044575548124468,0.007895716061006714,0.9291948882816905,1457,8333,negative,0.9539928868347515,False
worlds,4,24,1453,8309,0.002745367192862045,0.0028801152046081845,28,1.0500410690592026,0.07044575548124468,0.007895716061006714,0.9291948882816905,1457,8333,negative,0.9539928868347515,False
liking,4,24,1453,8309,0.002745367192862045,0.0028801152046081845,28,1.0500410690592026,0.07044575548124468,0.007895716061006714,0.9291948882816905,1457,8333,negative,0.9539928868347515,False
careful,4,24,1453,8309,0.002745367192862045,0.0028801152046081845,28,1.0500410690592026,0.07044575548124468,0.007895716061006714,0.9291948882816905,1457,8333,negative,0.9539928868347515,False
star,6,33,1451,8300,0.004118050789293068,0.003960158406336254,39,1.1095727014256995,0.1500041989004739,0.0077920587886455015,0.9296599849950055,1457,8333,negative,0.9539928868347515,False
tells,6,33,1451,8300,0.004118050789293068,0.003960158406336254,39,1.1095727014256995,0.1500041989004739,0.0077920587886455015,0.9296599849950055,1457,8333,negative,0.9539928868347515,False
glitches,6,33,1451,8300,0.004118050789293068,0.003960158406336254,39,1.1095727014256995,0.1500041989004739,0.0077920587886455015,0.9296599849950055,1457,8333,negative,0.9539928868347515,False
hooked,14,82,1443,8251,0.009608785175017159,0.00984039361574463,96,1.004685581131719,0.006744077012258507,0.006851381370820122,0.9340319814363909,1457,8333,negative,0.9581105280913497,False
decided,9,53,1448,8280,0.0061770761839396015,0.006360254410176407,62,1.0150977969475352,0.021618726794170307,0.006612658161218877,0.9351888588038682,1457,8333,negative,0.9589282682965817,False
bowling,9,50,1448,8283,0.0061770761839396015,0.006000240009600384,59,1.0757902507544506,0.10539681981444617,0.006474054676107086,0.9358702070971774,1457,8333,negative,0.9592579669823433,False
rule,3,18,1454,8315,0.002059025394646534,0.002160086403456138,21,1.0816106584411844,0.11318127345285,0.005917543775274915,0.9386827535408299,1457,8333,negative,0.9602947893092296,False
opened,3,18,1454,8315,0.002059025394646534,0.002160086403456138,21,1.0816106584411844,0.11318127345285,0.005917543775274915,0.9386827535408299,1457,8333,negative,0.9602947893092296,False
boomer,3,18,1454,8315,0.002059025394646534,0.002160086403456138,21,1.0816106584411844,0.11318127345285,0.005917543775274915,0.9386827535408299,1457,8333,negative,0.9602947893092296,False
justice,3,18,1454,8315,0.002059025394646534,0.002160086403456138,21,1.0816106584411844,0.11318127345285,0.005917543775274915,0.9386827535408299,1457,8333,negative,0.9602947893092296,False
rounds,3,18,1454,8315,0.002059025394646534,0.002160086403456138,21,1.0816106584411844,0.11318127345285,0.005917543775274915,0.9386827535408299,1457,8333,negative,0.9602947893092296,False
help,27,152,1430,8181,0.018531228551818806,0.018240729629185166,179,1.031354392881086,0.04454015520759182,0.005830570746311616,0.9391341446751352,1457,8333,negative,0.9603880436148488,False
plot,22,128,1435,8205,0.015099519560741249,0.015360614424576983,150,1.0008782308527377,0.001266463253813843,0.005603662747397868,0.9403279990317558,1457,8333,negative,0.9612402014642104,False
evolve,4,22,1453,8311,0.002745367192862045,0.0026401056042241688,26,1.1436532507739938,0.19364970140115093,0.005187789515777843,0.9425809688573858,1457,8333,negative,0.9613316231728349,False
bro,4,22,1453,8311,0.002745367192862045,0.0026401056042241688,26,1.1436532507739938,0.19364970140115093,0.005187789515777843,0.9425809688573858,1457,8333,negative,0.9613316231728349,False
jumped,4,22,1453,8311,0.002745367192862045,0.0026401056042241688,26,1.1436532507739938,0.19364970140115093,0.005187789515777843,0.9425809688573858,1457,8333,negative,0.9613316231728349,False
complain,4,22,1453,8311,0.002745367192862045,0.0026401056042241688,26,1.1436532507739938,0.19364970140115093,0.005187789515777843,0.9425809688573858,1457,8333,negative,0.9613316231728349,False
micro,4,22,1453,8311,0.002745367192862045,0.0026401056042241688,26,1.1436532507739938,0.19364970140115093,0.005187789515777843,0.9425809688573858,1457,8333,negative,0.9613316231728349,False
unable,4,22,1453,8311,0.002745367192862045,0.0026401056042241688,26,1.1436532507739938,0.19364970140115093,0.005187789515777843,0.9425809688573858,1457,8333,negative,0.9613316231728349,False
write,8,47,1449,8286,0.00549073438572409,0.005640225609024361,55,1.0230061182621957,0.03281477339226746,0.004961081613931007,0.9438474774440224,1457,8333,negative,0.9622552102737146,False
wow,10,56,1447,8277,0.0068634179821551134,0.00672026881075243,66,1.0627263973588885,0.08777021777133527,0.0037951803323237753,0.95087736724337,1457,8333,negative,0.9686813378184275,False
types,10,56,1447,8277,0.0068634179821551134,0.00672026881075243,66,1.0627263973588885,0.08777021777133527,0.0037951803323237753,0.95087736724337,1457,8333,negative,0.9686813378184275,False
approach,7,41,1450,8292,0.004804392587508579,0.004920196807872315,48,1.0331917120394711,0.047107975738980776,0.0034088118973891533,0.9534419376051997,1457,8333,negative,0.9709229204184349,False
movement,27,156,1430,8177,0.018531228551818806,0.0187207488299532,183,1.004502547758609,0.006481223238998928,0.002428377023740686,0.9606973009657165,1457,8333,negative,0.977937764175105,False
extra,14,79,1443,8254,0.009608785175017159,0.009480379215168607,93,1.0429773022854567,0.060707761657752074,0.0021731697164338658,0.9628182687709915,1457,8333,negative,0.9789754021904894,False
walk,14,79,1443,8254,0.009608785175017159,0.009480379215168607,93,1.0429773022854567,0.060707761657752074,0.0021731697164338658,0.9628182687709915,1457,8333,negative,0.9789754021904894,False
stick,14,79,1443,8254,0.009608785175017159,0.009480379215168607,93,1.0429773022854567,0.060707761657752074,0.0021731697164338658,0.9628182687709915,1457,8333,negative,0.9789754021904894,False
push,5,28,1452,8305,0.0034317089910775567,0.003360134405376215,33,1.1034876347495244,0.14207046343221644,0.0018911721610903143,0.9653128415432656,1457,8333,negative,0.9800167690610609,False
pop,5,28,1452,8305,0.0034317089910775567,0.003360134405376215,33,1.1034876347495244,0.14207046343221644,0.0018911721610903143,0.9653128415432656,1457,8333,negative,0.9800167690610609,False
mad,5,28,1452,8305,0.0034317089910775567,0.003360134405376215,33,1.1034876347495244,0.14207046343221644,0.0018911721610903143,0.9653128415432656,1457,8333,negative,0.9800167690610609,False
individual,5,28,1452,8305,0.0034317089910775567,0.003360134405376215,33,1.1034876347495244,0.14207046343221644,0.0018911721610903143,0.9653128415432656,1457,8333,negative,0.9800167690610609,False
story,162,924,1295,7409,0.11118737131091283,0.1108844353774151,1086,1.0053052136415128,0.0076335743967202,0.0011539752661010433,0.9729009048029622,1457,8333,negative,0.9873444279424047,False
own,55,316,1402,8017,0.03774879890185312,0.03792151686067443,371,1.0024330283599867,0.0035058547546184243,0.0010147052622478136,0.9745881328665561,1457,8333,negative,0.9886803509217041,False
starts,12,68,1445,8265,0.008236101578586136,0.008160326413056522,80,1.0434471945403176,0.06135759225390631,0.0008785939249383678,0.9763532985383495,1457,8333,negative,0.9900942920894789,False
board,5,29,1452,8304,0.0034317089910775567,0.0034801392055682227,34,1.0659529157793401,0.09214371420228946,0.0008404767452904072,0.9768717869112552,1457,8333,negative,0.9902434159336145,False
interactions,9,51,1448,8282,0.0061770761839396015,0.0061202448097923915,60,1.0547737699863602,0.07693359995834063,0.0006575909823600888,0.9795416600880388,1457,8333,negative,0.9925724309367964,False
created,6,34,1451,8299,0.004118050789293068,0.004080163206528261,40,1.0772813730923032,0.10739511390024181,0.0004374947185205924,0.9833123645900506,1457,8333,negative,0.9938887369632267,False
fly,6,34,1451,8299,0.004118050789293068,0.004080163206528261,40,1.0772813730923032,0.10739511390024181,0.0004374947185205924,0.9833123645900506,1457,8333,negative,0.9938887369632267,False
view,12,69,1445,8264,0.008236101578586136,0.00828033121324853,81,1.0283091409957472,0.040274047736824206,0.0002956724157376926,0.9862809491684054,1457,8333,negative,0.9938887369632267,False
require,13,74,1444,8259,0.008922443376801648,0.008880355214208569,87,1.036128708524117,0.05120322659194005,0.00024942401997103604,0.9873994023270195,1457,8333,negative,0.9938887369632267,False
reminded,3,17,1454,8316,0.002059025394646534,0.0020400816032641305,20,1.1435544860776898,0.19352510638919337,0.00021829956528023417,0.9882117131257225,1457,8333,negative,0.9938887369632267,False
strongest,3,17,1454,8316,0.002059025394646534,0.0020400816032641305,20,1.1435544860776898,0.19352510638919337,0.00021829956528023417,0.9882117131257225,1457,8333,negative,0.9938887369632267,False
scores,3,17,1454,8316,0.002059025394646534,0.0020400816032641305,20,1.1435544860776898,0.19352510638919337,0.00021829956528023417,0.9882117131257225,1457,8333,negative,0.9938887369632267,False
wondering,3,17,1454,8316,0.002059025394646534,0.0020400816032641305,20,1.1435544860776898,0.19352510638919337,0.00021829956528023417,0.9882117131257225,1457,8333,negative,0.9938887369632267,False
favor,3,17,1454,8316,0.002059025394646534,0.0020400816032641305,20,1.1435544860776898,0.19352510638919337,0.00021829956528023417,0.9882117131257225,1457,8333,negative,0.9938887369632267,False
optimizing,3,17,1454,8316,0.002059025394646534,0.0020400816032641305,20,1.1435544860776898,0.19352510638919337,0.00021829956528023417,0.9882117131257225,1457,8333,negative,0.9938887369632267,False
hearing,3,17,1454,8316,0.002059025394646534,0.0020400816032641305,20,1.1435544860776898,0.19352510638919337,0.00021829956528023417,0.9882117131257225,1457,8333,negative,0.9938887369632267,False
wears,3,17,1454,8316,0.002059025394646534,0.0020400816032641305,20,1.1435544860776898,0.19352510638919337,0.00021829956528023417,0.9882117131257225,1457,8333,negative,0.9938887369632267,False
theyll,3,17,1454,8316,0.002059025394646534,0.0020400816032641305,20,1.1435544860776898,0.19352510638919337,0.00021829956528023417,0.9882117131257225,1457,8333,negative,0.9938887369632267,False
forgiving,3,17,1454,8316,0.002059025394646534,0.0020400816032641305,20,1.1435544860776898,0.19352510638919337,0.00021829956528023417,0.9882117131257225,1457,8333,negative,0.9938887369632267,False
fell,3,17,1454,8316,0.002059025394646534,0.0020400816032641305,20,1.1435544860776898,0.19352510638919337,0.00021829956528023417,0.9882117131257225,1457,8333,negative,0.9938887369632267,False
linux,3,17,1454,8316,0.002059025394646534,0.0020400816032641305,20,1.1435544860776898,0.19352510638919337,0.00021829956528023417,0.9882117131257225,1457,8333,negative,0.9938887369632267,False
todays,3,17,1454,8316,0.002059025394646534,0.0020400816032641305,20,1.1435544860776898,0.19352510638919337,0.00021829956528023417,0.9882117131257225,1457,8333,negative,0.9938887369632267,False
excitement,3,17,1454,8316,0.002059025394646534,0.0020400816032641305,20,1.1435544860776898,0.19352510638919337,0.00021829956528023417,0.9882117131257225,1457,8333,negative,0.9938887369632267,False
letting,3,17,1454,8316,0.002059025394646534,0.0020400816032641305,20,1.1435544860776898,0.19352510638919337,0.00021829956528023417,0.9882117131257225,1457,8333,negative,0.9938887369632267,False
path,8,46,1449,8287,0.00549073438572409,0.005520220808832354,54,1.0451323593230146,0.06368566196822359,0.00019656830213621318,0.9888138000793134,1457,8333,negative,0.9938887369632267,False
depth,27,154,1430,8179,0.018531228551818806,0.018480739229569183,181,1.01775467196954,0.025389844137531432,0.00017421515794469562,0.9894689804012141,1457,8333,negative,0.9938887369632267,False
equally,4,23,1453,8310,0.002745367192862045,0.002760110404416177,27,1.094855411369475,0.13074035743056417,9.801234198495194e-05,0.9921009775070058,1457,8333,negative,0.9938887369632267,False
dropping,4,23,1453,8310,0.002745367192862045,0.002760110404416177,27,1.094855411369475,0.13074035743056417,9.801234198495194e-05,0.9921009775070058,1457,8333,negative,0.9938887369632267,False
trigger,4,23,1453,8310,0.002745367192862045,0.002760110404416177,27,1.094855411369475,0.13074035743056417,9.801234198495194e-05,0.9921009775070058,1457,8333,negative,0.9938887369632267,False
creator,4,23,1453,8310,0.002745367192862045,0.002760110404416177,27,1.094855411369475,0.13074035743056417,9.801234198495194e-05,0.9921009775070058,1457,8333,negative,0.9938887369632267,False
matchmaking,4,23,1453,8310,0.002745367192862045,0.002760110404416177,27,1.094855411369475,0.13074035743056417,9.801234198495194e-05,0.9921009775070058,1457,8333,negative,0.9938887369632267,False
arc,4,23,1453,8310,0.002745367192862045,0.002760110404416177,27,1.094855411369475,0.13074035743056417,9.801234198495194e-05,0.9921009775070058,1457,8333,negative,0.9938887369632267,False
holy,4,23,1453,8310,0.002745367192862045,0.002760110404416177,27,1.094855411369475,0.13074035743056417,9.801234198495194e-05,0.9921009775070058,1457,8333,negative,0.9938887369632267,False
channel,4,23,1453,8310,0.002745367192862045,0.002760110404416177,27,1.094855411369475,0.13074035743056417,9.801234198495194e-05,0.9921009775070058,1457,8333,negative,0.9938887369632267,False
cup,4,23,1453,8310,0.002745367192862045,0.002760110404416177,27,1.094855411369475,0.13074035743056417,9.801234198495194e-05,0.9921009775070058,1457,8333,negative,0.9938887369632267,False
cool,73,418,1384,7915,0.050102951269732326,0.05016200648025921,491,1.0041007001479514,0.0059039628333635834,9.079090177200207e-05,0.992397531056305,1457,8333,negative,0.9938887369632267,False
unlock,31,177,1426,8156,0.02127659574468085,0.02124084963398536,208,1.014715421868752,0.02107517861808023,7.620469263766129e-05,0.9930349313150811,1457,8333,negative,0.994153633828767,False
plenty,14,80,1443,8253,0.009608785175017159,0.009600384015360614,94,1.0298962795310742,0.04249905144650492,9.204530503730238e-06,0.9975793042043218,1457,8333,negative,0.998292441839577,False
unfair,7,40,1450,8293,0.004804392587508579,0.004800192007680307,47,1.0588302884062968,0.08247136959892211,4.5800640338791125e-06,0.998292441839577,1457,8333,negative,0.998292441839577,False
opposite,7,40,1450,8293,0.004804392587508579,0.004800192007680307,47,1.0588302884062968,0.08247136959892211,4.5800640338791125e-06,0.998292441839577,1457,8333,negative,0.998292441839577,False
